# ,P=0mTorr,P=2mTorr,P=10mTorr
# Energy (eV),Intensity (a.u.),Intensity (a.u.),Intensity (a.u.)
3.996,5.81874195625046,2.79106012278432,11.9166666666667
3.9912,5.02527714403449,1.67463607367059,10.8333333333333
3.9864,6.34771849772777,6.1403322701255,8.66666666666667
3.9816,5.81874195625046,6.69854429468236,11.9166666666667
3.9768,7.4056715806824,8.37318036835295,19.5
3.972,4.23181233181852,5.58212024556863,10.8333333333333
3.9672,2.90937097812523,2.79106012278432,10.8333333333333
3.9624,3.96732406107986,5.02390822101177,9.75
3.9576,3.7028357903412,5.02390822101177,13
3.9528,5.28976541477315,4.46569619645491,6.5
3.948,7.67015985142106,7.81496834379609,4.33333333333333
3.9432,7.93464812215972,5.02390822101177,10.8333333333333
3.9384,7.4056715806824,8.93139239290981,14.0833333333333
3.9336,3.7028357903412,5.58212024556863,5.41666666666667
3.9288,4.76078887329583,3.34927214734118,7.58333333333333
3.924,8.46362466363703,7.81496834379609,5.41666666666667
3.9192,5.28976541477315,3.34927214734118,6.5
3.9144,5.5542536855118,2.79106012278432,10.8333333333333
3.9096,7.14118330994375,6.69854429468236,9.75
3.9048,5.5542536855118,6.1403322701255,7.58333333333333
3.9,8.72811293437569,6.69854429468236,13
3.8952,6.34771849772777,5.02390822101177,6.5
3.8904,8.46362466363703,5.58212024556863,13
3.8856,9.52157774659166,6.69854429468236,7.58333333333333
3.8808,6.61220676846643,11.1642404911373,7.58333333333333
3.876,7.67015985142106,2.79106012278432,9.75
3.8712,7.93464812215972,9.48960441746668,8.66666666666667
3.8664,6.87669503920509,8.37318036835295,9.75
3.8616,9.52157774659166,14.5135126384784,5.41666666666667
3.8568,10.8440191002849,6.69854429468236,15.1666666666667
3.852,3.17385924886389,5.58212024556863,8.66666666666667
3.8472,8.72811293437569,3.90748417189804,3.25
3.8424,12.1664604539782,5.02390822101177,4.33333333333333
3.8376,9.78606601733032,8.93139239290981,9.75
3.8328,9.78606601733032,5.02390822101177,11.9166666666667
3.828,6.34771849772777,10.6060284665804,14.0833333333333
3.8232,7.93464812215972,7.25675631923922,10.8333333333333
3.8184,15.6048079735808,6.1403322701255,13
3.8136,11.1085073710236,9.48960441746668,13
3.8088,8.72811293437569,9.48960441746668,13
3.804,8.72811293437569,7.81496834379609,6.5
3.7992,8.19913639289837,13.3970885893647,6.5
3.7944,9.52157774659166,7.81496834379609,9.75
3.7896,18.7786672224447,5.02390822101177,11.9166666666667
3.7848,15.0758314321035,10.0478164420235,8.66666666666667
3.78,7.67015985142106,10.0478164420235,15.1666666666667
3.7752,14.0178783491488,14.5135126384784,14.0833333333333
3.7704,14.0178783491488,8.37318036835295,16.25
3.7656,16.9272493272741,10.0478164420235,7.58333333333333
3.7608,15.3403197028421,15.0717246630353,10.8333333333333
3.756,8.19913639289837,3.90748417189804,8.66666666666667
3.7512,5.5542536855118,5.02390822101177,8.66666666666667
3.7464,11.1085073710236,13.9553006139216,15.1666666666667
3.7416,14.8113431613648,10.0478164420235,11.9166666666667
3.7368,11.6374839125009,8.93139239290981,16.25
3.732,17.9852024102287,11.7224525156941,15.1666666666667
3.7272,12.1664604539782,9.48960441746668,7.58333333333333
3.7224,10.3150425588076,9.48960441746668,13
3.7176,15.3403197028421,15.6299366875922,7.58333333333333
3.7128,17.72071413949,8.37318036835295,10.8333333333333
3.708,16.6627610565354,17.8627847858196,9.75
3.7032,12.4309487247169,7.25675631923922,18.4166666666667
3.6984,17.4562258687514,10.6060284665804,10.8333333333333
3.6936,17.72071413949,18.9792088349334,9.75
3.6888,16.6627610565354,13.9553006139216,7.58333333333333
3.684,15.0758314321035,13.3970885893647,4.33333333333333
3.6792,13.4889018076715,12.280664540251,15.1666666666667
3.6744,18.7786672224447,14.5135126384784,7.58333333333333
3.6696,16.1337845150581,14.5135126384784,10.8333333333333
3.6648,18.514178951706,17.3045727612628,10.8333333333333
3.66,19.307643763922,13.9553006139216,10.8333333333333
3.6552,20.6300851176153,15.6299366875922,18.4166666666667
3.6504,22.2170147420472,21.7702689577177,9.75
3.6456,15.3403197028421,13.3970885893647,15.1666666666667
3.6408,20.101108576138,16.7463607367059,6.5
3.636,13.4889018076715,15.6299366875922,13
3.6312,17.1917375980127,25.1195411050589,13
3.6264,23.5394560957405,18.9792088349334,9.75
3.6216,25.9198505323884,12.8388765648079,16.25
3.6168,19.0431554931833,19.5374208594902,8.66666666666667
3.612,24.3329209079565,19.5374208594902,18.4166666666667
3.6072,18.7786672224447,16.188148712149,13
3.6024,25.3908739909111,16.188148712149,21.6666666666667
3.5976,21.9525264713085,17.8627847858196,17.3333333333333
3.5928,25.1263857201724,25.1195411050589,13
3.588,30.4161511349456,19.5374208594902,14.0833333333333
3.5832,23.8039443664791,17.8627847858196,13
3.5784,26.977803615343,27.9106012278432,18.4166666666667
3.5736,27.5067801568204,21.2120569331608,17.3333333333333
3.5688,26.1843388031271,20.6538449086039,16.25
3.564,29.8871745934683,20.6538449086039,26
3.5592,30.4161511349456,25.6777531296157,22.75
3.5544,32.7965455715935,22.8866930068314,17.3333333333333
3.5496,20.6300851176153,18.4209968103765,16.25
3.5448,37.028357903412,26.7941771787294,28.1666666666667
3.54,40.4667054230146,16.188148712149,19.5
3.5352,32.5320573008548,32.3762974242981,17.3333333333333
3.5304,30.6806394056842,31.8180853997412,17.3333333333333
3.5256,30.6806394056842,26.7941771787294,17.3333333333333
3.5208,33.3255221130708,24.0031170559451,18.4166666666667
3.516,34.6479634667641,27.9106012278432,11.9166666666667
3.5112,38.0863109863666,21.7702689577177,18.4166666666667
3.5064,34.1189869252868,27.9106012278432,17.3333333333333
3.5016,37.821822715628,41.8659018417648,23.8333333333333
3.4968,36.7638696326734,31.8180853997412,11.9166666666667
3.492,46.8144239207423,25.6777531296157,17.3333333333333
3.4872,36.7638696326734,46.3315980382197,20.5833333333333
3.4824,47.3434004622196,29.5852373015138,14.0833333333333
3.4776,40.9956819644919,35.1673575470824,20.5833333333333
3.4728,46.8144239207423,32.3762974242981,20.5833333333333
3.468,46.8144239207423,41.8659018417648,18.4166666666667
3.4632,45.491982567049,32.3762974242981,14.0833333333333
3.4584,45.7564708377877,38.5166296944236,13
3.4536,45.491982567049,39.0748417189804,20.5833333333333
3.4488,48.4013535451743,40.1912657680942,26
3.444,43.9050529426171,41.8659018417648,18.4166666666667
3.4392,48.6658418159129,44.0987499399922,30.3333333333333
3.4344,61.3612788113685,34.6091455225255,11.9166666666667
3.4296,51.3107245232995,31.8180853997412,27.0833333333333
3.4248,45.491982567049,38.5166296944236,23.8333333333333
3.42,50.7817479818222,36.2837815961961,32.5
3.4152,63.2126967065391,37.4002056453098,29.25
3.4104,53.6911189599474,38.5166296944236,18.4166666666667
3.4056,67.7089973090963,46.3315980382197,24.9166666666667
3.4008,65.593091143187,48.5644461364471,23.8333333333333
3.396,62.9482084358004,53.030142332902,19.5
3.3912,67.7089973090963,63.0779587749256,39
3.3864,64.799626330971,59.1704746030275,19.5
3.3816,75.9081337019946,54.1465663820158,34.6666666666667
3.3768,67.7089973090963,45.7733860136628,24.9166666666667
3.372,76.9660867849493,61.9615347258118,22.75
3.3672,74.85018061904,59.7286866275844,33.5833333333333
3.3624,77.7595515971652,65.310806873153,26
3.3576,69.2959269335282,57.4958385293569,23.8333333333333
3.3528,90.9839651340981,53.5883543574589,15.1666666666667
3.348,86.4876645315409,55.2629904311295,24.9166666666667
3.3432,84.3717583656317,56.9376265048001,32.5
3.3384,80.9334108460291,66.4272309222667,28.1666666666667
3.3336,85.9586879900636,66.9854429468236,22.75
3.3288,92.57089475853,58.6122625784707,22.75
3.324,97.5961719025645,55.2629904311295,24.9166666666667
3.3192,109.233655815065,66.4272309222667,33.5833333333333
3.3144,92.8353830292687,88.1974998799844,31.4166666666667
3.3096,109.498144085804,83.1735916589726,26
3.3048,109.498144085804,93.2214081009962,41.1666666666667
3.3,118.490745290918,58.0540505539138,31.4166666666667
3.2952,117.961768749441,61.9615347258118,26
3.2904,113.994444688361,74.2421992660628,35.75
3.2856,125.896416871601,71.4511391432785,23.8333333333333
3.2808,111.349561980975,86.5228638063138,19.5
3.276,134.889018076715,108.293132764032,41.1666666666667
3.2712,139.649806950011,109.967768837702,30.3333333333333
3.2664,143.088154469614,100.478164420235,37.9166666666667
3.2616,123.251534164214,108.293132764032,37.9166666666667
3.2568,141.501224845182,91.5467720273256,33.5833333333333
3.252,141.76571311592,99.9199523956785,43.3333333333333
3.2472,137.269412513363,103.827436567577,31.4166666666667
3.2424,148.377919884387,127.272341598965,42.25
3.2376,157.370521089501,112.758828960486,39
3.2328,158.692962443194,113.8752530096,32.5
3.228,174.826746958252,98.245316322008,28.1666666666667
3.2232,167.950051919047,114.433465034157,43.3333333333333
3.2184,180.645488914503,118.340949206055,49.8333333333333
3.2136,177.471629665639,123.364857427067,44.4166666666667
3.2088,202.069038844334,123.923069451624,44.4166666666667
3.204,196.779273429561,146.251550433898,52
3.1992,207.623292529846,144.576914360228,60.6666666666667
3.1944,203.655968468766,140.66943018833,32.5
3.1896,221.112194337517,112.20061693593,53.0833333333333
3.1848,229.311330730416,146.809762458455,57.4166666666667
3.18,227.988889376723,141.227642212886,59.5833333333333
3.1752,220.58321779604,137.320158040988,45.5
3.1704,219.525264713085,151.833670679467,61.75
3.1656,238.30393193553,130.063401721749,57.4166666666667
3.1608,266.339688633828,148.484398532126,42.25
3.156,251.263857201724,176.953211784526,75.8333333333333
3.1512,229.046842459677,180.860695956424,74.75
3.1464,257.082599157975,156.299366875922,85.5833333333333
3.1416,235.130072686666,172.487515588071,67.1666666666667
3.1368,269.513547882692,197.048844668573,66.0833333333333
3.132,276.125754651158,195.932420619459,55.25
3.1272,304.425999620194,196.490632644016,72.5833333333333
3.1224,306.806394056842,196.490632644016,89.9166666666667
3.1176,309.18678849349,185.326392152879,71.5
3.1128,274.274336755988,189.792088349334,85.5833333333333
3.108,273.480871943772,217.702689577177,58.5
3.1032,289.879144729568,188.67566430022,84.5
3.0984,298.342769393205,224.401233871859,71.5
3.0936,353.091841436107,199.2816927668,88.8333333333333
3.0888,342.512310606561,226.07586994553,47.6666666666667
3.084,352.298376623891,249.520774976918,100.75
3.0792,353.091841436107,223.843021847302,117
3.0744,381.392086405144,252.870047124259,94.25
3.0696,326.90750263298,272.965680008306,112.666666666667
3.0648,343.570263689516,263.476075590839,123.5
3.06,364.200348807131,257.893955345271,78
3.0552,394.880988212815,256.777531296157,96.4166666666667
3.0504,383.243504300314,261.801439517169,102.916666666667
3.0456,399.112800544634,272.965680008306,123.5
3.0408,432.173834386966,293.061312892353,114.833333333333
3.036,418.420444308556,300.318069211592,123.5
3.0312,407.840913479009,264.034287615396,120.25
3.0264,432.702810928443,310.365885653616,96.4166666666667
3.0216,455.184313941229,279.106012278432,87.75
3.0168,475.020934246628,333.810790685004,75.8333333333333
3.012,472.905028080719,344.975031176142,125.666666666667
3.0072,458.622661460832,317.622641972855,130
3.0024,498.031413800892,300.318069211592,127.833333333333
2.9976,477.665816954015,355.022847618165,141.916666666667
2.9928,500.676296508278,344.975031176142,127.833333333333
2.988,540.614025389815,366.187088109302,107.25
2.9832,550.135603136407,334.369002709561,136.5
2.9784,554.102927197487,317.622641972855,110.5
2.9736,581.345219083569,367.861724182973,158.166666666667
2.9688,548.813161782714,331.577942586777,162.5
2.964,555.689856821919,360.046755839177,126.75
2.9592,541.143001931293,370.0945722812,125.666666666667
2.9544,554.896392009703,398.005173509044,137.583333333333
2.9496,597.743491869365,372.885632403985,170.083333333333
2.9448,615.464206008855,400.238021607271,164.666666666667
2.94,595.098609161979,433.730743080683,170.083333333333
2.9352,608.323022698912,380.142388723224,200.416666666667
2.9304,638.474685563119,398.005173509044,153.833333333333
2.9256,647.467286768233,394.655901361702,199.333333333333
2.9208,674.445090383576,413.076898172079,149.5
2.916,700.629429186703,437.638227252581,171.166666666667
2.9112,674.974066925053,439.871075350808,177.666666666667
2.9064,690.314386627895,440.987499399922,159.25
2.9016,693.488245876759,467.223464554095,205.833333333333
2.8968,739.244716714547,432.614319031569,137.583333333333
2.892,715.969748889545,463.874192406754,184.166666666667
2.8872,710.679983474772,466.665252529538,204.75
2.8824,677.61894963244,468.339888603208,170.083333333333
2.8776,741.889599421934,505.740094248518,219.916666666667
2.8728,747.179364836707,522.486454985224,225.333333333333
2.868,764.106614163981,466.107040504981,196.083333333333
2.8632,742.154087692672,492.90121768371,239.416666666667
2.8584,748.5018061904,464.43240443131,214.5
2.8536,799.283554172222,478.945917069789,225.333333333333
2.8488,792.406859133017,483.969825290801,243.75
2.844,782.620793115687,503.507246150291,247
2.8392,812.772455979894,489.551945536369,216.666666666667
2.8344,827.31931087052,519.137182837883,243.75
2.8296,826.525846058304,522.486454985224,269.75
2.8248,864.347668773932,529.184999279907,255.666666666667
2.82,846.097978092964,585.56441376015,260
2.8152,796.638671464836,557.653812532307,254.583333333333
2.8104,860.909321254329,550.397056213067,288.166666666667
2.8056,852.97467313217,596.17044222673,232.916666666667
2.8008,808.540643648075,603.985410570526,265.416666666667
2.796,840.279236136714,557.653812532307,248.083333333333
2.7912,853.768137944386,545.931360016612,260
2.7864,845.569001551487,615.149651061664,273
2.7816,883.655312537854,633.012435847483,225.333333333333
2.7768,888.945077952627,588.913685907491,287.083333333333
2.772,818.855686206883,585.56441376015,286
2.7672,894.763819908878,604.543622595083,310.916666666667
2.7624,861.967274337284,596.17044222673,287.083333333333
2.7576,888.41610141115,622.96461940546,305.5
2.7528,871.488852083876,631.896011798369,330.416666666667
2.748,899.789097052912,642.50204026495,352.083333333333
2.7432,861.438297795807,682.135094008487,307.666666666667
2.7384,864.876645315409,678.785821861146,364
2.7336,891.325472389275,650.317008608746,319.583333333333
2.7288,935.495013602631,651.43343265786,318.5
2.724,911.162092694674,597.845078300401,290.333333333333
2.7192,956.389586990985,683.251518057601,359.666666666667
2.7144,919.625717358311,655.340916829758,355.333333333333
2.7096,911.691069236151,623.522831430016,354.25
2.7048,923.064064877914,651.991644682416,361.833333333333
2.7,949.777380222518,625.197467503687,368.333333333333
2.6952,935.230525331892,683.809730082158,313.083333333333
2.6904,973.581324588997,627.430315601915,312
2.6856,926.237924126778,694.973970573295,328.25
2.6808,918.567764275357,654.782704805201,277.333333333333
2.676,935.230525331892,660.364825050769,315.25
2.6712,1009.55172940945,684.926154131271,411.666666666667
2.6664,940.520290746665,740.189144562401,327.166666666667
2.6616,960.356911052065,708.37105916266,391.083333333333
2.6568,932.585642624506,694.973970573295,365.083333333333
2.652,926.502412397516,677.669397812032,377
2.6472,965.382188196099,669.296217443679,423.583333333333
2.6424,951.893286388427,746.329476832526,425.75
2.6376,942.636196912574,708.929271187217,393.25
2.6328,973.581324588997,688.833638303169,373.75
2.628,988.921644291839,702.788938917091,422.5
2.6232,971.465418423088,697.206818671522,400.833333333333
2.6184,961.679352405758,705.021787015318,409.5
2.6136,933.114619165983,730.141328120377,409.5
2.6088,942.371708641836,712.278543334558,456.083333333333
2.604,969.08502398644,715.627815481899,423.583333333333
2.5992,945.5455678907,739.072720513287,397.583333333333
2.5944,977.284160379339,756.935505299107,431.166666666667
2.5896,953.744704283598,756.37729327455,472.333333333333
2.5848,1016.42842444866,724.000995850252,440.916666666667
2.58,987.070226396669,762.517625544675,460.416666666667
2.5752,959.034469698371,703.905362966205,437.666666666667
2.5704,950.570845034734,771.449017937585,464.75
2.5656,997.914245496954,747.44590088164,434.416666666667
2.5608,977.0196721086,729.024904071264,417.083333333333
2.556,966.175653008315,775.91471413404,439.833333333333
2.5512,975.697230754906,758.05192934822,425.75
2.5464,985.483296772237,805.499951435554,483.166666666667
2.5416,974.374789401213,784.84610652695,456.083333333333
2.5368,951.099821576212,784.84610652695,465.833333333333
2.532,982.044949252634,783.729682477836,475.583333333333
2.5272,965.911164737576,766.425109716573,446.333333333333
2.5224,974.374789401213,780.938622355052,525.416666666667
2.5176,969.08502398644,816.664191926691,512.416666666667
2.5128,967.762582632747,825.037372295044,442
2.508,986.012273313714,804.38352738644,495.083333333333
2.5032,944.752103078484,763.634049593789,529.75
2.4984,954.538169095814,757.493717323664,448.5
2.4936,953.215727742121,784.84610652695,547.083333333333
2.4888,947.132497515132,844.574793154534,462.583333333333
2.484,956.654075261723,830.061280516056,535.166666666667
2.4792,952.157774659166,792.102862846189,463.666666666667
2.4744,930.998713000074,825.595584319601,458.25
2.4696,984.95432023076,820.013464074032,536.25
2.4648,969.349512257179,787.637166649734,501.583333333333
2.46,971.200930152349,792.661074870746,535.166666666667
2.4552,895.292796450355,814.989555853021,505.916666666667
2.4504,963.001793759451,831.17770456517,502.666666666667
2.4456,951.893286388427,802.150679288213,560.083333333333
2.4408,988.921644291839,826.153796344158,546
2.436,938.933361122233,814.431343828464,573.083333333333
2.4312,975.168254213429,786.52074260062,572
2.4264,960.885887593542,833.410552663397,576.333333333333
2.4216,992.888968352919,833.410552663397,520
2.4168,955.067145637291,765.30868566746,498.333333333333
2.412,932.321154353767,794.893922968974,626.166666666667
2.4072,944.752103078484,847.924065301875,578.5
2.4024,973.05234804752,859.088305793013,561.166666666667
2.3976,927.82485375121,782.613258428723,533
2.3928,979.929043086725,868.019698185923,608.833333333333
2.388,979.135578274509,832.294128614283,627.25
2.3832,1003.46849918247,852.38976149833,586.083333333333
2.3784,974.110301130475,880.300362726173,618.583333333333
2.3736,1003.46849918247,841.78373303175,534.083333333333
2.3688,985.483296772237,822.804524196817,600.166666666667
2.364,965.382188196099,909.32738800313,541.666666666667
2.3592,970.671953610872,809.965647632009,598
2.3544,946.868009244393,794.893922968974,632.666666666667
2.3496,938.933361122233,868.577910210479,604.5
2.3448,972.523371506043,890.906391192754,631.583333333333
2.34,1001.35259301656,833.410552663397,567.666666666667
2.3352,957.183051803201,873.601818431491,603.416666666667
2.3304,923.593041419391,878.067514627946,611
2.3256,963.26628203019,856.297245670229,596.916666666667
2.3208,945.810056161438,889.78996714364,647.833333333333
2.316,996.327315872522,893.139239290981,615.333333333333
2.3112,946.074544432177,888.673543094527,570.916666666667
2.3064,949.248403681041,879.18393867706,664.083333333333
2.3016,1032.03323242224,891.464603217311,598
2.2968,959.29895796911,837.876248859852,620.75
2.292,1005.31991707764,864.670426038581,655.416666666667
2.2872,1008.4937763265,927.19017278895,696.583333333333
2.2824,1008.4937763265,900.395995610221,603.416666666667
2.2776,975.961719025645,884.766058922629,599.083333333333
2.2728,968.556047444963,884.766058922629,684.666666666667
2.268,997.649757226215,851.273337449217,590.416666666667
2.2632,965.11769992536,850.156913400103,687.916666666667
2.2584,996.856292413999,864.112214014025,602.333333333333
2.2536,968.556047444963,852.38976149833,625.083333333333
2.2488,989.186132562578,923.282688617052,702
2.244,994.475897977351,840.667308982636,621.833333333333
2.2392,982.044949252634,935.563353157303,703.083333333333
2.2344,1006.11338188985,918.816992420597,706.333333333333
2.2296,976.226207296384,937.79620125553,653.25
2.2248,988.128179479624,929.423020887177,677.083333333333
2.22,953.215727742121,861.879365915797,738.833333333333
2.2152,962.737305488712,863.554001989468,710.666666666667
2.2104,980.458019628202,966.26501450793,700.916666666667
2.2056,966.969117820531,850.71512542466,668.416666666667
2.2008,960.621399322803,918.816992420597,763.75
2.196,1015.37047136571,892.022815241868,674.916666666667
2.1912,950.306356763996,907.094539904903,757.25
2.1864,1023.30511948786,945.05295757477,724.75
2.1816,941.57824382962,889.78996714364,774.583333333333
2.1768,982.573925794112,903.187055733005,708.5
2.172,971.200930152349,968.497862606158,750.75
2.1672,984.160855418544,959.008258188691,652.166666666667
2.1624,1001.35259301656,926.073748739836,702
2.1576,978.871090003771,940.587261378315,709.583333333333
2.1528,992.888968352919,917.700568371483,756.166666666667
2.148,1022.24716640491,894.813875364652,763.75
2.1432,993.946921435874,918.25878039604,795.166666666667
2.1384,993.153456623658,881.416786775287,719.333333333333
2.1336,1011.9321238461,930.539444936291,738.833333333333
2.1288,969.878488798656,959.008258188691,755.083333333333
2.124,967.498094362008,897.604935487436,712.833333333333
2.1192,989.450620833317,888.11533106997,739.916666666667
2.1144,985.483296772237,1020.9697929145,781.083333333333
2.1096,945.281079619961,917.700568371483,749.666666666667
2.1048,942.636196912574,985.802435367421,782.166666666667
2.1,989.450620833317,943.378321501099,695.5
2.0952,1011.40314730463,956.217198065907,783.25
2.0904,978.342113462293,942.261897451985,808.166666666667
2.0856,953.215727742121,972.963558802613,760.5
2.0808,990.508573916271,944.494745550213,804.916666666667
2.076,979.400066545248,913.793084199585,756.166666666667
2.0712,983.367390606328,851.273337449217,835.25
2.0664,954.802657366553,926.073748739836,746.416666666667
2.0616,964.324235113144,941.145473402872,744.25
2.0568,945.5455678907,972.405346778056,728
2.052,979.929043086725,938.912625304644,828.75
2.0472,973.05234804752,1015.38767266893,690.083333333333
2.0424,975.697230754906,962.915742360589,775.666666666667
2.0376,1016.16393617792,981.336739170966,842.833333333333
2.0328,1010.87417076315,995.850251809444,778.916666666667
2.028,1011.66763557536,1000.3159480059,729.083333333333
2.0232,1010.08070595093,993.05919168666,750.75
2.0184,944.752103078484,897.604935487436,775.666666666667
2.0136,975.168254213429,908.769175978574,756.166666666667
2.0088,940.784779017404,919.933416469711,814.666666666667
2.004,1001.35259301656,914.909508248699,735.583333333333
1.9992,977.813136920816,947.844017697554,833.083333333333
1.9944,985.483296772237,966.823226532487,735.583333333333
1.9896,1005.84889361911,953.98434996768,780
1.9848,974.110301130475,940.587261378315,741
1.98,988.128179479624,959.008258188691,827.666666666667
1.9752,987.070226396669,964.032166409703,842.833333333333
1.9704,999.501175121386,970.730710704385,794.083333333333
1.9656,1009.55172940945,961.241106286919,815.75
1.9608,961.679352405758,972.405346778056,767
1.956,1033.62016204667,933.330505059076,749.666666666667
1.9512,970.671953610872,925.51553671528,780
1.9464,990.77306218701,1012.59661254615,822.25
1.9416,965.382188196099,926.073748739836,822.25
1.9368,1000.55912820434,918.816992420597,871
1.932,974.903765942691,1007.57270432514,770.25
1.9272,971.200930152349,943.378321501099,843.916666666667
1.9224,951.893286388427,991.384555612989,858
1.9176,975.961719025645,936.679777206417,834.166666666667
1.9128,1015.10598309497,985.244223342864,905.666666666667
1.908,947.925962327347,1013.15482457071,806
1.9032,990.244085645533,984.686011318307,817.916666666667
1.8984,996.327315872522,1017.06230874261,736.666666666667
1.8936,998.70771030917,1004.78164420235,793
1.8888,993.946921435874,968.497862606158,847.166666666667
1.884,962.208328947235,1001.43237205501,780
1.8792,990.508573916271,947.285805672997,859.083333333333
1.8744,962.472817217974,993.617403711217,821.166666666667
1.8696,1005.84889361911,946.72759364844,861.25
1.8648,964.324235113144,943.936533525656,808.166666666667
1.86,1004.52645226542,983.569587269193,859.083333333333
1.8552,967.762582632747,975.754618925397,833.083333333333
1.8504,940.255802475926,979.103891072738,914.333333333333
1.8456,975.432742484168,955.100774016793,854.75
1.8408,1018.27984234383,1025.99370113552,845
1.836,998.178733767692,1028.7847612583,894.833333333333
1.8312,964.324235113144,971.847134753499,908.916666666667
1.8264,968.291559174224,993.617403711217,848.25
1.8216,1033.0911855052,995.850251809444,731.25
1.8168,976.490695567123,998.083099907672,900.25
1.812,1012.19661211684,973.52177082717,847.166666666667
1.8072,1023.30511948786,985.802435367421,854.75
1.8024,965.11769992536,1028.22654923374,830.916666666667
1.7976,979.400066545248,1007.01449230058,812.5
1.7928,942.900685183313,1038.83257770032,881.833333333333
1.788,996.856292413999,1029.34297328286,850.416666666667
1.7832,987.863691208885,939.470837329201,875.333333333333
1.7784,979.929043086725,955.100774016793,877.5
1.7736,963.001793759451,1008.1309163497,869.916666666667
1.7688,993.153456623658,967.381438557044,863.416666666667
1.764,997.914245496954,1037.15794162665,888.333333333333
1.7592,995.004874518829,1003.10700812868,917.583333333333
1.7544,974.110301130475,969.614286655272,900.25
1.7496,923.328553148652,952.309713894009,854.75
1.7448,968.027070903486,1014.27124861982,876.416666666667
1.74,977.284160379339,966.26501450793,827.666666666667
1.7352,979.135578274509,988.593495490205,880.75
1.7304,949.248403681041,948.960441746668,919.75
1.7256,988.392667750362,1007.57270432514,842.833333333333
1.7208,986.541249855192,1000.87416003046,910
1.716,961.679352405758,960.124682237805,933.833333333333
1.7112,973.581324588997,994.733827760331,874.25
1.7064,1016.16393617792,996.966675858558,862.333333333333
1.7016,987.599202938146,1019.29515684083,934.916666666667
1.6968,979.135578274509,998.083099907672,886.166666666667
1.692,976.226207296384,1028.7847612583,837.416666666667
1.6872,1009.02275286798,1013.71303659526,930.583333333333
1.6824,1002.93952264099,976.871042974511,962
1.6776,998.70771030917,1003.66522015324,928.416666666667
1.6728,1001.88156955803,1006.45628027602,926.25
1.668,992.359991811442,1025.43548911096,899.166666666667
1.6632,995.004874518829,1000.3159480059,929.5
1.6584,985.218808501498,983.569587269193,973.916666666667
1.6536,990.508573916271,1010.92197647248,893.75
1.6488,992.888968352919,996.966675858558,981.5
1.644,1029.12386144412,1017.62052076716,956.583333333333
1.6392,1001.35259301656,964.032166409703,926.25
1.6344,994.74038624809,999.757735981342,881.833333333333
1.6296,1026.47897873673,1019.29515684083,837.416666666667
1.6248,996.327315872522,999.757735981342,944.666666666667
1.62,984.689831960021,1023.76085303729,835.25
1.6152,999.501175121386,967.939650581601,967.416666666667
1.6104,1014.31251828275,1037.71615365121,926.25
1.6056,1014.04803001201,971.847134753499,940.333333333333
1.6008,1001.35259301656,1000.87416003046,964.166666666667
1.596,993.682433165135,1004.2234321778,895.916666666667
1.5912,996.856292413999,982.45316322008,888.333333333333
1.5864,1021.71818986343,1053.3460903388,918.666666666667
1.5816,1054.77922370577,1020.9697929145,910
1.5768,993.946921435874,1051.11324224057,868.833333333333
1.572,957.976516615416,1014.27124861982,945.75
1.5672,1008.75826459724,1039.94900174944,934.916666666667
1.5624,1003.7329874532,1000.3159480059,985.833333333333
1.5576,1010.34519422167,952.309713894009,972.833333333333
1.5528,992.888968352919,1018.73694481628,971.75
1.548,1018.01535407309,1004.78164420235,911.083333333333
1.5432,989.186132562578,1003.10700812868,902.416666666667
1.5384,993.682433165135,970.730710704385,930.583333333333
1.5336,1003.99747572394,1012.03840052159,949
1.5288,1006.37787016059,1004.2234321778,872.083333333333
1.524,919.096740816834,1018.73694481628,885.083333333333
1.5192,1008.75826459724,1004.2234321778,949
1.5144,979.400066545248,1096.88662825424,905.666666666667
1.5096,997.649757226215,995.292039784887,876.416666666667
1.5048,999.501175121386,1079.58205549297,976.083333333333
1.5,999.236686850647,983.569587269193,959.833333333333
1.4952,989.979597374794,1001.99058407957,970.666666666667
1.4904,1011.40314730463,1004.2234321778,1079
1.4856,962.737305488712,1032.13403340564,899.166666666667
1.4808,1016.42842444866,989.709919539319,986.916666666667
1.476,1005.0554288069,1014.82946064438,939.25
1.4712,959.563446239849,1003.66522015324,943.583333333333
1.4664,983.102902335589,1072.32529917373,953.333333333333
1.4616,977.0196721086,1008.1309163497,964.166666666667
1.4568,978.606601733032,1082.37311561576,1107.16666666667
1.452,940.520290746665,1013.15482457071,984.75
1.4472,989.979597374794,1050.55503021602,977.166666666667
1.4424,1003.99747572394,1033.25045745475,942.5
1.4376,1018.80881888531,1010.36376444792,991.25
1.4328,955.596122178769,1041.62363782311,926.25
1.428,1041.55481016883,1057.2535745107,1088.75
1.4232,980.193531357464,1033.25045745475,889.416666666667
1.4184,1000.55912820434,1052.22966628969,977.166666666667
1.4136,995.004874518829,952.309713894009,995.583333333333
1.4088,982.573925794112,1043.29827389678,917.583333333333
1.404,1019.86677196826,1022.08621696362,837.416666666667
1.3992,961.679352405758,965.706802483374,992.333333333333
1.3944,1000.55912820434,960.682894262362,946.833333333333
1.3896,1007.96479978502,1062.27748273171,953.333333333333
1.3848,996.591804143261,1042.18184984766,976.083333333333
1.38,1062.97836009866,1044.41469794589,970.666666666667
1.3752,989.979597374794,1057.81178653526,994.5
1.3704,998.443222038431,1000.87416003046,932.75
1.3656,954.009192554337,952.867925918566,908.916666666667
1.3608,963.795258571667,1017.62052076716,874.25
1.356,1017.48637753161,957.891834139578,889.416666666667
1.3512,967.498094362008,986.918859416534,871
1.3464,1007.43582324355,1075.11635929652,992.333333333333
1.3416,984.160855418544,990.826343588432,982.583333333333
1.3368,1010.34519422167,1003.66522015324,835.25
1.332,952.686751200643,1046.64754604412,926.25
1.3272,1015.63495963644,1010.92197647248,837.416666666667
1.3224,993.946921435874,1016.50409671805,1049.75
1.3176,1000.2946399336,1004.78164420235,984.75
1.3128,977.548648650077,1027.11012518463,1053
1.308,958.505493156894,983.011375244636,906.75
1.3032,998.443222038431,1023.20264101273,956.583333333333
1.2984,1020.92472505122,1014.27124861982,944.666666666667
1.2936,1075.67379709412,1092.42093205778,959.833333333333
1.2888,1029.12386144412,1041.62363782311,931.666666666667
1.284,1019.86677196826,1013.15482457071,902.416666666667
1.2792,988.921644291839,1019.29515684083,939.25
1.2744,1018.80881888531,988.593495490205,964.166666666667
1.2696,1011.13865903389,1042.74006187222,945.75
1.2648,1005.0554288069,1047.76397009323,1010.75
1.26,1009.02275286798,1021.52800493906,1041.08333333333
1.2552,990.508573916271,1023.76085303729,986.916666666667
1.2504,998.70771030917,985.802435367421,937.083333333333
1.2456,990.77306218701,985.244223342864,995.583333333333
1.2408,1031.50425588076,1038.83257770032,940.333333333333
1.236,969.349512257179,1039.39078972488,938.166666666667
1.2312,1042.34827498105,1070.65066310006,955.5
1.2264,1005.84889361911,986.918859416534,1003.16666666667
1.2216,1013.2545651998,1047.20575806868,953.333333333333
1.2168,969.878488798656,1009.24734039881,962
1.212,982.044949252634,1065.0685428545,1031.33333333333
1.2072,979.135578274509,1020.9697929145,1060.58333333333
1.2024,1021.18921332196,998.083099907672,983.666666666667
1.1976,1048.1670169373,1002.54879610413,956.583333333333
1.1928,997.649757226215,1058.92821058437,907.833333333333
1.188,997.120780684738,1017.62052076716,957.666666666667
1.1832,1000.82361647508,1065.62675487905,933.833333333333
1.1784,1012.72558865832,1012.59661254615,1058.41666666667
1.1736,1048.69599347878,1017.62052076716,915.416666666667
1.1688,979.929043086725,1012.03840052159,981.5
1.164,1027.53693181968,994.175615735774,1010.75
1.1592,1004.79094053616,1047.20575806868,977.166666666667
1.1544,1019.60228369752,969.614286655272,1016.16666666667
1.1496,983.367390606328,1017.06230874261,956.583333333333
1.1448,1002.41054609951,1036.5997296021,956.583333333333
1.14,1050.01843483247,1068.97602702639,923
1.1352,1013.2545651998,1027.11012518463,1059.5
1.1304,996.591804143261,1024.8772770864,995.583333333333
1.1256,984.95432023076,1001.99058407957,1017.25
1.1208,1043.406228064,1062.27748273171,992.333333333333
1.116,996.327315872522,1023.20264101273,1018.33333333333
1.1112,981.780460981896,1033.25045745475,1001
1.1064,1036.00055648332,1012.59661254615,1021.58333333333
1.1016,1001.61708128729,1019.85336886539,983.666666666667
1.0968,1032.82669723446,1033.80866947931,990.166666666667
1.092,1015.10598309497,1054.46251438791,1049.75
1.0872,1000.82361647508,1056.13715046159,932.75
1.0824,1020.39574850974,1069.53423905095,985.833333333333
1.0776,1005.84889361911,1058.36999855981,927.333333333333
1.0728,1043.93520460548,1072.88351119829,1047.58333333333
1.068,1046.05111077139,1040.50721377399,979.333333333333
1.0632,1038.11646264923,1003.66522015324,1001
1.0584,1033.62016204667,965.148590458817,1073.58333333333
1.0536,1031.23976761002,1055.57893843703,1034.58333333333
1.0488,1019.33779542679,1036.04151757754,1037.83333333333
1.044,997.385268955476,1038.83257770032,1033.5
1.0392,1005.58440534838,1019.29515684083,920.833333333333
1.0344,996.856292413999,988.593495490205,1038.91666666667
1.0296,1023.5696077586,1070.65066310006,1028.08333333333
1.0248,989.450620833317,975.19640690084,953.333333333333
1.02,1027.27244354894,993.05919168666,942.5
1.0152,1016.6929127194,1048.32218211779,1036.75
1.0104,1035.73606821258,1020.9697929145,1027
1.0056,971.465418423088,1018.17873279172,1023.75
1.0008,1007.96479978502,1007.57270432514,1008.58333333333
0.996,1031.7687441515,1039.94900174944,943.583333333333
0.9912,996.856292413999,1019.85336886539,969.583333333333
0.9864,1031.7687441515,1017.06230874261,1016.16666666667
0.9816,1033.35567377593,1023.76085303729,936
0.9768,1020.39574850974,1034.92509352842,1051.91666666667
0.972,1005.31991707764,1051.11324224057,957.666666666667
0.9672,1025.42102565377,1091.30450800867,997.75
0.9624,1047.10906385434,1013.15482457071,966.333333333333
0.9576,1003.20401091173,1097.44484027879,1047.58333333333
0.9528,1058.21757122537,966.823226532487,1069.25
0.948,1036.79402129554,1123.68080543297,913.25
0.9432,1026.21449046599,1024.8772770864,1004.25
0.9384,971.994394964565,1079.58205549297,887.25
0.9336,1023.5696077586,1016.50409671805,1035.66666666667
0.9288,1026.47897873673,1009.24734039881,1006.41666666667
0.924,976.490695567123,1073.99993524741,952.25
0.9192,1020.66023678048,1059.48642260893,1020.5
0.9144,978.342113462293,1051.11324224057,915.416666666667
0.9096,1049.75394656173,980.778527146409,995.583333333333
0.9048,993.417944894397,1023.20264101273,891.583333333333
0.9,1019.33779542679,1002.54879610413,981.5
0.8952,980.193531357464,1025.43548911096,986.916666666667
0.8904,1002.93952264099,1024.31906506184,1099.58333333333
0.8856,1016.16393617792,1053.90430236336,1053
0.8808,1017.22188926088,1090.74629598411,1014
0.876,1023.30511948786,1040.50721377399,975
0.8712,979.135578274509,1001.43237205501,1027
0.8664,1038.11646264923,1044.41469794589,1030.25
0.8616,1009.81621768019,1036.04151757754,1043.25
0.8568,1036.26504475406,1084.60596371399,1045.41666666667
0.852,1022.51165467565,1039.94900174944,1025.91666666667
0.8472,999.501175121386,1008.1309163497,879.666666666667
0.8424,1030.18181452707,1028.22654923374,1004.25
0.8376,996.856292413999,1045.53112199501,937.083333333333
0.8328,1001.08810474582,1051.11324224057,968.5
0.828,1018.80881888531,1017.06230874261,1099.58333333333
0.8232,1000.55912820434,1040.50721377399,982.583333333333
0.8184,1009.02275286798,1009.80555242337,1098.5
0.8136,983.631878877066,1000.3159480059,1016.16666666667
0.8088,1001.88156955803,1057.81178653526,1032.41666666667
0.804,1018.27984234383,1097.44484027879,977.166666666667
0.7992,1007.70031151428,995.850251809444,901.333333333333
0.7944,1016.6929127194,1018.73694481628,972.833333333333
0.7896,1024.62756084156,994.175615735774,1040
0.7848,1020.92472505122,1034.36688150387,992.333333333333
0.78,1028.85937317338,1077.34920739475,968.5
0.7752,1010.60968249241,1087.39702383677,1032.41666666667
0.7704,1001.08810474582,1086.28059978766,997.75
0.7656,993.946921435874,1049.4386061669,1031.33333333333
0.7608,985.747785042975,1015.94588469349,1035.66666666667
0.756,1014.04803001201,1086.83881181221,985.833333333333
0.7512,1031.50425588076,1070.65066310006,947.916666666667
0.7464,1026.47897873673,1111.95835291727,1016.16666666667
0.7416,1044.99315768843,955.100774016793,1001
0.7368,1015.89944790718,1037.71615365121,1009.66666666667
0.732,990.244085645533,1034.36688150387,1015.08333333333
0.7272,1006.64235843133,1100.79411242613,1018.33333333333
0.7224,1028.3303966319,1031.57582138108,1042.16666666667
0.7176,992.359991811442,1115.30762506461,1028.08333333333
0.7128,995.533851060306,1120.88974531018,968.5
0.708,1034.94260340037,1025.99370113552,996.666666666667
0.7032,988.392667750362,1045.53112199501,887.25
0.6984,1022.77614294639,1032.13403340564,972.833333333333
0.6936,1030.71079106855,1020.9697929145,1093.08333333333
0.6888,1015.89944790718,1085.7223877631,989.083333333333
0.684,983.102902335589,1091.30450800867,950.083333333333
0.6792,1009.81621768019,1107.49265672082,957.666666666667
0.6744,993.682433165135,1053.3460903388,994.5
0.6696,1013.78354174127,1090.74629598411,1037.83333333333
0.6648,1042.87725152253,1055.57893843703,1080.08333333333
0.66,995.798339331045,1048.88039414235,1094.16666666667
0.6552,987.863691208885,1054.46251438791,982.583333333333
0.6504,1005.84889361911,1061.1610586826,1025.91666666667
0.6456,1004.79094053616,1019.29515684083,967.416666666667
0.6408,1014.57700655349,1054.46251438791,954.416666666667
0.636,979.664554815986,1034.36688150387,988
0.6312,1003.7329874532,1055.57893843703,1055.16666666667
0.6264,995.269362789567,1061.71927070715,1080.08333333333
0.6216,986.276761584453,1067.85960297728,928.416666666667
0.616800000000001,1010.08070595093,1047.76397009323,951.166666666667
0.612,1004.79094053616,1013.15482457071,1080.08333333333
0.6072,994.211409706612,1072.88351119829,1029.16666666667
0.6024,992.888968352919,1020.41158088995,1016.16666666667
0.5976,1034.14913858815,1038.83257770032,923
0.592800000000001,987.334714667407,1046.64754604412,1053
0.588,1028.85937317338,1007.01449230058,959.833333333333
0.5832,992.095503540703,1000.87416003046,1036.75
0.5784,1016.42842444866,1013.71303659526,1016.16666666667
0.5736,1015.10598309497,1091.86272003323,925.166666666667
0.5688,1065.62324280605,978.545679048182,942.5
0.564,1020.92472505122,1086.28059978766,947.916666666667
0.5592,1041.02583362736,1081.8149035912,1038.91666666667
0.5544,1005.31991707764,1052.78787831424,1003.16666666667
0.5496,1047.10906385434,983.569587269193,972.833333333333
0.5448,1033.62016204667,1028.22654923374,1016.16666666667
0.54,1060.06898912054,1064.51033082994,1020.5
0.5352,1030.18181452707,1036.5997296021,988
0.5304,980.458019628202,1081.8149035912,926.25
0.5256,1022.51165467565,1042.18184984766,924.083333333333
0.5208,1045.25764595917,1012.03840052159,1016.16666666667
0.516,1027.53693181968,1058.36999855981,1004.25
0.5112,1018.54433061457,1029.90118530741,999.916666666667
0.5064,1005.58440534838,1076.79099537019,923
0.5016,1003.20401091173,1047.76397009323,991.25
0.4968,1008.4937763265,1080.69847954209,1006.41666666667
0.492,1014.31251828275,1023.76085303729,1015.08333333333
0.4872,1034.67811512963,1039.39078972488,1112.58333333333
0.4824,984.689831960021,1068.97602702639,970.666666666667
0.4776,1000.2946399336,1033.25045745475,1033.5
0.4728,974.639277671952,1079.02384346842,1017.25
0.468,1034.94260340037,1070.65066310006,1012.91666666667
0.4632,1005.84889361911,1062.83569475627,1025.91666666667
0.4584,1046.58008731287,1013.15482457071,937.083333333333
0.4536,996.062827601783,1018.17873279172,1049.75
0.4488,1010.87417076315,1044.97290997045,995.583333333333
0.444,992.095503540703,1012.59661254615,970.666666666667
0.439200000000001,1003.46849918247,1091.30450800867,1027
0.4344,998.443222038431,1014.82946064438,1002.08333333333
0.4296,1000.2946399336,965.148590458817,980.416666666667
0.4248,1023.5696077586,1020.9697929145,959.833333333333
0.42,1033.0911855052,1058.36999855981,1024.83333333333
0.4152,1050.81189964469,1042.74006187222,936
0.4104,1032.29772069298,1048.32218211779,1015.08333333333
0.4056,982.309437523373,1010.36376444792,980.416666666667
0.4008,1000.55912820434,1017.06230874261,908.916666666667
0.396,990.508573916271,1000.87416003046,991.25
0.3912,1057.68859468389,1029.34297328286,1033.5
0.3864,1026.21449046599,1012.59661254615,980.416666666667
0.3816,1016.95740099014,1041.06542579855,1002.08333333333
0.3768,1039.17441573218,994.175615735774,981.5
0.372,1044.19969287622,1034.92509352842,1048.66666666667
0.3672,1043.406228064,962.915742360589,943.583333333333
0.3624,1029.91732625633,1025.43548911096,1030.25
0.3576,1032.82669723446,1007.57270432514,971.75
0.3528,1001.88156955803,1008.1309163497,1018.33333333333
0.348,1010.60968249241,1079.58205549297,981.5
0.3432,1051.34087618616,1028.7847612583,1031.33333333333
0.3384,995.533851060306,961.241106286919,998.833333333333
0.3336,1024.09858430008,1035.48330555298,965.25
0.3288,965.646676466838,1014.82946064438,979.333333333333
0.324,999.765663392124,1020.41158088995,1007.5
0.3192,1000.2946399336,994.733827760331,1178.66666666667
0.3144,1018.54433061457,1039.94900174944,1061.66666666667
0.3096,1043.67071633474,1019.29515684083,989.083333333333
0.3048,1008.4937763265,1019.85336886539,955.5
0.3,1011.13865903389,996.966675858558,989.083333333333
0.2952,1049.22497002025,1031.57582138108,1020.5
0.2904,1060.86245393275,1087.95523586133,1040
0.2856,1042.34827498105,1032.6922454302,1057.33333333333
0.2808,1045.52213422991,1048.88039414235,1036.75
0.276,1053.72127062281,999.757735981342,1063.83333333333
0.2712,1016.16393617792,961.799318311476,997.75
0.2664,1051.86985272764,996.408463834001,1023.75
0.2616,982.309437523373,1062.27748273171,1007.5
0.2568,1026.47897873673,1080.14026751753,1036.75
0.252,1028.3303966319,1049.99681819146,967.416666666667
0.2472,1033.0911855052,1082.37311561576,946.833333333333
0.2424,973.845812859736,1028.22654923374,1030.25
0.2376,986.541249855192,1061.71927070715,958.75
0.2328,1002.93952264099,1075.67457132108,1043.25
0.228,1043.93520460548,1031.57582138108,994.5
0.2232,996.062827601783,1070.09245107551,1126.66666666667
0.2184,1049.48945829099,1057.2535745107,1021.58333333333
0.2136,1019.86677196826,991.384555612989,1010.75
0.2088,1003.46849918247,1000.87416003046,1003.16666666667
0.204,1029.38834971485,1063.95211880538,1077.91666666667
0.1992,1027.00795527821,1025.43548911096,1015.08333333333
0.1944,1010.34519422167,1044.41469794589,1008.58333333333
0.1896,984.689831960021,983.011375244636,1101.75
0.1848,974.903765942691,1003.10700812868,1001
0.18,1033.0911855052,1045.53112199501,990.166666666667
0.1752,1021.71818986343,1019.29515684083,1058.41666666667
0.1704,1016.6929127194,1075.11635929652,902.416666666667
0.1656,1025.42102565377,1098.00305230335,1048.66666666667
0.1608,1019.60228369752,1028.22654923374,1081.16666666667
0.156,1000.03015166286,1001.99058407957,937.083333333333
0.1512,998.70771030917,979.103891072738,920.833333333333
0.1464,1044.46418114696,1043.29827389678,952.25
0.1416,1071.97096130378,1075.67457132108,1048.66666666667
0.1368,1048.43150520804,1007.01449230058,964.166666666667
0.132,1059.27552430832,1057.2535745107,972.833333333333
0.1272,1078.31867980151,1022.08621696362,955.5
0.1224,1064.30080145236,1017.06230874261,1067.08333333333
0.1176,1093.65899950435,1028.22654923374,1021.58333333333
0.1128,1020.131260239,1050.55503021602,939.25
0.108,1029.38834971485,1083.48953966487,1061.66666666667
0.1032,1054.25024716429,1097.44484027879,984.75
0.0984,1008.75826459724,1111.40014089272,989.083333333333
0.0936,1050.28292310321,976.312830949954,995.583333333333
0.0888,1040.49685708588,1031.57582138108,982.583333333333
0.084000000000001,1021.45370159269,1052.78787831424,876.416666666667
0.0792,1029.38834971485,1043.29827389678,1035.66666666667
0.0744,1019.07330715605,1043.29827389678,1056.25
0.0696,1060.86245393275,1065.0685428545,980.416666666667
0.0648,1065.88773107679,1072.88351119829,1071.41666666667
0.060000000000001,1044.7286694177,1062.27748273171,1049.75
0.0552,1048.43150520804,1072.32529917373,969.583333333333
0.0504,1010.08070595093,1132.61219782588,1109.33333333333
0.0456,1053.98575889355,1016.50409671805,938.166666666667
0.0408,1034.94260340037,986.360647391978,1050.83333333333
0.036000000000001,983.102902335589,1033.25045745475,1066
0.0312,1029.91732625633,1049.4386061669,929.5
0.0264,1029.65283798559,986.918859416534,980.416666666667
0.0216,1052.13434099838,1028.7847612583,991.25
0.0168,1005.31991707764,1018.73694481628,964.166666666667
0.012000000000001,1010.34519422167,1019.85336886539,973.916666666667
0.0072,1053.45678235207,1021.52800493906,1034.58333333333
0.0024,1046.05111077139,1068.41781500184,937.083333333333
