#,gamma,,,proton,,
 #x(mm) ,        E(MeV) ,       Edep(MeV) ,, #x(mm) ,        E(MeV) ,       Edep(MeV) 
-2.5,0.811658,0,,-0.5,249.998,3.12962
2.5,0.755303,10.5939,,0.5,249.887,3770.06
7.5,0.283566,11.6227,,1.5,249.243,10335.3
12.5,0.27278,12.2258,,2.5,248.838,15357.5
17.5,0.2602,13.2259,,3.5,248.445,19628.5
22.5,0.252134,13.7115,,4.5,248.048,22997
27.5,0.244351,14.3528,,5.5,247.661,25438
32.5,0.236603,14.6739,,6.5,247.255,27488.6
37.5,0.231893,15.165,,7.5,246.869,29027.5
42.5,0.225568,15.5632,,8.5,246.479,30928.3
47.5,0.219993,16.0104,,9.5,246.084,31798.1
52.5,0.215582,16.2784,,10.5,245.688,32897.5
57.5,0.211058,16.8265,,11.5,245.285,33437.9
62.5,0.207302,17.0251,,12.5,244.896,33633.9
67.5,0.204179,17.2649,,13.5,244.487,34388.2
72.5,0.200028,17.5445,,14.5,244.1,34272.6
77.5,0.197363,17.7075,,15.5,243.702,34981.5
82.5,0.194552,17.9377,,16.5,243.3,35404.9
87.5,0.191731,17.8818,,17.5,242.898,35015.7
92.5,0.187566,18.0226,,18.5,242.501,35166.4
97.5,0.186011,18.1151,,19.5,242.104,35541.4
102.5,0.182401,18.4146,,20.5,241.707,35786.1
107.5,0.181155,18.4208,,21.5,241.301,35750.6
112.5,0.177814,18.6096,,22.5,240.9,36207.3
117.5,0.177559,18.4384,,23.5,240.493,36802.1
122.5,0.175115,18.4542,,24.5,240.094,35868.5
127.5,0.172777,18.5076,,25.5,239.695,36207.1
132.5,0.171086,18.6079,,26.5,239.3,36190.8
137.5,0.169964,18.549,,27.5,238.883,36685.5
142.5,0.167958,18.4125,,28.5,238.49,36462.2
147.5,0.166424,18.5108,,29.5,238.096,36864.1
152.5,0.163804,18.3782,,30.5,237.684,36171.1
157.5,0.163254,18.2015,,31.5,237.272,36089
162.5,0.162499,18.0252,,32.5,236.882,36576.6
167.5,0.159998,18.2025,,33.5,236.471,37928.2
172.5,0.159504,18.064,,34.5,236.066,36489.3
177.5,0.157044,17.6981,,35.5,235.662,36326.2
182.5,0.156665,17.7258,,36.5,235.261,37091.1
187.5,0.155773,17.5161,,37.5,234.848,36950.9
192.5,0.154635,17.3446,,38.5,234.444,36698.3
197.5,0.154324,17.3582,,39.5,234.033,36586.2
202.5,0.153089,17.1244,,40.5,233.631,36763.7
207.5,0.151514,17.0527,,41.5,233.221,36849.3
212.5,0.149562,16.9447,,42.5,232.809,37123.7
217.5,0.149627,16.7509,,43.5,232.398,37743
222.5,0.148008,16.5442,,44.5,231.987,37295.9
227.5,0.148091,16.5568,,45.5,231.588,37261.4
232.5,0.145591,16.1801,,46.5,231.168,37069.6
237.5,0.145489,16.0261,,47.5,230.756,36964.7
242.5,0.1455,15.8175,,48.5,230.355,37613.5
247.5,0.143778,15.8119,,49.5,229.932,37034.8
252.5,0.143413,15.349,,50.5,229.529,37090
257.5,0.142984,15.4305,,51.5,229.104,37104.7
262.5,0.140554,15.1633,,52.5,228.696,37853.8
267.5,0.140386,14.9164,,53.5,228.281,37441.8
272.5,0.140091,14.7306,,54.5,227.869,38033
277.5,0.139947,14.5083,,55.5,227.45,37629.3
282.5,0.138811,14.1122,,56.5,227.043,37738.7
287.5,0.138272,13.9469,,57.5,226.623,37781.4
292.5,0.137559,13.9154,,58.5,226.216,38266.2
297.5,0.136593,13.6786,,59.5,225.795,37350.6
302.5,0.136471,13.501,,60.5,225.376,37371.9
307.5,0.135924,13.0369,,61.5,224.962,38363.3
312.5,0.135327,13.1297,,62.5,224.538,38043.8
317.5,0.135694,12.8318,,63.5,224.124,38080.1
322.5,0.13371,12.5309,,64.5,223.697,38325.1
327.5,0.133239,12.4284,,65.5,223.27,37353.2
332.5,0.134377,12.0769,,66.5,222.857,38412.1
337.5,0.132425,12.0032,,67.5,222.438,38022.1
342.5,0.131744,11.634,,68.5,222.014,38389.8
347.5,0.131199,11.5731,,69.5,221.599,37906.5
352.5,0.13175,11.3065,,70.5,221.178,37925
357.5,0.130501,11.0243,,71.5,220.755,38492.7
362.5,0.131268,10.9374,,72.5,220.332,38735.1
367.5,0.128719,10.7739,,73.5,219.902,38407.5
372.5,0.127796,10.6374,,74.5,219.488,38830
377.5,0.129264,10.4226,,75.5,219.062,38627.3
382.5,0.128606,10.2268,,76.5,218.635,38669.3
387.5,0.127343,10.0442,,77.5,218.204,38320.1
392.5,0.127509,9.83341,,78.5,217.78,38886
397.5,0.12805,9.62804,,79.5,217.342,39152.8
402.5,0.127002,9.44996,,80.5,216.927,38780.5
407.5,0.126646,9.19929,,81.5,216.489,38941.5
412.5,0.126239,9.34782,,82.5,216.038,38993.6
417.5,0.126234,8.89517,,83.5,215.582,38810.9
422.5,0.126026,8.6386,,84.5,215.186,39382.8
427.5,0.126417,8.61292,,85.5,214.77,38891
432.5,0.124629,8.4793,,86.5,214.334,39028.2
437.5,0.123276,8.22493,,87.5,213.902,39867.2
442.5,0.12522,8.01641,,88.5,213.473,39461.4
447.5,0.124698,7.95339,,89.5,213.043,38925.7
452.5,0.123223,7.75557,,90.5,212.616,39324.2
457.5,0.12355,7.41082,,91.5,212.164,39385.7
462.5,0.123754,7.37486,,92.5,211.743,40044.8
467.5,0.123676,7.3157,,93.5,211.299,39275.3
472.5,0.122225,7.06698,,94.5,210.858,39331.8
477.5,0.122972,6.85986,,95.5,210.418,39571.5
482.5,0.122446,6.72878,,96.5,209.987,39946.8
487.5,0.122091,6.58298,,97.5,209.55,39639.8
492.5,0.120608,6.55435,,98.5,209.13,40115.1
497.5,0.120615,6.32272,,99.5,208.684,40344.5
502.5,0.120224,6.22317,,100.5,208.23,40626.7
507.5,0.121444,6.17838,,101.5,207.792,39994.2
512.5,0.120085,5.92774,,102.5,207.352,40474
517.5,0.120008,5.75258,,103.5,206.898,40028.3
522.5,0.119843,5.68467,,104.5,206.454,40630.3
527.5,0.120082,5.62459,,105.5,206.014,40736.2
532.5,0.118297,5.50731,,106.5,205.574,41205
537.5,0.119521,5.3985,,107.5,205.131,39833.4
542.5,0.119852,5.22692,,108.5,204.688,40411.4
547.5,0.119985,5.0451,,109.5,204.229,40957.7
552.5,0.118861,5.07321,,110.5,203.793,40888.7
557.5,0.118569,4.8381,,111.5,203.334,40720.2
562.5,0.117629,4.75165,,112.5,202.869,40395.8
567.5,0.1194,4.64846,,113.5,202.439,40907.5
572.5,0.117816,4.55946,,114.5,201.993,41273
577.5,0.11919,4.37787,,115.5,201.532,41052.4
582.5,0.11669,4.35213,,116.5,201.096,41105.1
587.5,0.115702,4.3011,,117.5,200.657,41522.5
592.5,0.116401,4.12425,,118.5,200.195,41044.3
597.5,0.115671,4.08273,,119.5,199.745,41679.2
602.5,0.117025,3.98726,,120.5,199.291,41779.5
607.5,0.116536,3.87156,,121.5,198.821,41524.4
612.5,0.115725,3.84237,,122.5,198.384,41594.2
617.5,0.113982,3.66758,,123.5,197.912,41486.8
622.5,0.114363,3.61626,,124.5,197.455,41543.1
627.5,0.115251,3.55819,,125.5,197.005,41865.5
632.5,0.115182,3.44862,,126.5,196.524,41369.3
637.5,0.115174,3.33585,,127.5,196.088,41641.3
642.5,0.113049,3.23224,,128.5,195.631,41820.5
647.5,0.113525,3.14671,,129.5,195.162,42152.6
652.5,0.112933,3.07472,,130.5,194.708,42549.6
657.5,0.114742,2.98225,,131.5,194.168,42513.4
662.5,0.115012,2.9074,,132.5,193.739,42091.7
667.5,0.114231,2.84529,,133.5,193.282,42345.4
672.5,0.114666,2.80146,,134.5,192.846,42223
677.5,0.114725,2.70518,,135.5,192.358,42350.9
682.5,0.115018,2.59941,,136.5,191.886,42571.8
687.5,0.113614,2.61962,,137.5,191.456,42932.3
692.5,0.113332,2.51562,,138.5,190.972,42310.1
697.5,0.113058,2.52399,,139.5,190.515,42964.6
702.5,0.112918,2.43724,,140.5,190.049,42809.5
707.5,0.112915,2.37979,,141.5,189.582,42620.2
712.5,0.111489,2.32416,,142.5,189.102,42703.9
717.5,0.112846,2.27369,,143.5,188.642,43019.1
722.5,0.113114,2.18591,,144.5,188.162,43296.3
727.5,0.113503,2.18437,,145.5,187.682,42930.8
732.5,0.11231,2.07571,,146.5,187.248,43246.6
737.5,0.111625,2.05864,,147.5,186.767,43094.6
742.5,0.109235,2.03808,,148.5,186.263,42913.8
747.5,0.111897,2.00205,,149.5,185.811,43788.4
752.5,0.112024,1.88772,,150.5,185.333,43601.5
757.5,0.110844,1.86087,,151.5,184.859,44127.2
762.5,0.110669,1.8139,,152.5,184.375,43505.9
767.5,0.109878,1.76566,,153.5,183.904,44349.9
772.5,0.109758,1.72152,,154.5,183.422,44293.1
777.5,0.108882,1.69532,,155.5,182.94,43689.3
782.5,0.111095,1.65978,,156.5,182.467,43464.3
787.5,0.111932,1.63412,,157.5,181.987,43818
792.5,0.110686,1.54341,,158.5,181.509,44258.9
797.5,0.107435,1.52971,,159.5,181.028,44099.2
802.5,0.110413,1.46864,,160.5,180.542,44096.8
807.5,0.107541,1.45038,,161.5,180.063,44479.2
812.5,0.108433,1.38999,,162.5,179.576,44328.8
817.5,0.111916,1.34334,,163.5,179.078,44272.9
822.5,0.110738,1.30723,,164.5,178.625,44636.1
827.5,0.110456,1.29119,,165.5,178.124,44728.2
832.5,0.109461,1.25314,,166.5,177.622,44324.8
837.5,0.108906,1.20783,,167.5,177.139,45012
842.5,0.109621,1.17764,,168.5,176.644,44936.6
847.5,0.110398,1.13621,,169.5,176.152,45073.3
852.5,0.108451,1.11964,,170.5,175.648,44469.5
857.5,0.109733,1.13498,,171.5,175.188,44828.2
862.5,0.106889,1.01004,,172.5,174.681,45555.3
867.5,0.108875,1.02217,,173.5,174.139,45622
872.5,0.107757,1.0055,,174.5,173.697,44786.5
877.5,0.107363,0.965489,,175.5,173.2,45801.4
882.5,0.108249,0.987613,,176.5,172.706,45061.8
887.5,0.108008,0.899713,,177.5,172.23,46082.3
892.5,0.108961,0.907385,,178.5,171.707,45712.9
897.5,0.107591,0.857872,,179.5,171.218,45739.5
902.5,0.111529,0.861705,,180.5,170.703,45414.8
907.5,0.106223,0.826265,,181.5,170.2,45912.6
912.5,0.107368,0.833268,,182.5,169.711,46109.5
917.5,0.107598,0.795989,,183.5,169.216,46570.9
922.5,0.104792,0.762206,,184.5,168.7,46499.4
927.5,0.110767,0.765937,,185.5,168.077,46251.4
932.5,0.104838,0.769242,,186.5,167.591,47040.1
937.5,0.105014,0.724829,,187.5,167.168,45749.5
942.5,0.109613,0.702928,,188.5,166.677,46776.7
947.5,0.106319,0.677581,,189.5,166.176,47093.6
952.5,0.107175,0.65766,,190.5,165.651,46012.3
957.5,0.107088,0.623346,,191.5,165.131,47247.2
962.5,0.109979,0.599037,,192.5,164.641,47298
967.5,0.10788,0.590903,,193.5,164.122,46800.4
972.5,0.106878,0.62445,,194.5,163.616,47652.4
977.5,0.105499,0.567843,,195.5,163.101,47676
982.5,0.105344,0.539115,,196.5,162.574,48107.9
987.5,0.106119,0.516788,,197.5,162.066,48718.6
992.5,0.107823,0.542665,,198.5,161.521,48071.2
997.5,0.104885,0.533786,,199.5,161.037,47497
1002.5,0.105063,0.528559,,200.5,160.512,47735
1007.5,0.104943,0.472306,,201.5,159.976,47869.9
1012.5,0.104608,0.448028,,202.5,159.446,48083.8
1017.5,0.108528,0.480897,,203.5,158.929,48532.7
1022.5,0.106981,0.458758,,204.5,158.405,48749
1027.5,0.106408,0.425685,,205.5,157.861,48949.9
1032.5,0.105391,0.417346,,206.5,157.341,48931.1
1037.5,0.107426,0.406263,,207.5,156.808,48896.7
1042.5,0.103956,0.39637,,208.5,156.274,48670.1
1047.5,0.108798,0.376544,,209.5,155.762,48908
1052.5,0.106435,0.363724,,210.5,155.21,48686.6
1057.5,0.105491,0.341806,,211.5,154.666,50108.4
1062.5,0.107723,0.367048,,212.5,154.137,49112.2
1067.5,0.102021,0.335185,,213.5,153.6,49186.9
1072.5,0.107834,0.333501,,214.5,153.064,49552.8
1077.5,0.104246,0.307429,,215.5,152.509,50762.6
1082.5,0.0998316,0.33173,,216.5,151.969,49499.1
1087.5,0.10615,0.305501,,217.5,151.421,49650.6
1092.5,0.107057,0.302882,,218.5,150.873,50387.7
1097.5,0.105428,0.28908,,219.5,150.34,50794.2
1102.5,0.106889,0.282496,,220.5,149.775,51158.2
1107.5,0.104402,0.275704,,221.5,149.22,50722.1
1112.5,0.102559,0.245876,,222.5,148.684,51137.6
1117.5,0.104738,0.258798,,223.5,148.124,51690.6
1122.5,0.107111,0.239242,,224.5,147.566,51241.1
1127.5,0.104076,0.249987,,225.5,147.014,51454.7
1132.5,0.103024,0.248777,,226.5,146.454,51890.4
1137.5,0.10438,0.245744,,227.5,145.9,51423.6
1142.5,0.104719,0.211595,,228.5,145.279,52389.9
1147.5,0.105304,0.205291,,229.5,144.744,52066.7
1152.5,0.10328,0.202865,,230.5,144.188,52509.8
1157.5,0.109596,0.190857,,231.5,143.647,51947.1
1162.5,0.105739,0.201202,,232.5,143.068,52225.7
1167.5,0.104239,0.179483,,233.5,142.514,52569.9
1172.5,0.0969087,0.181746,,234.5,141.924,52576.3
1177.5,0.104069,0.161549,,235.5,141.343,53430.1
1182.5,0.097504,0.175055,,236.5,140.763,53335.6
1187.5,0.103097,0.178659,,237.5,140.209,53598.8
1192.5,0.104712,0.171582,,238.5,139.614,53309.7
1197.5,0.103609,0.153075,,239.5,139.05,53316.2
1202.5,0.101934,0.162659,,240.5,138.454,53925.5
1207.5,0.105373,0.16334,,241.5,137.882,53754.3
1212.5,0.107945,0.159113,,242.5,137.298,53521.4
1217.5,0.105726,0.144914,,243.5,136.707,54918.2
1222.5,0.10641,0.144843,,244.5,136.09,54102.6
1227.5,0.103674,0.133115,,245.5,135.55,54709.8
1232.5,0.0963895,0.143272,,246.5,134.962,54369.1
1237.5,0.105605,0.139503,,247.5,134.348,54563.1
1242.5,0.104749,0.132127,,248.5,133.757,55031.1
1247.5,0.109357,0.126185,,249.5,133.163,55196.9
1252.5,0.108516,0.117258,,250.5,132.584,55238.8
1257.5,0.106914,0.122243,,251.5,131.996,54413.9
1262.5,0.0996211,0.113126,,252.5,131.402,55785.6
1267.5,0.102311,0.108525,,253.5,130.797,55489.5
1272.5,0.110692,0.10818,,254.5,130.181,55454.9
1277.5,0.104291,0.107015,,255.5,129.584,55667.4
1282.5,0.101763,0.0878732,,256.5,128.983,56069
1287.5,0.103482,0.114059,,257.5,128.378,57014.2
1292.5,0.10236,0.0876877,,258.5,127.768,56625.6
1297.5,0.109981,0.0919912,,259.5,127.159,56575.2
1302.5,0.113231,0.0908363,,260.5,126.533,56679.9
1307.5,0.112268,0.0872069,,261.5,125.933,57665.8
1312.5,0.0985525,0.097482,,262.5,125.33,57817.5
1317.5,0.112419,0.068036,,263.5,124.694,56193.3
1322.5,0.11427,0.0738967,,264.5,124.084,57873.1
1327.5,0.104873,0.0718746,,265.5,123.462,58404.8
1332.5,0.110413,0.082329,,266.5,122.805,58183.8
1337.5,0.104265,0.0800957,,267.5,122.183,58638.7
1342.5,0.11158,0.0743112,,268.5,121.588,57978.6
1347.5,0.09584,0.0710826,,269.5,120.943,59151.9
1352.5,0.0968481,0.0670879,,270.5,120.297,59158.6
1357.5,0.101977,0.0654441,,271.5,119.653,58931.3
1362.5,0.109426,0.0659992,,272.5,119.007,59292.9
1367.5,0.0977749,0.0641208,,273.5,118.39,60096.9
1372.5,0.110614,0.0624725,,274.5,117.709,59921.7
1377.5,0.092363,0.0588623,,275.5,117.122,60031.5
1382.5,0.110495,0.0548975,,276.5,116.448,60176
1387.5,0.106801,0.054759,,277.5,115.804,60336.7
1392.5,0.0940335,0.0585516,,278.5,115.124,60666.6
1397.5,0.102819,0.0500629,,279.5,114.481,61223.1
1402.5,0.102104,0.0610536,,280.5,113.835,62003.1
1407.5,0.099777,0.0501148,,281.5,113.136,61695.5
1412.5,0.107263,0.0522379,,282.5,112.501,62563.9
1417.5,0.0976426,0.0473802,,283.5,111.821,62459.9
1422.5,0.0978182,0.0547395,,284.5,111.138,62579.9
1427.5,0.104317,0.0405021,,285.5,110.435,64471.1
1432.5,0.104214,0.0425587,,286.5,109.776,64235.2
1437.5,0.0940231,0.0413041,,287.5,109.097,63715.7
1442.5,0.10813,0.0439347,,288.5,108.408,63734.6
1447.5,0.085932,0.0382813,,289.5,107.714,64245.3
1452.5,0.0985557,0.0410593,,290.5,107.011,64722.8
1457.5,0.106562,0.0373984,,291.5,106.304,65289.2
1462.5,0.111441,0.0351151,,292.5,105.598,65667.6
1467.5,0.0896011,0.0363845,,293.5,104.905,66367.9
1472.5,0.0884544,0.0326102,,294.5,104.165,66410.2
1477.5,0.085422,0.0396238,,295.5,103.449,66272.1
1482.5,0.0900585,0.0419264,,296.5,102.73,66703.7
1487.5,0.0959196,0.0322751,,297.5,102.009,67595.3
1492.5,0.093197,0.0294752,,298.5,101.296,68388.9
1497.5,0.0961925,0.0312712,,299.5,100.563,69133.7
1502.5,0.0965742,0.0328259,,300.5,99.8308,68518.2
1507.5,0.10835,0.0258331,,301.5,99.0547,68928.3
1512.5,0.0977356,0.0218695,,302.5,98.3348,70132.3
1517.5,0.109881,0.0250141,,303.5,97.5811,70250.7
1522.5,0.113513,0.0203384,,304.5,96.8464,70220
1527.5,0.103774,0.0269409,,305.5,96.0969,70605.8
1532.5,0.108854,0.0248939,,306.5,95.2899,70828.8
1537.5,0.0976088,0.0217528,,307.5,94.5854,71215.2
1542.5,0.0997309,0.0254438,,308.5,93.7976,72622.8
1547.5,0.0931814,0.0182697,,309.5,93.0336,71806.4
1552.5,0.0956485,0.0214157,,310.5,92.2407,74169.1
1557.5,0.0960125,0.0218718,,311.5,91.4387,73036.7
1562.5,0.0949632,0.0155781,,312.5,90.6255,73762.8
1567.5,0.105609,0.0217163,,313.5,89.8781,75063.4
1572.5,0.092752,0.0237927,,314.5,89.1008,74221
1577.5,0.105417,0.0134154,,315.5,88.2915,75755.8
1582.5,0.0850688,0.0236226,,316.5,87.4664,76433.6
1587.5,0.0901211,0.0208986,,317.5,86.6405,77709
1592.5,0.0956726,0.0178086,,318.5,85.796,77592.2
1597.5,0.0743225,0.0194589,,319.5,84.9457,78730.6
1602.5,0.108594,0.0192247,,320.5,84.1733,77630.5
1607.5,0.0973308,0.00972019,,321.5,83.3222,78506
1612.5,0.0988762,0.0114767,,322.5,82.4462,79824.9
1617.5,0.102787,0.0153352,,323.5,81.5704,81221.2
1622.5,0.115152,0.0169016,,324.5,80.7196,81715.6
1627.5,0.0962178,0.013959,,325.5,79.8463,82305.6
1632.5,0.108107,0.00964626,,326.5,78.9723,83770.7
1637.5,0.120557,0.0102901,,327.5,78.1064,84530.2
1642.5,0.116951,0.0124082,,328.5,77.2261,85522.4
1647.5,0.115509,0.0105489,,329.5,76.2803,85251.7
1652.5,0.0829711,0.0091246,,330.5,75.3941,86400.9
1657.5,0.095378,0.0130798,,331.5,74.5122,87989
1662.5,0.0890762,0.00887131,,332.5,73.5743,88787.4
1667.5,0.0994746,0.00892401,,333.5,72.6455,89848.2
1672.5,0.0947781,0.0079105,,334.5,71.6891,90574.5
1677.5,0.119493,0.00998496,,335.5,70.7508,91820
1682.5,0.0821625,0.0110908,,336.5,69.8101,92558.3
1687.5,0.0821534,0.0097394,,337.5,68.8623,92517.1
1692.5,0.100808,0.00776833,,338.5,67.869,94773
1697.5,0.0832167,0.00774931,,339.5,66.8542,96785.7
1702.5,0.0868996,0.00886899,,340.5,65.8755,96129.6
1707.5,0.121054,0.00698588,,341.5,64.8382,98845.2
1712.5,0.0966395,0.012982,,342.5,63.8799,99070.3
1717.5,0.0802248,0.0064926,,343.5,62.8247,100467
1722.5,0.0795896,0.00602913,,344.5,61.7476,101182
1727.5,0.104305,0.00834876,,345.5,60.6683,104937
1732.5,0.0822398,0.0113973,,346.5,59.5745,106035
1737.5,0.0776611,0.0087598,,347.5,58.4474,109017
1742.5,0.0697516,0.00653432,,348.5,57.3882,109406
1747.5,0.0835803,0.00609045,,349.5,56.2037,112159
1752.5,0.0820446,0.00638279,,350.5,55.0843,114796
1757.5,0.0884492,0.00855774,,351.5,53.9174,116362
1762.5,0.0977201,0.00540385,,352.5,52.7425,118848
1767.5,0.0689121,0.00566986,,353.5,51.546,121367
1772.5,0.0648752,0.00514936,,354.5,50.2659,124712
1777.5,0.0938642,0.00456607,,355.5,49.0147,127398
1782.5,0.095639,0.00584095,,356.5,47.6208,131492
1787.5,0.0847658,0.00536213,,357.5,46.1576,135833
1792.5,0.118525,0.00791688,,358.5,44.7434,137985
1797.5,0.141598,0.00312474,,359.5,43.1254,143008
1802.5,0.095564,0.00188539,,360.5,41.4537,150049
1807.5,0.170427,0.00343993,,361.5,39.6536,154547
1812.5,0.0932886,0.00459503,,362.5,37.598,160431
1817.5,0.110243,0.00301613,,363.5,35.4956,168730
1822.5,0.0818439,0.00294321,,364.5,33.1078,177959
1827.5,0.139733,0.00284218,,365.5,30.5552,185976
1832.5,0.0879585,0.0035792,,366.5,27.9733,196685
1837.5,0.163337,0.00118777,,367.5,25.2939,209519
1842.5,0.0648434,0.00188079,,368.5,22.6056,222737
1847.5,0.131747,0.00391643,,369.5,19.9767,239121
1852.5,0.0822209,0.00297244,,370.5,17.6326,253358
1857.5,0.0624226,0.00188311,,371.5,15.6197,266274
1862.5,0.112561,0.00140599,,372.5,13.8699,276630
1867.5,0.0889361,0.00225916,,373.5,12.3643,281075
1872.5,0.13695,0.00143379,,374.5,11.0848,277539
1877.5,0.0727916,0.00181475,,375.5,10.0237,264596
1882.5,0.0886573,0.00196508,,376.5,9.11034,243346
1887.5,0.109061,0.00069248,,377.5,8.37197,211689
1892.5,0.127124,0.00179569,,378.5,7.65277,177911
1897.5,0.118477,0.00562988,,379.5,7.09195,137881
1902.5,0.164732,0.00185214,,380.5,6.69523,100807
1907.5,0.0543148,0.00448124,,381.5,6.29982,70681.2
1912.5,0.0962942,0.0013328,,382.5,5.91299,46386.1
1917.5,0.0901874,0.00290207,,383.5,5.58678,28137.7
1922.5,0.108487,0.00224613,,384.5,5.26893,16088.5
1927.5,0.0982296,0.00229357,,385.5,5.09523,8438.51
1932.5,0.0808932,0.00124422,,386.5,4.61677,4314.73
1937.5,0.0851387,0.00286708,,387.5,4.6411,1863.53
1942.5,0.0974758,0.00121557,,388.5,4.09851,801.624
1947.5,0.120588,0.00072457,,389.5,4.57265,266.651
1952.5,0.0823757,0.00065076,,390.5,4.72881,101.37
1957.5,0.12745,0.00231851,,391.5,5.08315,48.8814
1962.5,0.127958,0.00063715,,392.5,2.99147,20.635
1967.5,0.0816292,0.00222177,,393.5,0.622345,3.06615
1972.5,0.147655,0.00118719,,394.5,0,0
1977.5,0.135618,0.00063572,,395.5,0,0
1982.5,0.223799,0.0016686,,396.5,0,0
1987.5,0.214492,0.0006085,,397.5,0,0
1992.5,0.153192,0.00066611,,398.5,0,0
1997.5,0.216231,0.00118777,,399.5,0,0
2002.5,0.0626103,0.00112958,,400.5,0,0
2007.5,0.144442,4.141E-05,,401.5,0,0
2012.5,0.0716856,0.0006085,,402.5,0,0
2017.5,0.129538,0.00227594,,403.5,0,0
2022.5,0.0528271,2.923E-05,,404.5,0,0
2027.5,0.0616069,4.284E-05,,405.5,0,0
2032.5,0.0899333,0.00116024,,406.5,0,0
2037.5,0.0513619,0.00114636,,407.5,0,0
2042.5,0.081183,7.18E-05,,408.5,0,0
2047.5,0,0,,409.5,0,0
2052.5,0.0404917,5.761E-05,,410.5,0,0
2057.5,0.222259,0.00057985,,411.5,0,0
2062.5,0.0971162,0.00057869,,412.5,0,0
2067.5,0.149024,0.00059288,,413.5,0,0
2072.5,0.192955,0.00059431,,414.5,0,0
2077.5,0.121136,0.0011174,,415.5,0,0
2082.5,0.0596732,0.00063746,,416.5,0,0
2087.5,0.271458,0.00058012,,417.5,0,0
2092.5,0.0437109,1.419E-05,,418.5,0,0
2097.5,0.0482655,0.00065049,,419.5,0,0
2102.5,0,0,,420.5,0,0
2107.5,0.0671375,0.00062412,,421.5,0,0
2112.5,0.325024,0.00056651,,422.5,0,0
2117.5,0,0,,423.5,0,0
2122.5,0.073731,5.846E-05,,424.5,0,0
2127.5,0.0457417,0.00058012,,425.5,0,0
2132.5,0.0502734,0.00059288,,426.5,0,0
2137.5,0.16128,0.00010103,,427.5,0,0
2142.5,0.328163,0.00056508,,428.5,0,0
2147.5,0.0349399,0.00058012,,429.5,0,0
2152.5,0.010286,0.00162545,,430.5,0,0
2157.5,0.0568517,0.00056651,,431.5,0,0
2162.5,0.0606535,0.00113217,,432.5,0,0
2167.5,0.0761905,0.00053728,,433.5,0,0
2172.5,0.0655462,0.00062327,,434.5,0,0
2177.5,0.236752,0.00056566,,435.5,0,0
2182.5,0,0,,436.5,0,0
2187.5,0.0544158,0.00062153,,437.5,0,0
2192.5,0.0536005,0.00058012,,438.5,0,0
2197.5,0.0492386,1.419E-05,,439.5,0,0
2202.5,0.082433,1.419E-05,,440.5,0,0
2207.5,0.0707073,2.78E-05,,441.5,0,0
2212.5,0,0.00053728,,442.5,0,0
2217.5,0.0614338,4.284E-05,,443.5,0,0
2222.5,0.118779,5.703E-05,,444.5,0,0
2227.5,0.158778,7.122E-05,,445.5,0,0
2232.5,0.0720822,0.00053728,,446.5,0,0
2237.5,0.102125,0.0005645,,447.5,0,0
2242.5,0.102101,0.00166887,,448.5,0,0
2247.5,0.0968473,0.00107456,,449.5,0,0
2252.5,0,0,,450.5,0,0
2257.5,0,0,,451.5,0,0
2262.5,0,0.00053728,,452.5,0,0
2267.5,0,0,,453.5,0,0
2272.5,0.108216,0.00108817,,454.5,0,0
2277.5,0,0,,455.5,0,0
2282.5,0,0,,456.5,0,0
2287.5,0,0,,457.5,0,0
2292.5,0.669242,1.419E-05,,458.5,0,0
2297.5,0,0,,459.5,0,0
2302.5,0,0.00053728,,460.5,0,0
2307.5,0,0,,461.5,0,0
2312.5,0,0,,462.5,0,0
2317.5,0,0,,463.5,0,0
2322.5,0,0,,464.5,0,0
2327.5,0,0,,465.5,0,0
2332.5,0.206982,1.361E-05,,466.5,0,0
2337.5,0.142858,0.00055147,,467.5,0,0
2342.5,0,0,,468.5,0,0
2347.5,0.0879795,0.00010103,,469.5,0,0
2352.5,0.0511001,0.00059431,,470.5,0,0
2357.5,0,0,,471.5,0,0
2362.5,0.0502111,0.00164022,,472.5,0,0
2367.5,0,0,,473.5,0,0
2372.5,0,0,,474.5,0,0
2377.5,0,0,,475.5,0,0
2382.5,0.0631163,0.00053728,,476.5,0,0
2387.5,0.143492,0.00107456,,477.5,0,0
2392.5,0.151515,1.419E-05,,478.5,0,0
2397.5,0.0318339,0.00055089,,479.5,0,0
2402.5,0.019676,0.00107456,,480.5,0,0
2407.5,0,0,,481.5,0,0
2412.5,0,0,,482.5,0,0
2417.5,0,0.00053728,,483.5,0,0
2422.5,0,0,,484.5,0,0
2427.5,0,0,,485.5,0,0
2432.5,0,0,,486.5,0,0
2437.5,0,0,,487.5,0,0
2442.5,0,0,,488.5,0,0
2447.5,0,0,,489.5,0,0
2452.5,0,0,,490.5,0,0
2457.5,0,0,,491.5,0,0
2462.5,0,0,,492.5,0,0
2467.5,0,0,,493.5,0,0
2472.5,0,0,,494.5,0,0
2477.5,0,0,,495.5,0,0
2482.5,0,0,,496.5,0,0
2487.5,0,0,,497.5,0,0
2492.5,0,0,,498.5,0,0
2497.5,0,0,,499.5,0,0
2502.5,0,0,,500.5,0,0
2507.5,0,0,,,,
2512.5,0,0,,,,
2517.5,0,0,,,,
2522.5,0,0,,,,
2527.5,0,0,,,,
2532.5,0,0,,,,
2537.5,0,0,,,,
2542.5,0,0,,,,
2547.5,0,0,,,,
2552.5,0,0,,,,
2557.5,0,0,,,,
2562.5,0,0,,,,
2567.5,0,0,,,,
2572.5,0,0,,,,
2577.5,0,0,,,,
2582.5,0,0,,,,
2587.5,0,0,,,,
2592.5,0,0,,,,
2597.5,0,0,,,,
2602.5,0,0,,,,
2607.5,0,0,,,,
2612.5,0,0,,,,
2617.5,0,0,,,,
2622.5,0,0,,,,
2627.5,0,0,,,,
2632.5,0,0,,,,
2637.5,0,0,,,,
2642.5,0,0,,,,
2647.5,0,0,,,,
2652.5,0,0,,,,
2657.5,0,0,,,,
2662.5,0,0,,,,
2667.5,0,0,,,,
2672.5,0,0,,,,
2677.5,0,0,,,,
2682.5,0,0,,,,
2687.5,0,0,,,,
2692.5,0,0,,,,
2697.5,0,0,,,,
2702.5,0,0,,,,
2707.5,0,0,,,,
2712.5,0,0,,,,
2717.5,0,0,,,,
2722.5,0,0,,,,
2727.5,0,0,,,,
2732.5,0,0,,,,
2737.5,0,0,,,,
2742.5,0,0,,,,
2747.5,0,0,,,,
2752.5,0,0,,,,
2757.5,0,0,,,,
2762.5,0,0,,,,
2767.5,0,0,,,,
2772.5,0,0,,,,
2777.5,0,0,,,,
2782.5,0,0,,,,
2787.5,0,0,,,,
2792.5,0,0,,,,
2797.5,0,0,,,,
2802.5,0,0,,,,
2807.5,0,0,,,,
2812.5,0,0,,,,
2817.5,0,0,,,,
2822.5,0,0,,,,
2827.5,0,0,,,,
2832.5,0,0,,,,
2837.5,0,0,,,,
2842.5,0,0,,,,
2847.5,0,0,,,,
2852.5,0,0,,,,
2857.5,0,0,,,,
2862.5,0,0,,,,
2867.5,0,0,,,,
2872.5,0,0,,,,
2877.5,0,0,,,,
2882.5,0,0,,,,
2887.5,0,0,,,,
2892.5,0,0,,,,
2897.5,0,0,,,,
2902.5,0,0,,,,
2907.5,0,0,,,,
2912.5,0,0,,,,
2917.5,0,0,,,,
2922.5,0,0,,,,
2927.5,0,0,,,,
2932.5,0,0,,,,
2937.5,0,0,,,,
2942.5,0,0,,,,
2947.5,0,0,,,,
2952.5,0,0,,,,
2957.5,0,0,,,,
2962.5,0,0,,,,
2967.5,0,0,,,,
2972.5,0,0,,,,
2977.5,0,0,,,,
2982.5,0,0,,,,
2987.5,0,0,,,,
2992.5,0,0,,,,
2997.5,0,0,,,,
3002.5,0,0,,,,
