   deg    ;   DCS_1eV
 1.00E-03 ; 9.693450E+07
 5.00E-03 ; 5.997348E+06
 1.00E-02 ; 1.809165E+06
 5.00E-02 ; 1.119332E+05
 1.00E-01 ; 3.376590E+04
 1.50E-01 ; 1.675006E+04
 2.00E-01 ; 1.018585E+04
 2.50E-01 ; 6.925324E+03
 3.00E-01 ; 5.052842E+03
 3.50E-01 ; 3.870657E+03
 4.00E-01 ; 3.072675E+03
 4.50E-01 ; 2.506536E+03
 5.00E-01 ; 2.089100E+03
 5.50E-01 ; 1.771704E+03
 6.00E-01 ; 1.524245E+03
 6.50E-01 ; 1.327245E+03
 7.00E-01 ; 1.167626E+03
 7.50E-01 ; 1.036328E+03
 8.00E-01 ; 9.269062E+02
 8.50E-01 ; 8.346666E+02
 9.00E-01 ; 7.561241E+02
 9.50E-01 ; 6.886432E+02
 1.00E+00 ; 6.302000E+02
 2.00E+00 ; 1.901067E+02
 3.00E+00 ; 9.430522E+01
 4.00E+00 ; 5.734778E+01
 5.00E+00 ; 3.899054E+01
 6.00E+00 ; 2.844820E+01
 7.00E+00 ; 2.179234E+01
 8.00E+00 ; 1.729959E+01
 9.00E+00 ; 1.411214E+01
 1.00E+01 ; 1.176192E+01
 1.10E+01 ; 9.974943E+00
 1.20E+01 ; 8.581713E+00
 1.30E+01 ; 7.472576E+00
 1.40E+01 ; 6.573898E+00
 1.50E+01 ; 5.834674E+00
 1.60E+01 ; 5.218611E+00
 1.70E+01 ; 4.699289E+00
 1.80E+01 ; 4.257084E+00
 1.90E+01 ; 3.877157E+00
 2.00E+01 ; 3.548113E+00
 2.10E+01 ; 3.261078E+00
 2.20E+01 ; 3.009051E+00
 2.30E+01 ; 2.786448E+00
 2.40E+01 ; 2.588768E+00
 2.50E+01 ; 2.412348E+00
 2.60E+01 ; 2.254184E+00
 2.70E+01 ; 2.111788E+00
 2.80E+01 ; 1.983088E+00
 2.90E+01 ; 1.866346E+00
 3.00E+01 ; 1.760093E+00
 3.10E+01 ; 1.663083E+00
 3.20E+01 ; 1.574251E+00
 3.30E+01 ; 1.492683E+00
 3.40E+01 ; 1.417592E+00
 3.50E+01 ; 1.348294E+00
 3.60E+01 ; 1.284196E+00
 3.70E+01 ; 1.224778E+00
 3.80E+01 ; 1.169587E+00
 3.90E+01 ; 1.118221E+00
 4.00E+01 ; 1.070327E+00
 4.10E+01 ; 1.025593E+00
 4.20E+01 ; 9.837401E-01
 4.30E+01 ; 9.445206E-01
 4.40E+01 ; 9.077133E-01
 4.50E+01 ; 8.731200E-01
 4.60E+01 ; 8.405626E-01
 4.70E+01 ; 8.098809E-01
 4.80E+01 ; 7.809303E-01
 4.90E+01 ; 7.535800E-01
 5.00E+01 ; 7.277115E-01
 5.10E+01 ; 7.032173E-01
 5.20E+01 ; 6.799995E-01
 5.30E+01 ; 6.579689E-01
 5.40E+01 ; 6.370442E-01
 5.50E+01 ; 6.171508E-01
 5.60E+01 ; 5.982205E-01
 5.70E+01 ; 5.801907E-01
 5.80E+01 ; 5.630038E-01
 5.90E+01 ; 5.466071E-01
 6.00E+01 ; 5.309515E-01
 6.10E+01 ; 5.159921E-01
 6.20E+01 ; 5.016873E-01
 6.30E+01 ; 4.879986E-01
 6.40E+01 ; 4.748902E-01
 6.50E+01 ; 4.623290E-01
 6.60E+01 ; 4.502844E-01
 6.70E+01 ; 4.387277E-01
 6.80E+01 ; 4.276322E-01
 6.90E+01 ; 4.169733E-01
 7.00E+01 ; 4.067278E-01
 7.10E+01 ; 3.968740E-01
 7.20E+01 ; 3.873918E-01
 7.30E+01 ; 3.782623E-01
 7.40E+01 ; 3.694679E-01
 7.50E+01 ; 3.609919E-01
 7.60E+01 ; 3.528187E-01
 7.70E+01 ; 3.449339E-01
 7.80E+01 ; 3.373236E-01
 7.90E+01 ; 3.299750E-01
 8.00E+01 ; 3.228760E-01
 8.10E+01 ; 3.160150E-01
 8.20E+01 ; 3.093814E-01
 8.30E+01 ; 3.029649E-01
 8.40E+01 ; 2.967560E-01
 8.50E+01 ; 2.907455E-01
 8.60E+01 ; 2.849250E-01
 8.70E+01 ; 2.792862E-01
 8.80E+01 ; 2.738216E-01
 8.90E+01 ; 2.685239E-01
 9.00E+01 ; 2.633862E-01
 9.10E+01 ; 2.584019E-01
 9.20E+01 ; 2.535649E-01
 9.30E+01 ; 2.488693E-01
 9.40E+01 ; 2.443094E-01
 9.50E+01 ; 2.398801E-01
 9.60E+01 ; 2.355762E-01
 9.70E+01 ; 2.313929E-01
 9.80E+01 ; 2.273256E-01
 9.90E+01 ; 2.233701E-01
 1.00E+02 ; 2.195221E-01
 1.01E+02 ; 2.157777E-01
 1.02E+02 ; 2.121332E-01
 1.03E+02 ; 2.085848E-01
 1.04E+02 ; 2.051293E-01
 1.05E+02 ; 2.017632E-01
 1.06E+02 ; 1.984835E-01
 1.07E+02 ; 1.952872E-01
 1.08E+02 ; 1.921713E-01
 1.09E+02 ; 1.891332E-01
 1.10E+02 ; 1.861703E-01
 1.11E+02 ; 1.832799E-01
 1.12E+02 ; 1.804597E-01
 1.13E+02 ; 1.777075E-01
 1.14E+02 ; 1.750208E-01
 1.15E+02 ; 1.723978E-01
 1.16E+02 ; 1.698363E-01
 1.17E+02 ; 1.673343E-01
 1.18E+02 ; 1.648900E-01
 1.19E+02 ; 1.625016E-01
 1.20E+02 ; 1.601673E-01
 1.21E+02 ; 1.578855E-01
 1.22E+02 ; 1.556547E-01
 1.23E+02 ; 1.534731E-01
 1.24E+02 ; 1.513395E-01
 1.25E+02 ; 1.492522E-01
 1.26E+02 ; 1.472101E-01
 1.27E+02 ; 1.452117E-01
 1.28E+02 ; 1.432558E-01
 1.29E+02 ; 1.413412E-01
 1.30E+02 ; 1.394666E-01
 1.31E+02 ; 1.376310E-01
 1.32E+02 ; 1.358332E-01
 1.33E+02 ; 1.340722E-01
 1.34E+02 ; 1.323470E-01
 1.35E+02 ; 1.306565E-01
 1.36E+02 ; 1.289999E-01
 1.37E+02 ; 1.273762E-01
 1.38E+02 ; 1.257845E-01
 1.39E+02 ; 1.242240E-01
 1.40E+02 ; 1.226939E-01
 1.41E+02 ; 1.211932E-01
 1.42E+02 ; 1.197214E-01
 1.43E+02 ; 1.182775E-01
 1.44E+02 ; 1.168610E-01
 1.45E+02 ; 1.154710E-01
 1.46E+02 ; 1.141070E-01
 1.47E+02 ; 1.127682E-01
 1.48E+02 ; 1.114540E-01
 1.49E+02 ; 1.101639E-01
 1.50E+02 ; 1.088971E-01
 1.51E+02 ; 1.076532E-01
 1.52E+02 ; 1.064316E-01
 1.53E+02 ; 1.052317E-01
 1.54E+02 ; 1.040531E-01
 1.55E+02 ; 1.028951E-01
 1.56E+02 ; 1.017573E-01
 1.57E+02 ; 1.006393E-01
 1.58E+02 ; 9.954060E-02
 1.59E+02 ; 9.846066E-02
 1.60E+02 ; 9.739910E-02
 1.61E+02 ; 9.635548E-02
 1.62E+02 ; 9.532941E-02
 1.63E+02 ; 9.432048E-02
 1.64E+02 ; 9.332830E-02
 1.65E+02 ; 9.235250E-02
 1.66E+02 ; 9.139270E-02
 1.67E+02 ; 9.044855E-02
 1.68E+02 ; 8.951970E-02
 1.69E+02 ; 8.860582E-02
 1.70E+02 ; 8.770658E-02
 1.71E+02 ; 8.682166E-02
 1.72E+02 ; 8.595075E-02
 1.73E+02 ; 8.509355E-02
 1.74E+02 ; 8.424977E-02
 1.75E+02 ; 8.341912E-02
 1.76E+02 ; 8.260132E-02
 1.77E+02 ; 8.179610E-02
 1.78E+02 ; 8.100320E-02
 1.79E+02 ; 8.022237E-02
 1.80E+02 ; 7.945335E-02
   deg    ;   DCS_10eV
 3.80E-02 ; 3.266829E+06
 4.00E-02 ; 2.927067E+06
 5.00E-02 ; 1.815299E+06
 1.00E-01 ; 4.115694E+05
 1.50E-01 ; 1.727554E+05
 2.00E-01 ; 9.331209E+04
 2.50E-01 ; 5.787001E+04
 3.00E-01 ; 3.916756E+04
 3.50E-01 ; 2.815746E+04
 4.00E-01 ; 2.115595E+04
 4.50E-01 ; 1.644050E+04
 5.00E-01 ; 1.312043E+04
 5.50E-01 ; 1.069859E+04
 6.00E-01 ; 8.880171E+03
 6.50E-01 ; 7.481620E+03
 7.00E-01 ; 6.383932E+03
 7.50E-01 ; 5.507278E+03
 8.00E-01 ; 4.796533E+03
 8.50E-01 ; 4.212668E+03
 9.00E-01 ; 3.727433E+03
 9.50E-01 ; 3.319991E+03
 1.00E+00 ; 2.974700E+03
 2.00E+00 ; 6.744316E+02
 3.00E+00 ; 2.830913E+02
 4.00E+00 ; 1.529088E+02
 5.00E+00 ; 9.483057E+01
 6.00E+00 ; 6.418319E+01
 7.00E+00 ; 4.614113E+01
 8.00E+00 ; 3.466789E+01
 9.00E+00 ; 2.694076E+01
 1.00E+01 ; 2.150023E+01
 1.10E+01 ; 1.753159E+01
 1.20E+01 ; 1.455178E+01
 1.30E+01 ; 1.225999E+01
 1.40E+01 ; 1.046123E+01
 1.50E+01 ; 9.024679E+00
 1.60E+01 ; 7.859995E+00
 1.70E+01 ; 6.903225E+00
 1.80E+01 ; 6.108080E+00
 1.90E+01 ; 5.440411E+00
 2.00E+01 ; 4.874588E+00
 2.10E+01 ; 4.391083E+00
 2.20E+01 ; 3.974808E+00
 2.30E+01 ; 3.613964E+00
 2.40E+01 ; 3.299217E+00
 2.50E+01 ; 3.023107E+00
 2.60E+01 ; 2.779618E+00
 2.70E+01 ; 2.563854E+00
 2.80E+01 ; 2.371798E+00
 2.90E+01 ; 2.200133E+00
 3.00E+01 ; 2.046098E+00
 3.10E+01 ; 1.907382E+00
 3.20E+01 ; 1.782038E+00
 3.30E+01 ; 1.668417E+00
 3.40E+01 ; 1.565117E+00
 3.50E+01 ; 1.470935E+00
 3.60E+01 ; 1.384839E+00
 3.70E+01 ; 1.305940E+00
 3.80E+01 ; 1.233464E+00
 3.90E+01 ; 1.166739E+00
 4.00E+01 ; 1.105179E+00
 4.10E+01 ; 1.048269E+00
 4.20E+01 ; 9.955577E-01
 4.30E+01 ; 9.466451E-01
 4.40E+01 ; 9.011788E-01
 4.50E+01 ; 8.588457E-01
 4.60E+01 ; 8.193673E-01
 4.70E+01 ; 7.824951E-01
 4.80E+01 ; 7.480070E-01
 4.90E+01 ; 7.157038E-01
 5.00E+01 ; 6.854067E-01
 5.10E+01 ; 6.569547E-01
 5.20E+01 ; 6.302023E-01
 5.30E+01 ; 6.050183E-01
 5.40E+01 ; 5.812836E-01
 5.50E+01 ; 5.588904E-01
 5.60E+01 ; 5.377403E-01
 5.70E+01 ; 5.177440E-01
 5.80E+01 ; 4.988199E-01
 5.90E+01 ; 4.808936E-01
 6.00E+01 ; 4.638967E-01
 6.10E+01 ; 4.477669E-01
 6.20E+01 ; 4.324466E-01
 6.30E+01 ; 4.178833E-01
 6.40E+01 ; 4.040283E-01
 6.50E+01 ; 3.908370E-01
 6.60E+01 ; 3.782680E-01
 6.70E+01 ; 3.662832E-01
 6.80E+01 ; 3.548473E-01
 6.90E+01 ; 3.439277E-01
 7.00E+01 ; 3.334941E-01
 7.10E+01 ; 3.235184E-01
 7.20E+01 ; 3.139744E-01
 7.30E+01 ; 3.048378E-01
 7.40E+01 ; 2.960861E-01
 7.50E+01 ; 2.876981E-01
 7.60E+01 ; 2.796541E-01
 7.70E+01 ; 2.719358E-01
 7.80E+01 ; 2.645261E-01
 7.90E+01 ; 2.574089E-01
 8.00E+01 ; 2.505690E-01
 8.10E+01 ; 2.439926E-01
 8.20E+01 ; 2.376663E-01
 8.30E+01 ; 2.315778E-01
 8.40E+01 ; 2.257154E-01
 8.50E+01 ; 2.200681E-01
 8.60E+01 ; 2.146258E-01
 8.70E+01 ; 2.093786E-01
 8.80E+01 ; 2.043175E-01
 8.90E+01 ; 1.994339E-01
 9.00E+01 ; 1.947197E-01
 9.10E+01 ; 1.901671E-01
 9.20E+01 ; 1.857690E-01
 9.30E+01 ; 1.815186E-01
 9.40E+01 ; 1.774093E-01
 9.50E+01 ; 1.734350E-01
 9.60E+01 ; 1.695900E-01
 9.70E+01 ; 1.658688E-01
 9.80E+01 ; 1.622662E-01
 9.90E+01 ; 1.587772E-01
 1.00E+02 ; 1.553971E-01
 1.01E+02 ; 1.521216E-01
 1.02E+02 ; 1.489464E-01
 1.03E+02 ; 1.458675E-01
 1.04E+02 ; 1.428811E-01
 1.05E+02 ; 1.399835E-01
 1.06E+02 ; 1.371713E-01
 1.07E+02 ; 1.344412E-01
 1.08E+02 ; 1.317901E-01
 1.09E+02 ; 1.292150E-01
 1.10E+02 ; 1.267130E-01
 1.11E+02 ; 1.242815E-01
 1.12E+02 ; 1.219178E-01
 1.13E+02 ; 1.196195E-01
 1.14E+02 ; 1.173842E-01
 1.15E+02 ; 1.152097E-01
 1.16E+02 ; 1.130937E-01
 1.17E+02 ; 1.110343E-01
 1.18E+02 ; 1.090294E-01
 1.19E+02 ; 1.070772E-01
 1.20E+02 ; 1.051758E-01
 1.21E+02 ; 1.033236E-01
 1.22E+02 ; 1.015188E-01
 1.23E+02 ; 9.975997E-02
 1.24E+02 ; 9.804542E-02
 1.25E+02 ; 9.637376E-02
 1.26E+02 ; 9.474358E-02
 1.27E+02 ; 9.315354E-02
 1.28E+02 ; 9.160235E-02
 1.29E+02 ; 9.008875E-02
 1.30E+02 ; 8.861157E-02
 1.31E+02 ; 8.716965E-02
 1.32E+02 ; 8.576189E-02
 1.33E+02 ; 8.438724E-02
 1.34E+02 ; 8.304467E-02
 1.35E+02 ; 8.173321E-02
 1.36E+02 ; 8.045191E-02
 1.37E+02 ; 7.919986E-02
 1.38E+02 ; 7.797619E-02
 1.39E+02 ; 7.678006E-02
 1.40E+02 ; 7.561066E-02
 1.41E+02 ; 7.446720E-02
 1.42E+02 ; 7.334893E-02
 1.43E+02 ; 7.225513E-02
 1.44E+02 ; 7.118509E-02
 1.45E+02 ; 7.013814E-02
 1.46E+02 ; 6.911363E-02
 1.47E+02 ; 6.811092E-02
 1.48E+02 ; 6.712941E-02
 1.49E+02 ; 6.616851E-02
 1.50E+02 ; 6.522765E-02
 1.51E+02 ; 6.430630E-02
 1.52E+02 ; 6.340391E-02
 1.53E+02 ; 6.251997E-02
 1.54E+02 ; 6.165400E-02
 1.55E+02 ; 6.080552E-02
 1.56E+02 ; 5.997405E-02
 1.57E+02 ; 5.915916E-02
 1.58E+02 ; 5.836041E-02
 1.59E+02 ; 5.757738E-02
 1.60E+02 ; 5.680967E-02
 1.61E+02 ; 5.605688E-02
 1.62E+02 ; 5.531864E-02
 1.63E+02 ; 5.459457E-02
 1.64E+02 ; 5.388433E-02
 1.65E+02 ; 5.318755E-02
 1.66E+02 ; 5.250392E-02
 1.67E+02 ; 5.183310E-02
 1.68E+02 ; 5.117478E-02
 1.69E+02 ; 5.052865E-02
 1.70E+02 ; 4.989442E-02
 1.71E+02 ; 4.927180E-02
 1.72E+02 ; 4.866052E-02
 1.73E+02 ; 4.806029E-02
 1.74E+02 ; 4.747087E-02
 1.75E+02 ; 4.689199E-02
 1.76E+02 ; 4.632341E-02
 1.77E+02 ; 4.576488E-02
 1.78E+02 ; 4.521618E-02
 1.79E+02 ; 4.467708E-02
 1.80E+02 ; 4.414736E-02
   deg    ;  DCS_100eV
 3.50E-01 ; 6.430368E+04
 4.00E-01 ; 4.572802E+04
 4.50E-01 ; 3.385244E+04
 5.00E-01 ; 2.586849E+04
 5.50E-01 ; 2.028129E+04
 6.00E-01 ; 1.624132E+04
 6.50E-01 ; 1.323956E+04
 7.00E-01 ; 1.095736E+04
 7.50E-01 ; 9.187771E+03
 8.00E-01 ; 7.792070E+03
 8.50E-01 ; 6.674750E+03
 9.00E-01 ; 5.768467E+03
 9.50E-01 ; 5.024735E+03
 1.00E+00 ; 4.408000E+03
 2.00E+00 ; 7.511246E+02
 3.00E+00 ; 2.667786E+02
 4.00E+00 ; 1.279918E+02
 5.00E+00 ; 7.240543E+01
 6.00E+00 ; 4.545916E+01
 7.00E+00 ; 3.066947E+01
 8.00E+00 ; 2.180985E+01
 9.00E+00 ; 1.614583E+01
 1.00E+01 ; 1.233790E+01
 1.10E+01 ; 9.673108E+00
 1.20E+01 ; 7.746256E+00
 1.30E+01 ; 6.314576E+00
 1.40E+01 ; 5.226087E+00
 1.50E+01 ; 4.382083E+00
 1.60E+01 ; 3.716407E+00
 1.70E+01 ; 3.183504E+00
 1.80E+01 ; 2.751255E+00
 1.90E+01 ; 2.396534E+00
 2.00E+01 ; 2.102383E+00
 2.10E+01 ; 1.856161E+00
 2.20E+01 ; 1.648300E+00
 2.30E+01 ; 1.471466E+00
 2.40E+01 ; 1.319964E+00
 2.50E+01 ; 1.189325E+00
 2.60E+01 ; 1.076005E+00
 2.70E+01 ; 9.771694E-01
 2.80E+01 ; 8.905270E-01
 2.90E+01 ; 8.142157E-01
 3.00E+01 ; 7.467083E-01
 3.10E+01 ; 6.867444E-01
 3.20E+01 ; 6.332769E-01
 3.30E+01 ; 5.854307E-01
 3.40E+01 ; 5.424702E-01
 3.50E+01 ; 5.037741E-01
 3.60E+01 ; 4.688147E-01
 3.70E+01 ; 4.371420E-01
 3.80E+01 ; 4.083702E-01
 3.90E+01 ; 3.821674E-01
 4.00E+01 ; 3.582468E-01
 4.10E+01 ; 3.363600E-01
 4.20E+01 ; 3.162904E-01
 4.30E+01 ; 2.978493E-01
 4.40E+01 ; 2.808710E-01
 4.50E+01 ; 2.652100E-01
 4.60E+01 ; 2.507383E-01
 4.70E+01 ; 2.373426E-01
 4.80E+01 ; 2.249223E-01
 4.90E+01 ; 2.133884E-01
 5.00E+01 ; 2.026614E-01
 5.10E+01 ; 1.926703E-01
 5.20E+01 ; 1.833517E-01
 5.30E+01 ; 1.746486E-01
 5.40E+01 ; 1.665099E-01
 5.50E+01 ; 1.588896E-01
 5.60E+01 ; 1.517461E-01
 5.70E+01 ; 1.450417E-01
 5.80E+01 ; 1.387426E-01
 5.90E+01 ; 1.328178E-01
 6.00E+01 ; 1.272393E-01
 6.10E+01 ; 1.219816E-01
 6.20E+01 ; 1.170214E-01
 6.30E+01 ; 1.123376E-01
 6.40E+01 ; 1.079106E-01
 6.50E+01 ; 1.037226E-01
 6.60E+01 ; 9.975758E-02
 6.70E+01 ; 9.600030E-02
 6.80E+01 ; 9.243710E-02
 6.90E+01 ; 8.905531E-02
 7.00E+01 ; 8.584327E-02
 7.10E+01 ; 8.279021E-02
 7.20E+01 ; 7.988619E-02
 7.30E+01 ; 7.712200E-02
 7.40E+01 ; 7.448914E-02
 7.50E+01 ; 7.197972E-02
 7.60E+01 ; 6.958641E-02
 7.70E+01 ; 6.730243E-02
 7.80E+01 ; 6.512145E-02
 7.90E+01 ; 6.303759E-02
 8.00E+01 ; 6.104538E-02
 8.10E+01 ; 5.913972E-02
 8.20E+01 ; 5.731586E-02
 8.30E+01 ; 5.556933E-02
 8.40E+01 ; 5.389600E-02
 8.50E+01 ; 5.229197E-02
 8.60E+01 ; 5.075362E-02
 8.70E+01 ; 4.927753E-02
 8.80E+01 ; 4.786051E-02
 8.90E+01 ; 4.649956E-02
 9.00E+01 ; 4.519188E-02
 9.10E+01 ; 4.393482E-02
 9.20E+01 ; 4.272590E-02
 9.30E+01 ; 4.156278E-02
 9.40E+01 ; 4.044326E-02
 9.50E+01 ; 3.936526E-02
 9.60E+01 ; 3.832685E-02
 9.70E+01 ; 3.732616E-02
 9.80E+01 ; 3.636146E-02
 9.90E+01 ; 3.543112E-02
 1.00E+02 ; 3.453357E-02
 1.01E+02 ; 3.366736E-02
 1.02E+02 ; 3.283109E-02
 1.03E+02 ; 3.202345E-02
 1.04E+02 ; 3.124319E-02
 1.05E+02 ; 3.048914E-02
 1.06E+02 ; 2.976019E-02
 1.07E+02 ; 2.905526E-02
 1.08E+02 ; 2.837335E-02
 1.09E+02 ; 2.771352E-02
 1.10E+02 ; 2.707485E-02
 1.11E+02 ; 2.645647E-02
 1.12E+02 ; 2.585758E-02
 1.13E+02 ; 2.527739E-02
 1.14E+02 ; 2.471516E-02
 1.15E+02 ; 2.417018E-02
 1.16E+02 ; 2.364178E-02
 1.17E+02 ; 2.312933E-02
 1.18E+02 ; 2.263220E-02
 1.19E+02 ; 2.214981E-02
 1.20E+02 ; 2.168162E-02
 1.21E+02 ; 2.122709E-02
 1.22E+02 ; 2.078571E-02
 1.23E+02 ; 2.035700E-02
 1.24E+02 ; 1.994049E-02
 1.25E+02 ; 1.953576E-02
 1.26E+02 ; 1.914236E-02
 1.27E+02 ; 1.875990E-02
 1.28E+02 ; 1.838800E-02
 1.29E+02 ; 1.802627E-02
 1.30E+02 ; 1.767438E-02
 1.31E+02 ; 1.733197E-02
 1.32E+02 ; 1.699872E-02
 1.33E+02 ; 1.667432E-02
 1.34E+02 ; 1.635848E-02
 1.35E+02 ; 1.605090E-02
 1.36E+02 ; 1.575131E-02
 1.37E+02 ; 1.545944E-02
 1.38E+02 ; 1.517505E-02
 1.39E+02 ; 1.489789E-02
 1.40E+02 ; 1.462772E-02
 1.41E+02 ; 1.436432E-02
 1.42E+02 ; 1.410747E-02
 1.43E+02 ; 1.385698E-02
 1.44E+02 ; 1.361263E-02
 1.45E+02 ; 1.337423E-02
 1.46E+02 ; 1.314161E-02
 1.47E+02 ; 1.291458E-02
 1.48E+02 ; 1.269297E-02
 1.49E+02 ; 1.247662E-02
 1.50E+02 ; 1.226536E-02
 1.51E+02 ; 1.205905E-02
 1.52E+02 ; 1.185754E-02
 1.53E+02 ; 1.166069E-02
 1.54E+02 ; 1.146835E-02
 1.55E+02 ; 1.128040E-02
 1.56E+02 ; 1.109671E-02
 1.57E+02 ; 1.091716E-02
 1.58E+02 ; 1.074162E-02
 1.59E+02 ; 1.056999E-02
 1.60E+02 ; 1.040215E-02
 1.61E+02 ; 1.023799E-02
 1.62E+02 ; 1.007742E-02
 1.63E+02 ; 9.920341E-03
 1.64E+02 ; 9.766641E-03
 1.65E+02 ; 9.616235E-03
 1.66E+02 ; 9.469033E-03
 1.67E+02 ; 9.324948E-03
 1.68E+02 ; 9.183896E-03
 1.69E+02 ; 9.045796E-03
 1.70E+02 ; 8.910570E-03
 1.71E+02 ; 8.778140E-03
 1.72E+02 ; 8.648433E-03
 1.73E+02 ; 8.521379E-03
 1.74E+02 ; 8.396907E-03
 1.75E+02 ; 8.274951E-03
 1.76E+02 ; 8.155446E-03
 1.77E+02 ; 8.038330E-03
 1.78E+02 ; 7.923541E-03
 1.79E+02 ; 7.811020E-03
 1.80E+02 ; 7.700711E-03
   deg    ;   DCS_1keV
 2.50E-01 ; 1.250226E+05
 3.00E-01 ; 7.281425E+04
 3.50E-01 ; 4.610194E+04
 4.00E-01 ; 3.102937E+04
 4.50E-01 ; 2.188294E+04
 5.00E-01 ; 1.601160E+04
 5.50E-01 ; 1.206995E+04
 6.00E-01 ; 9.325293E+03
 6.50E-01 ; 7.355172E+03
 7.00E-01 ; 5.904257E+03
 7.50E-01 ; 4.811985E+03
 8.00E-01 ; 3.973920E+03
 8.50E-01 ; 3.320120E+03
 9.00E-01 ; 2.802540E+03
 9.50E-01 ; 2.387428E+03
 1.00E+00 ; 2.050581E+03
 2.00E+00 ; 2.625611E+02
 3.00E+00 ; 7.889792E+01
 4.00E+00 ; 3.361891E+01
 5.00E+00 ; 1.734665E+01
 6.00E+00 ; 1.010226E+01
 7.00E+00 ; 6.395891E+00
 8.00E+00 ; 4.304642E+00
 9.00E+00 ; 3.035666E+00
 1.00E+01 ; 2.221104E+00
 1.10E+01 ; 1.674275E+00
 1.20E+01 ; 1.293517E+00
 1.30E+01 ; 1.020215E+00
 1.40E+01 ; 8.189443E-01
 1.50E+01 ; 6.674276E-01
 1.60E+01 ; 5.511761E-01
 1.70E+01 ; 4.604866E-01
 1.80E+01 ; 3.886936E-01
 1.90E+01 ; 3.311149E-01
 2.00E+01 ; 2.843952E-01
 2.10E+01 ; 2.460875E-01
 2.20E+01 ; 2.143780E-01
 2.30E+01 ; 1.879033E-01
 2.40E+01 ; 1.656248E-01
 2.50E+01 ; 1.467419E-01
 2.60E+01 ; 1.306306E-01
 2.70E+01 ; 1.167999E-01
 2.80E+01 ; 1.048594E-01
 2.90E+01 ; 9.449668E-02
 3.00E+01 ; 8.545895E-02
 3.10E+01 ; 7.754080E-02
 3.20E+01 ; 7.057384E-02
 3.30E+01 ; 6.441922E-02
 3.40E+01 ; 5.896174E-02
 3.50E+01 ; 5.410528E-02
 3.60E+01 ; 4.976921E-02
 3.70E+01 ; 4.588554E-02
 3.80E+01 ; 4.239670E-02
 3.90E+01 ; 3.925368E-02
 4.00E+01 ; 3.641461E-02
 4.10E+01 ; 3.384356E-02
 4.20E+01 ; 3.150960E-02
 4.30E+01 ; 2.938596E-02
 4.40E+01 ; 2.744945E-02
 4.50E+01 ; 2.567986E-02
 4.60E+01 ; 2.405957E-02
 4.70E+01 ; 2.257313E-02
 4.80E+01 ; 2.120698E-02
 4.90E+01 ; 1.994918E-02
 5.00E+01 ; 1.878917E-02
 5.10E+01 ; 1.771762E-02
 5.20E+01 ; 1.672625E-02
 5.30E+01 ; 1.580767E-02
 5.40E+01 ; 1.495532E-02
 5.50E+01 ; 1.416333E-02
 5.60E+01 ; 1.342644E-02
 5.70E+01 ; 1.273993E-02
 5.80E+01 ; 1.209956E-02
 5.90E+01 ; 1.150152E-02
 6.00E+01 ; 1.094235E-02
 6.10E+01 ; 1.041895E-02
 6.20E+01 ; 9.928499E-03
 6.30E+01 ; 9.468433E-03
 6.40E+01 ; 9.036434E-03
 6.50E+01 ; 8.630392E-03
 6.60E+01 ; 8.248383E-03
 6.70E+01 ; 7.888652E-03
 6.80E+01 ; 7.549595E-03
 6.90E+01 ; 7.229747E-03
 7.00E+01 ; 6.927763E-03
 7.10E+01 ; 6.642412E-03
 7.20E+01 ; 6.372562E-03
 7.30E+01 ; 6.117174E-03
 7.40E+01 ; 5.875289E-03
 7.50E+01 ; 5.646026E-03
 7.60E+01 ; 5.428570E-03
 7.70E+01 ; 5.222169E-03
 7.80E+01 ; 5.026130E-03
 7.90E+01 ; 4.839809E-03
 8.00E+01 ; 4.662609E-03
 8.10E+01 ; 4.493980E-03
 8.20E+01 ; 4.333407E-03
 8.30E+01 ; 4.180415E-03
 8.40E+01 ; 4.034560E-03
 8.50E+01 ; 3.895432E-03
 8.60E+01 ; 3.762645E-03
 8.70E+01 ; 3.635842E-03
 8.80E+01 ; 3.514689E-03
 8.90E+01 ; 3.398875E-03
 9.00E+01 ; 3.288108E-03
 9.10E+01 ; 3.182115E-03
 9.20E+01 ; 3.080642E-03
 9.30E+01 ; 2.983450E-03
 9.40E+01 ; 2.890315E-03
 9.50E+01 ; 2.801027E-03
 9.60E+01 ; 2.715390E-03
 9.70E+01 ; 2.633218E-03
 9.80E+01 ; 2.554338E-03
 9.90E+01 ; 2.478586E-03
 1.00E+02 ; 2.405808E-03
 1.01E+02 ; 2.335860E-03
 1.02E+02 ; 2.268604E-03
 1.03E+02 ; 2.203914E-03
 1.04E+02 ; 2.141666E-03
 1.05E+02 ; 2.081748E-03
 1.06E+02 ; 2.024050E-03
 1.07E+02 ; 1.968471E-03
 1.08E+02 ; 1.914914E-03
 1.09E+02 ; 1.863287E-03
 1.10E+02 ; 1.813505E-03
 1.11E+02 ; 1.765486E-03
 1.12E+02 ; 1.719152E-03
 1.13E+02 ; 1.674430E-03
 1.14E+02 ; 1.631250E-03
 1.15E+02 ; 1.589546E-03
 1.16E+02 ; 1.549256E-03
 1.17E+02 ; 1.510319E-03
 1.18E+02 ; 1.472681E-03
 1.19E+02 ; 1.436286E-03
 1.20E+02 ; 1.401084E-03
 1.21E+02 ; 1.367026E-03
 1.22E+02 ; 1.334066E-03
 1.23E+02 ; 1.302161E-03
 1.24E+02 ; 1.271267E-03
 1.25E+02 ; 1.241346E-03
 1.26E+02 ; 1.212359E-03
 1.27E+02 ; 1.184270E-03
 1.28E+02 ; 1.157045E-03
 1.29E+02 ; 1.130650E-03
 1.30E+02 ; 1.105055E-03
 1.31E+02 ; 1.080228E-03
 1.32E+02 ; 1.056141E-03
 1.33E+02 ; 1.032768E-03
 1.34E+02 ; 1.010080E-03
 1.35E+02 ; 9.880553E-04
 1.36E+02 ; 9.666673E-04
 1.37E+02 ; 9.458939E-04
 1.38E+02 ; 9.257132E-04
 1.39E+02 ; 9.061041E-04
 1.40E+02 ; 8.870465E-04
 1.41E+02 ; 8.685211E-04
 1.42E+02 ; 8.505095E-04
 1.43E+02 ; 8.329939E-04
 1.44E+02 ; 8.159573E-04
 1.45E+02 ; 7.993835E-04
 1.46E+02 ; 7.832568E-04
 1.47E+02 ; 7.675622E-04
 1.48E+02 ; 7.522853E-04
 1.49E+02 ; 7.374123E-04
 1.50E+02 ; 7.229299E-04
 1.51E+02 ; 7.088253E-04
 1.52E+02 ; 6.950864E-04
 1.53E+02 ; 6.817012E-04
 1.54E+02 ; 6.686584E-04
 1.55E+02 ; 6.559472E-04
 1.56E+02 ; 6.435571E-04
 1.57E+02 ; 6.314780E-04
 1.58E+02 ; 6.197001E-04
 1.59E+02 ; 6.082141E-04
 1.60E+02 ; 5.970111E-04
 1.61E+02 ; 5.860823E-04
 1.62E+02 ; 5.754193E-04
 1.63E+02 ; 5.650142E-04
 1.64E+02 ; 5.548592E-04
 1.65E+02 ; 5.449468E-04
 1.66E+02 ; 5.352698E-04
 1.67E+02 ; 5.258212E-04
 1.68E+02 ; 5.165943E-04
 1.69E+02 ; 5.075826E-04
 1.70E+02 ; 4.987799E-04
 1.71E+02 ; 4.901802E-04
 1.72E+02 ; 4.817776E-04
 1.73E+02 ; 4.735665E-04
 1.74E+02 ; 4.655415E-04
 1.75E+02 ; 4.576973E-04
 1.76E+02 ; 4.500288E-04
 1.77E+02 ; 4.425312E-04
 1.78E+02 ; 4.351997E-04
 1.79E+02 ; 4.280297E-04
 1.80E+02 ; 4.210168E-04
   deg    ;   DCS_10keV
 1.15E-01 ; 4.626836E+05
 1.20E-01 ; 4.004358E+05
 1.30E-01 ; 3.051515E+05
 1.40E-01 ; 2.372731E+05
 1.50E-01 ; 1.877255E+05
 2.00E-01 ; 7.068975E+04
 2.50E-01 ; 3.313957E+04
 3.00E-01 ; 1.784541E+04
 3.50E-01 ; 1.057407E+04
 4.00E-01 ; 6.719851E+03
 4.50E-01 ; 4.505021E+03
 5.00E-01 ; 3.150287E+03
 5.50E-01 ; 2.279407E+03
 6.00E-01 ; 1.696406E+03
 6.50E-01 ; 1.292743E+03
 7.00E-01 ; 1.005183E+03
 7.50E-01 ; 7.952804E+02
 8.00E-01 ; 6.387969E+02
 8.50E-01 ; 5.199673E+02
 9.00E-01 ; 4.282525E+02
 9.50E-01 ; 3.564360E+02
 1.00E+00 ; 2.994700E+02
 2.00E+00 ; 2.846796E+01
 3.00E+00 ; 7.186652E+00
 4.00E+00 ; 2.706198E+00
 5.00E+00 ; 1.268674E+00
 6.00E+00 ; 6.831716E-01
 7.00E+00 ; 4.048046E-01
 8.00E+00 ; 2.572544E-01
 9.00E+00 ; 1.724646E-01
 1.00E+01 ; 1.206016E-01
 1.10E+01 ; 8.726199E-02
 1.20E+01 ; 6.494309E-02
 1.30E+01 ; 4.948979E-02
 1.40E+01 ; 3.848120E-02
 1.50E+01 ; 3.044552E-02
 1.60E+01 ; 2.445490E-02
 1.70E+01 ; 1.990578E-02
 1.80E+01 ; 1.639468E-02
 1.90E+01 ; 1.364535E-02
 2.00E+01 ; 1.146453E-02
 2.10E+01 ; 9.714463E-03
 2.20E+01 ; 8.295227E-03
 2.30E+01 ; 7.133247E-03
 2.40E+01 ; 6.173566E-03
 2.50E+01 ; 5.374610E-03
 2.60E+01 ; 4.704557E-03
 2.70E+01 ; 4.138789E-03
 2.80E+01 ; 3.658068E-03
 2.90E+01 ; 3.247223E-03
 3.00E+01 ; 2.894187E-03
 3.10E+01 ; 2.589288E-03
 3.20E+01 ; 2.324711E-03
 3.30E+01 ; 2.094105E-03
 3.40E+01 ; 1.892266E-03
 3.50E+01 ; 1.714913E-03
 3.60E+01 ; 1.558498E-03
 3.70E+01 ; 1.420065E-03
 3.80E+01 ; 1.297143E-03
 3.90E+01 ; 1.187651E-03
 4.00E+01 ; 1.089832E-03
 4.10E+01 ; 1.002194E-03
 4.20E+01 ; 9.234682E-04
 4.30E+01 ; 8.525658E-04
 4.40E+01 ; 7.885540E-04
 4.50E+01 ; 7.306288E-04
 4.60E+01 ; 6.780949E-04
 4.70E+01 ; 6.303490E-04
 4.80E+01 ; 5.868665E-04
 4.90E+01 ; 5.471893E-04
 5.00E+01 ; 5.109167E-04
 5.10E+01 ; 4.776970E-04
 5.20E+01 ; 4.472207E-04
 5.30E+01 ; 4.192149E-04
 5.40E+01 ; 3.934381E-04
 5.50E+01 ; 3.696766E-04
 5.60E+01 ; 3.477402E-04
 5.70E+01 ; 3.274599E-04
 5.80E+01 ; 3.086848E-04
 5.90E+01 ; 2.912800E-04
 6.00E+01 ; 2.751248E-04
 6.10E+01 ; 2.601108E-04
 6.20E+01 ; 2.461407E-04
 6.30E+01 ; 2.331267E-04
 6.40E+01 ; 2.209898E-04
 6.50E+01 ; 2.096585E-04
 6.60E+01 ; 1.990680E-04
 6.70E+01 ; 1.891600E-04
 6.80E+01 ; 1.798811E-04
 6.90E+01 ; 1.711830E-04
 7.00E+01 ; 1.630217E-04
 7.10E+01 ; 1.553571E-04
 7.20E+01 ; 1.481526E-04
 7.30E+01 ; 1.413748E-04
 7.40E+01 ; 1.349931E-04
 7.50E+01 ; 1.289793E-04
 7.60E+01 ; 1.233079E-04
 7.70E+01 ; 1.179552E-04
 7.80E+01 ; 1.128995E-04
 7.90E+01 ; 1.081208E-04
 8.00E+01 ; 1.036007E-04
 8.10E+01 ; 9.932228E-05
 8.20E+01 ; 9.526980E-05
 8.30E+01 ; 9.142883E-05
 8.40E+01 ; 8.778597E-05
 8.50E+01 ; 8.432882E-05
 8.60E+01 ; 8.104590E-05
 8.70E+01 ; 7.792655E-05
 8.80E+01 ; 7.496087E-05
 8.90E+01 ; 7.213968E-05
 9.00E+01 ; 6.945443E-05
 9.10E+01 ; 6.689717E-05
 9.20E+01 ; 6.446049E-05
 9.30E+01 ; 6.213749E-05
 9.40E+01 ; 5.992171E-05
 9.50E+01 ; 5.780716E-05
 9.60E+01 ; 5.578821E-05
 9.70E+01 ; 5.385961E-05
 9.80E+01 ; 5.201646E-05
 9.90E+01 ; 5.025413E-05
 1.00E+02 ; 4.856834E-05
 1.01E+02 ; 4.695504E-05
 1.02E+02 ; 4.541044E-05
 1.03E+02 ; 4.393098E-05
 1.04E+02 ; 4.251333E-05
 1.05E+02 ; 4.115434E-05
 1.06E+02 ; 3.985106E-05
 1.07E+02 ; 3.860071E-05
 1.08E+02 ; 3.740069E-05
 1.09E+02 ; 3.624852E-05
 1.10E+02 ; 3.514189E-05
 1.11E+02 ; 3.407860E-05
 1.12E+02 ; 3.305659E-05
 1.13E+02 ; 3.207391E-05
 1.14E+02 ; 3.112872E-05
 1.15E+02 ; 3.021928E-05
 1.16E+02 ; 2.934394E-05
 1.17E+02 ; 2.850114E-05
 1.18E+02 ; 2.768942E-05
 1.19E+02 ; 2.690737E-05
 1.20E+02 ; 2.615369E-05
 1.21E+02 ; 2.542710E-05
 1.22E+02 ; 2.472644E-05
 1.23E+02 ; 2.405057E-05
 1.24E+02 ; 2.339842E-05
 1.25E+02 ; 2.276899E-05
 1.26E+02 ; 2.216130E-05
 1.27E+02 ; 2.157444E-05
 1.28E+02 ; 2.100755E-05
 1.29E+02 ; 2.045979E-05
 1.30E+02 ; 1.993038E-05
 1.31E+02 ; 1.941857E-05
 1.32E+02 ; 1.892364E-05
 1.33E+02 ; 1.844492E-05
 1.34E+02 ; 1.798177E-05
 1.35E+02 ; 1.753356E-05
 1.36E+02 ; 1.709970E-05
 1.37E+02 ; 1.667965E-05
 1.38E+02 ; 1.627285E-05
 1.39E+02 ; 1.587881E-05
 1.40E+02 ; 1.549703E-05
 1.41E+02 ; 1.512705E-05
 1.42E+02 ; 1.476843E-05
 1.43E+02 ; 1.442073E-05
 1.44E+02 ; 1.408356E-05
 1.45E+02 ; 1.375653E-05
 1.46E+02 ; 1.343926E-05
 1.47E+02 ; 1.313139E-05
 1.48E+02 ; 1.283260E-05
 1.49E+02 ; 1.254255E-05
 1.50E+02 ; 1.226093E-05
 1.51E+02 ; 1.198744E-05
 1.52E+02 ; 1.172180E-05
 1.53E+02 ; 1.146372E-05
 1.54E+02 ; 1.121296E-05
 1.55E+02 ; 1.096925E-05
 1.56E+02 ; 1.073236E-05
 1.57E+02 ; 1.050204E-05
 1.58E+02 ; 1.027809E-05
 1.59E+02 ; 1.006028E-05
 1.60E+02 ; 9.848406E-06
 1.61E+02 ; 9.642274E-06
 1.62E+02 ; 9.441692E-06
 1.63E+02 ; 9.246479E-06
 1.64E+02 ; 9.056459E-06
 1.65E+02 ; 8.871464E-06
 1.66E+02 ; 8.691332E-06
 1.67E+02 ; 8.515906E-06
 1.68E+02 ; 8.345037E-06
 1.69E+02 ; 8.178581E-06
 1.70E+02 ; 8.016397E-06
 1.71E+02 ; 7.858352E-06
 1.72E+02 ; 7.704318E-06
 1.73E+02 ; 7.554170E-06
 1.74E+02 ; 7.407789E-06
 1.75E+02 ; 7.265059E-06
 1.76E+02 ; 7.125868E-06
 1.77E+02 ; 6.990111E-06
 1.78E+02 ; 6.857683E-06
 1.79E+02 ; 6.728484E-06
 1.80E+02 ; 6.602420E-06
 	  ;
 	  ;
 	  ;
 	  ;
 	  ;
    deg   ;   DCS_100keV
 4.80E-02 ; 1.330140E+06
 5.00E-02 ; 1.139895E+06
 6.00E-02 ; 5.721114E+05
 7.00E-02 ; 3.194146E+05
 8.00E-02 ; 1.927912E+05
 9.00E-02 ; 1.235035E+05
 1.00E-01 ; 8.292214E+04
 1.50E-01 ; 1.790067E+04
 2.00E-01 ; 6.032205E+03
 2.50E-01 ; 2.594533E+03
 3.00E-01 ; 1.302192E+03
 3.50E-01 ; 7.270248E+02
 4.00E-01 ; 4.388152E+02
 4.50E-01 ; 2.811085E+02
 5.00E-01 ; 1.887404E+02
 5.50E-01 ; 1.316313E+02
 6.00E-01 ; 9.472849E+01
 6.50E-01 ; 6.999147E+01
 7.00E-01 ; 5.288772E+01
 7.50E-01 ; 4.074402E+01
 8.00E-01 ; 3.192179E+01
 8.50E-01 ; 2.538268E+01
 9.00E-01 ; 2.044935E+01
 9.50E-01 ; 1.666854E+01
 1.00E+00 ; 1.373000E+01
 2.00E+00 ; 9.987944E-01
 3.00E+00 ; 2.156130E-01
 4.00E+00 ; 7.265771E-02
 5.00E+00 ; 3.125107E-02
 6.00E+00 ; 1.568486E-02
 7.00E+00 ; 8.756989E-03
 8.00E+00 ; 5.285514E-03
 9.00E+00 ; 3.385942E-03
 1.00E+01 ; 2.273372E-03
 1.10E+01 ; 1.585494E-03
 1.20E+01 ; 1.141001E-03
 1.30E+01 ; 8.430449E-04
 1.40E+01 ; 6.370308E-04
 1.50E+01 ; 4.907603E-04
 1.60E+01 ; 3.844969E-04
 1.70E+01 ; 3.057335E-04
 1.80E+01 ; 2.463117E-04
 1.90E+01 ; 2.007720E-04
 2.00E+01 ; 1.653773E-04
 2.10E+01 ; 1.375179E-04
 2.20E+01 ; 1.153374E-04
 2.30E+01 ; 9.749393E-05
 2.40E+01 ; 8.300262E-05
 2.50E+01 ; 7.113107E-05
 2.60E+01 ; 6.132764E-05
 2.70E+01 ; 5.317214E-05
 2.80E+01 ; 4.634106E-05
 2.90E+01 ; 4.058295E-05
 3.00E+01 ; 3.570056E-05
 3.10E+01 ; 3.153784E-05
 3.20E+01 ; 2.797038E-05
 3.30E+01 ; 2.489827E-05
 3.40E+01 ; 2.224071E-05
 3.50E+01 ; 1.993192E-05
 3.60E+01 ; 1.791805E-05
 3.70E+01 ; 1.615473E-05
 3.80E+01 ; 1.460524E-05
 3.90E+01 ; 1.323900E-05
 4.00E+01 ; 1.203044E-05
 4.10E+01 ; 1.095808E-05
 4.20E+01 ; 1.000379E-05
 4.30E+01 ; 9.152216E-06
 4.40E+01 ; 8.390270E-06
 4.50E+01 ; 7.706798E-06
 4.60E+01 ; 7.092235E-06
 4.70E+01 ; 6.538355E-06
 4.80E+01 ; 6.038059E-06
 4.90E+01 ; 5.585205E-06
 5.00E+01 ; 5.174459E-06
 5.10E+01 ; 4.801176E-06
 5.20E+01 ; 4.461304E-06
 5.30E+01 ; 4.151293E-06
 5.40E+01 ; 3.868029E-06
 5.50E+01 ; 3.608770E-06
 5.60E+01 ; 3.371099E-06
 5.70E+01 ; 3.152881E-06
 5.80E+01 ; 2.952223E-06
 5.90E+01 ; 2.767445E-06
 6.00E+01 ; 2.597052E-06
 6.10E+01 ; 2.439711E-06
 6.20E+01 ; 2.294233E-06
 6.30E+01 ; 2.159553E-06
 6.40E+01 ; 2.034717E-06
 6.50E+01 ; 1.918868E-06
 6.60E+01 ; 1.811235E-06
 6.70E+01 ; 1.711124E-06
 6.80E+01 ; 1.617909E-06
 6.90E+01 ; 1.531024E-06
 7.00E+01 ; 1.449956E-06
 7.10E+01 ; 1.374240E-06
 7.20E+01 ; 1.303455E-06
 7.30E+01 ; 1.237219E-06
 7.40E+01 ; 1.175182E-06
 7.50E+01 ; 1.117027E-06
 7.60E+01 ; 1.062464E-06
 7.70E+01 ; 1.011228E-06
 7.80E+01 ; 9.630766E-07
 7.90E+01 ; 9.177882E-07
 8.00E+01 ; 8.751596E-07
 8.10E+01 ; 8.350042E-07
 8.20E+01 ; 7.971505E-07
 8.30E+01 ; 7.614410E-07
 8.40E+01 ; 7.277304E-07
 8.50E+01 ; 6.958851E-07
 8.60E+01 ; 6.657817E-07
 8.70E+01 ; 6.373063E-07
 8.80E+01 ; 6.103536E-07
 8.90E+01 ; 5.848263E-07
 9.00E+01 ; 5.606342E-07
 9.10E+01 ; 5.376938E-07
 9.20E+01 ; 5.159276E-07
 9.30E+01 ; 4.952637E-07
 9.40E+01 ; 4.756353E-07
 9.50E+01 ; 4.569804E-07
 9.60E+01 ; 4.392411E-07
 9.70E+01 ; 4.223637E-07
 9.80E+01 ; 4.062980E-07
 9.90E+01 ; 3.909973E-07
 1.00E+02 ; 3.764181E-07
 1.01E+02 ; 3.625195E-07
 1.02E+02 ; 3.492635E-07
 1.03E+02 ; 3.366146E-07
 1.04E+02 ; 3.245394E-07
 1.05E+02 ; 3.130068E-07
 1.06E+02 ; 3.019875E-07
 1.07E+02 ; 2.914543E-07
 1.08E+02 ; 2.813813E-07
 1.09E+02 ; 2.717446E-07
 1.10E+02 ; 2.625214E-07
 1.11E+02 ; 2.536905E-07
 1.12E+02 ; 2.452320E-07
 1.13E+02 ; 2.371269E-07
 1.14E+02 ; 2.293576E-07
 1.15E+02 ; 2.219075E-07
 1.16E+02 ; 2.147607E-07
 1.17E+02 ; 2.079025E-07
 1.18E+02 ; 2.013189E-07
 1.19E+02 ; 1.949967E-07
 1.20E+02 ; 1.889236E-07
 1.21E+02 ; 1.830876E-07
 1.22E+02 ; 1.774777E-07
 1.23E+02 ; 1.720835E-07
 1.24E+02 ; 1.668949E-07
 1.25E+02 ; 1.619025E-07
 1.26E+02 ; 1.570975E-07
 1.27E+02 ; 1.524714E-07
 1.28E+02 ; 1.480163E-07
 1.29E+02 ; 1.437245E-07
 1.30E+02 ; 1.395888E-07
 1.31E+02 ; 1.356025E-07
 1.32E+02 ; 1.317590E-07
 1.33E+02 ; 1.280523E-07
 1.34E+02 ; 1.244764E-07
 1.35E+02 ; 1.210259E-07
 1.36E+02 ; 1.176955E-07
 1.37E+02 ; 1.144801E-07
 1.38E+02 ; 1.113749E-07
 1.39E+02 ; 1.083756E-07
 1.40E+02 ; 1.054776E-07
 1.41E+02 ; 1.026769E-07
 1.42E+02 ; 9.996968E-08
 1.43E+02 ; 9.735202E-08
 1.44E+02 ; 9.482043E-08
 1.45E+02 ; 9.237152E-08
 1.46E+02 ; 9.000204E-08
 1.47E+02 ; 8.770890E-08
 1.48E+02 ; 8.548914E-08
 1.49E+02 ; 8.333995E-08
 1.50E+02 ; 8.125862E-08
 1.51E+02 ; 7.924259E-08
 1.52E+02 ; 7.728939E-08
 1.53E+02 ; 7.539668E-08
 1.54E+02 ; 7.356219E-08
 1.55E+02 ; 7.178379E-08
 1.56E+02 ; 7.005940E-08
 1.57E+02 ; 6.838706E-08
 1.58E+02 ; 6.676488E-08
 1.59E+02 ; 6.519105E-08
 1.60E+02 ; 6.366384E-08
 1.61E+02 ; 6.218160E-08
 1.62E+02 ; 6.074272E-08
 1.63E+02 ; 5.934569E-08
 1.64E+02 ; 5.798904E-08
 1.65E+02 ; 5.667137E-08
 1.66E+02 ; 5.539133E-08
 1.67E+02 ; 5.414764E-08
 1.68E+02 ; 5.293904E-08
 1.69E+02 ; 5.176436E-08
 1.70E+02 ; 5.062245E-08
 1.71E+02 ; 4.951220E-08
 1.72E+02 ; 4.843256E-08
 1.73E+02 ; 4.738252E-08
 1.74E+02 ; 4.636111E-08
 1.75E+02 ; 4.536737E-08
 1.76E+02 ; 4.440042E-08
 1.77E+02 ; 4.345938E-08
 1.78E+02 ; 4.254343E-08
 1.79E+02 ; 4.165174E-08
 1.80E+02 ; 4.078356E-08
 	  ;
 	  ;
    deg   ;    DCS_1MeV
 1.50E-02 ; 3.556805E+06
 2.00E-02 ; 1.143014E+06
 3.00E-02 ; 2.307787E+05
 4.00E-02 ; 7.416303E+04
 5.00E-02 ; 3.074543E+04
 1.00E-01 ; 1.994877E+03
 1.50E-01 ; 4.027727E+02
 2.00E-01 ; 1.294350E+02
 2.50E-01 ; 5.365929E+01
 3.00E-01 ; 2.613339E+01
 3.50E-01 ; 1.422406E+01
 4.00E-01 ; 8.398224E+00
 4.50E-01 ; 5.276423E+00
 5.00E-01 ; 3.481613E+00
 5.50E-01 ; 2.390259E+00
 6.00E-01 ; 1.695631E+00
 6.50E-01 ; 1.236403E+00
 7.00E-01 ; 9.229100E-01
 7.50E-01 ; 7.029500E-01
 8.00E-01 ; 5.449079E-01
 8.50E-01 ; 4.289722E-01
 9.00E-01 ; 3.423539E-01
 9.50E-01 ; 2.765787E-01
 1.00E+00 ; 2.259000E-01
 2.00E+00 ; 1.465722E-02
 3.00E+00 ; 2.959346E-03
 4.00E+00 ; 9.510153E-04
 5.00E+00 ; 3.942580E-04
 6.00E+00 ; 1.920133E-04
 7.00E+00 ; 1.045103E-04
 8.00E+00 ; 6.170539E-05
 9.00E+00 ; 3.876816E-05
 1.00E+01 ; 2.558092E-05
 1.10E+01 ; 1.756227E-05
 1.20E+01 ; 1.245853E-05
 1.30E+01 ; 9.084389E-06
 1.40E+01 ; 6.781019E-06
 1.50E+01 ; 5.164878E-06
 1.60E+01 ; 4.003674E-06
 1.70E+01 ; 3.151844E-06
 1.80E+01 ; 2.515422E-06
 1.90E+01 ; 2.032144E-06
 2.00E+01 ; 1.659785E-06
 2.10E+01 ; 1.369111E-06
 2.20E+01 ; 1.139505E-06
 2.30E+01 ; 9.561767E-07
 2.40E+01 ; 8.083560E-07
 2.50E+01 ; 6.880895E-07
 2.60E+01 ; 5.894288E-07
 2.70E+01 ; 5.078726E-07
 2.80E+01 ; 4.399776E-07
 2.90E+01 ; 3.830837E-07
 3.00E+01 ; 3.351164E-07
 3.10E+01 ; 2.944441E-07
 3.20E+01 ; 2.597732E-07
 3.30E+01 ; 2.300701E-07
 3.40E+01 ; 2.045033E-07
 3.50E+01 ; 1.823995E-07
 3.60E+01 ; 1.632099E-07
 3.70E+01 ; 1.464846E-07
 3.80E+01 ; 1.318530E-07
 3.90E+01 ; 1.190077E-07
 4.00E+01 ; 1.076930E-07
 4.10E+01 ; 9.769472E-08
 4.20E+01 ; 8.883304E-08
 4.30E+01 ; 8.095612E-08
 4.40E+01 ; 7.393532E-08
 4.50E+01 ; 6.766119E-08
 4.60E+01 ; 6.204029E-08
 4.70E+01 ; 5.699254E-08
 4.80E+01 ; 5.244913E-08
 4.90E+01 ; 4.835067E-08
 5.00E+01 ; 4.464579E-08
 5.10E+01 ; 4.128994E-08
 5.20E+01 ; 3.824432E-08
 5.30E+01 ; 3.547510E-08
 5.40E+01 ; 3.295265E-08
 5.50E+01 ; 3.065102E-08
 5.60E+01 ; 2.854738E-08
 5.70E+01 ; 2.662159E-08
 5.80E+01 ; 2.485589E-08
 5.90E+01 ; 2.323454E-08
 6.00E+01 ; 2.174359E-08
 6.10E+01 ; 2.037064E-08
 6.20E+01 ; 1.910462E-08
 6.30E+01 ; 1.793570E-08
 6.40E+01 ; 1.685505E-08
 6.50E+01 ; 1.585477E-08
 6.60E+01 ; 1.492780E-08
 6.70E+01 ; 1.406776E-08
 6.80E+01 ; 1.326893E-08
 6.90E+01 ; 1.252615E-08
 7.00E+01 ; 1.183475E-08
 7.10E+01 ; 1.119053E-08
 7.20E+01 ; 1.058966E-08
 7.30E+01 ; 1.002869E-08
 7.40E+01 ; 9.504469E-09
 7.50E+01 ; 9.014143E-09
 7.60E+01 ; 8.555113E-09
 7.70E+01 ; 8.125008E-09
 7.80E+01 ; 7.721664E-09
 7.90E+01 ; 7.343104E-09
 8.00E+01 ; 6.987521E-09
 8.10E+01 ; 6.653257E-09
 8.20E+01 ; 6.338795E-09
 8.30E+01 ; 6.042742E-09
 8.40E+01 ; 5.763816E-09
 8.50E+01 ; 5.500841E-09
 8.60E+01 ; 5.252733E-09
 8.70E+01 ; 5.018492E-09
 8.80E+01 ; 4.797197E-09
 8.90E+01 ; 4.587998E-09
 9.00E+01 ; 4.390108E-09
 9.10E+01 ; 4.202801E-09
 9.20E+01 ; 4.025403E-09
 9.30E+01 ; 3.857291E-09
 9.40E+01 ; 3.697887E-09
 9.50E+01 ; 3.546654E-09
 9.60E+01 ; 3.403094E-09
 9.70E+01 ; 3.266742E-09
 9.80E+01 ; 3.137170E-09
 9.90E+01 ; 3.013975E-09
 1.00E+02 ; 2.896784E-09
 1.01E+02 ; 2.785249E-09
 1.02E+02 ; 2.679044E-09
 1.03E+02 ; 2.577867E-09
 1.04E+02 ; 2.481433E-09
 1.05E+02 ; 2.389479E-09
 1.06E+02 ; 2.301756E-09
 1.07E+02 ; 2.218032E-09
 1.08E+02 ; 2.138090E-09
 1.09E+02 ; 2.061727E-09
 1.10E+02 ; 1.988752E-09
 1.11E+02 ; 1.918985E-09
 1.12E+02 ; 1.852259E-09
 1.13E+02 ; 1.788416E-09
 1.14E+02 ; 1.727307E-09
 1.15E+02 ; 1.668793E-09
 1.16E+02 ; 1.612742E-09
 1.17E+02 ; 1.559031E-09
 1.18E+02 ; 1.507543E-09
 1.19E+02 ; 1.458169E-09
 1.20E+02 ; 1.410805E-09
 1.21E+02 ; 1.365353E-09
 1.22E+02 ; 1.321722E-09
 1.23E+02 ; 1.279825E-09
 1.24E+02 ; 1.239579E-09
 1.25E+02 ; 1.200906E-09
 1.26E+02 ; 1.163734E-09
 1.27E+02 ; 1.127993E-09
 1.28E+02 ; 1.093618E-09
 1.29E+02 ; 1.060545E-09
 1.30E+02 ; 1.028716E-09
 1.31E+02 ; 9.980761E-10
 1.32E+02 ; 9.685710E-10
 1.33E+02 ; 9.401510E-10
 1.34E+02 ; 9.127686E-10
 1.35E+02 ; 8.863784E-10
 1.36E+02 ; 8.609376E-10
 1.37E+02 ; 8.364054E-10
 1.38E+02 ; 8.127432E-10
 1.39E+02 ; 7.899140E-10
 1.40E+02 ; 7.678829E-10
 1.41E+02 ; 7.466165E-10
 1.42E+02 ; 7.260832E-10
 1.43E+02 ; 7.062528E-10
 1.44E+02 ; 6.870966E-10
 1.45E+02 ; 6.685872E-10
 1.46E+02 ; 6.506985E-10
 1.47E+02 ; 6.334057E-10
 1.48E+02 ; 6.166851E-10
 1.49E+02 ; 6.005141E-10
 1.50E+02 ; 5.848710E-10
 1.51E+02 ; 5.697353E-10
 1.52E+02 ; 5.550874E-10
 1.53E+02 ; 5.409085E-10
 1.54E+02 ; 5.271806E-10
 1.55E+02 ; 5.138866E-10
 1.56E+02 ; 5.010101E-10
 1.57E+02 ; 4.885355E-10
 1.58E+02 ; 4.764478E-10
 1.59E+02 ; 4.647326E-10
 1.60E+02 ; 4.533762E-10
 1.61E+02 ; 4.423655E-10
 1.62E+02 ; 4.316880E-10
 1.63E+02 ; 4.213315E-10
 1.64E+02 ; 4.112845E-10
 1.65E+02 ; 4.015360E-10
 1.66E+02 ; 3.920755E-10
 1.67E+02 ; 3.828926E-10
 1.68E+02 ; 3.739777E-10
 1.69E+02 ; 3.653215E-10
 1.70E+02 ; 3.569149E-10
 1.71E+02 ; 3.487494E-10
 1.72E+02 ; 3.408167E-10
 1.73E+02 ; 3.331089E-10
 1.74E+02 ; 3.256183E-10
 1.75E+02 ; 3.183377E-10
 1.76E+02 ; 3.112599E-10
 1.77E+02 ; 3.043783E-10
 1.78E+02 ; 2.976863E-10
 1.79E+02 ; 2.911777E-10
 1.80E+02 ; 2.848465E-10
 	  ;
 	  ;
 	  ;
    deg   ;  elDCS_10MeV
 6.00E-03 ; 1.629521E+06
 7.00E-03 ; 8.829711E+05
 8.00E-03 ; 5.193122E+05
 9.00E-03 ; 3.251601E+05
 1.00E-02 ; 2.139002E+05
 2.00E-02 ; 1.360244E+04
 3.00E-02 ; 2.714277E+03
 4.00E-02 ; 8.650132E+02
 5.00E-02 ; 3.562915E+02
 1.00E-01 ; 2.265746E+01
 1.50E-01 ; 4.521145E+00
 2.00E-01 ; 1.440844E+00
 2.50E-01 ; 5.934712E-01
 3.00E-01 ; 2.875108E-01
 3.50E-01 ; 1.557904E-01
 4.00E-01 ; 9.162685E-02
 4.50E-01 ; 5.737087E-02
 5.00E-01 ; 3.774031E-02
 5.50E-01 ; 2.583863E-02
 6.00E-01 ; 1.828352E-02
 6.50E-01 ; 1.330088E-02
 7.00E-01 ; 9.907099E-03
 7.50E-01 ; 7.530827E-03
 8.00E-01 ; 5.826778E-03
 8.50E-01 ; 4.579003E-03
 9.00E-01 ; 3.648356E-03
 9.50E-01 ; 2.942794E-03
 1.00E+00 ; 2.400000E-03
 2.00E+00 ; 1.526219E-04
 3.00E+00 ; 3.045469E-05
 4.00E+00 ; 9.705608E-06
 5.00E+00 ; 3.997656E-06
 6.00E+00 ; 1.936689E-06
 7.00E+00 ; 1.049413E-06
 8.00E+00 ; 6.172037E-07
 9.00E+00 ; 3.864535E-07
 1.00E+01 ; 2.542208E-07
 1.10E+01 ; 1.740505E-07
 1.20E+01 ; 1.231588E-07
 1.30E+01 ; 8.959554E-08
 1.40E+01 ; 6.673479E-08
 1.50E+01 ; 5.072808E-08
 1.60E+01 ; 3.924951E-08
 1.70E+01 ; 3.084443E-08
 1.80E+01 ; 2.457553E-08
 1.90E+01 ; 1.982283E-08
 2.00E+01 ; 1.616653E-08
 2.10E+01 ; 1.331648E-08
 2.20E+01 ; 1.106830E-08
 2.30E+01 ; 9.275623E-09
 2.40E+01 ; 7.831979E-09
 2.50E+01 ; 6.658857E-09
 2.60E+01 ; 5.697602E-09
 2.70E+01 ; 4.903885E-09
 2.80E+01 ; 4.243830E-09
 2.90E+01 ; 3.691298E-09
 3.00E+01 ; 3.225924E-09
 3.10E+01 ; 2.831708E-09
 3.20E+01 ; 2.495974E-09
 3.30E+01 ; 2.208606E-09
 3.40E+01 ; 1.961473E-09
 3.50E+01 ; 1.747997E-09
 3.60E+01 ; 1.562819E-09
 3.70E+01 ; 1.401552E-09
 3.80E+01 ; 1.260582E-09
 3.90E+01 ; 1.136918E-09
 4.00E+01 ; 1.028070E-09
 4.10E+01 ; 9.319560E-10
 4.20E+01 ; 8.468282E-10
 4.30E+01 ; 7.712126E-10
 4.40E+01 ; 7.038609E-10
 4.50E+01 ; 6.437118E-10
 4.60E+01 ; 5.898598E-10
 4.70E+01 ; 5.415296E-10
 4.80E+01 ; 4.980550E-10
 4.90E+01 ; 4.588617E-10
 5.00E+01 ; 4.234532E-10
 5.10E+01 ; 3.913990E-10
 5.20E+01 ; 3.623247E-10
 5.30E+01 ; 3.359036E-10
 5.40E+01 ; 3.118502E-10
 5.50E+01 ; 2.899142E-10
 5.60E+01 ; 2.698757E-10
 5.70E+01 ; 2.515409E-10
 5.80E+01 ; 2.347388E-10
 5.90E+01 ; 2.193181E-10
 6.00E+01 ; 2.051445E-10
 6.10E+01 ; 1.920990E-10
 6.20E+01 ; 1.800753E-10
 6.30E+01 ; 1.689789E-10
 6.40E+01 ; 1.587251E-10
 6.50E+01 ; 1.492384E-10
 6.60E+01 ; 1.404507E-10
 6.70E+01 ; 1.323012E-10
 6.80E+01 ; 1.247349E-10
 6.90E+01 ; 1.177026E-10
 7.00E+01 ; 1.111594E-10
 7.10E+01 ; 1.050653E-10
 7.20E+01 ; 9.938356E-11
 7.30E+01 ; 9.408120E-11
 7.40E+01 ; 8.912820E-11
 7.50E+01 ; 8.449727E-11
 7.60E+01 ; 8.016360E-11
 7.70E+01 ; 7.610454E-11
 7.80E+01 ; 7.229948E-11
 7.90E+01 ; 6.872955E-11
 8.00E+01 ; 6.537753E-11
 8.10E+01 ; 6.222763E-11
 8.20E+01 ; 5.926539E-11
 8.30E+01 ; 5.647754E-11
 8.40E+01 ; 5.385190E-11
 8.50E+01 ; 5.137726E-11
 8.60E+01 ; 4.904332E-11
 8.70E+01 ; 4.684057E-11
 8.80E+01 ; 4.476026E-11
 8.90E+01 ; 4.279430E-11
 9.00E+01 ; 4.093523E-11
 9.10E+01 ; 3.917614E-11
 9.20E+01 ; 3.751065E-11
 9.30E+01 ; 3.593283E-11
 9.40E+01 ; 3.443721E-11
 9.50E+01 ; 3.301869E-11
 9.60E+01 ; 3.167255E-11
 9.70E+01 ; 3.039440E-11
 9.80E+01 ; 2.918015E-11
 9.90E+01 ; 2.802601E-11
 1.00E+02 ; 2.692844E-11
 1.01E+02 ; 2.588414E-11
 1.02E+02 ; 2.489003E-11
 1.03E+02 ; 2.394325E-11
 1.04E+02 ; 2.304112E-11
 1.05E+02 ; 2.218113E-11
 1.06E+02 ; 2.136094E-11
 1.07E+02 ; 2.057835E-11
 1.08E+02 ; 1.983132E-11
 1.09E+02 ; 1.911793E-11
 1.10E+02 ; 1.843636E-11
 1.11E+02 ; 1.778493E-11
 1.12E+02 ; 1.716206E-11
 1.13E+02 ; 1.656625E-11
 1.14E+02 ; 1.599611E-11
 1.15E+02 ; 1.545031E-11
 1.16E+02 ; 1.492762E-11
 1.17E+02 ; 1.442688E-11
 1.18E+02 ; 1.394698E-11
 1.19E+02 ; 1.348689E-11
 1.20E+02 ; 1.304565E-11
 1.21E+02 ; 1.262232E-11
 1.22E+02 ; 1.221605E-11
 1.23E+02 ; 1.182601E-11
 1.24E+02 ; 1.145143E-11
 1.25E+02 ; 1.109159E-11
 1.26E+02 ; 1.074578E-11
 1.27E+02 ; 1.041337E-11
 1.28E+02 ; 1.009372E-11
 1.29E+02 ; 9.786268E-12
 1.30E+02 ; 9.490441E-12
 1.31E+02 ; 9.205721E-12
 1.32E+02 ; 8.931612E-12
 1.33E+02 ; 8.667642E-12
 1.34E+02 ; 8.413363E-12
 1.35E+02 ; 8.168353E-12
 1.36E+02 ; 7.932207E-12
 1.37E+02 ; 7.704544E-12
 1.38E+02 ; 7.485001E-12
 1.39E+02 ; 7.273231E-12
 1.40E+02 ; 7.068907E-12
 1.41E+02 ; 6.871717E-12
 1.42E+02 ; 6.681363E-12
 1.43E+02 ; 6.497562E-12
 1.44E+02 ; 6.320047E-12
 1.45E+02 ; 6.148560E-12
 1.46E+02 ; 5.982857E-12
 1.47E+02 ; 5.822705E-12
 1.48E+02 ; 5.667883E-12
 1.49E+02 ; 5.518179E-12
 1.50E+02 ; 5.373391E-12
 1.51E+02 ; 5.233327E-12
 1.52E+02 ; 5.097802E-12
 1.53E+02 ; 4.966641E-12
 1.54E+02 ; 4.839676E-12
 1.55E+02 ; 4.716748E-12
 1.56E+02 ; 4.597703E-12
 1.57E+02 ; 4.482394E-12
 1.58E+02 ; 4.370683E-12
 1.59E+02 ; 4.262434E-12
 1.60E+02 ; 4.157519E-12
 1.61E+02 ; 4.055817E-12
 1.62E+02 ; 3.957209E-12
 1.63E+02 ; 3.861584E-12
 1.64E+02 ; 3.768833E-12
 1.65E+02 ; 3.678854E-12
 1.66E+02 ; 3.591547E-12
 1.67E+02 ; 3.506818E-12
 1.68E+02 ; 3.424576E-12
 1.69E+02 ; 3.344734E-12
 1.70E+02 ; 3.267207E-12
 1.71E+02 ; 3.191917E-12
 1.72E+02 ; 3.118786E-12
 1.73E+02 ; 3.047740E-12
 1.74E+02 ; 2.978708E-12
 1.75E+02 ; 2.911622E-12
 1.76E+02 ; 2.846416E-12
 1.77E+02 ; 2.783027E-12
 1.78E+02 ; 2.721395E-12
 1.79E+02 ; 2.661463E-12
 1.80E+02 ; 2.603173E-12
