289,17,idxs
,0.5,1,1.5,2,3,4,6,8.5,10,15,20,30,40,50,70,90,100
0,3.882245,2.605859,2.961839,3.51834,6.29826,9.96577,25.83567,39.91655,57.2004,90.72,116.48,150.08,178.64,202.44,240.8,271.32,282.8
0.1,3.88235,2.606248,2.962118,3.518594,6.298097,9.964628,25.827886,39.900166,57.172967,90.58,116.312,149.772,178.192,201.852,239.876,270.088,281.512
0.2,3.882456,2.606636,2.962398,3.518848,6.297934,9.963487,25.820103,39.883783,57.145534,90.44,116.144,149.464,177.744,201.264,238.952,268.856,280.224
0.3,3.882561,2.607025,2.962677,3.519102,6.297772,9.962345,25.812319,39.867399,57.1181,90.3,115.976,149.156,177.296,200.676,238.028,267.624,278.936
0.4,3.882666,2.607413,2.962956,3.519356,6.297609,9.961204,25.804536,39.851016,57.090667,90.16,115.808,148.848,176.848,200.088,237.104,266.392,277.648
0.5,3.882772,2.607802,2.963235,3.51961,6.297446,9.960062,25.796752,39.834632,57.063234,90.02,115.64,148.54,176.4,199.5,236.18,265.16,276.36
0.6,3.882877,2.60819,2.963515,3.519864,6.297283,9.95892,25.788968,39.818248,57.035801,89.88,115.472,148.232,175.952,198.912,235.256,263.928,275.072
0.7,3.882982,2.608579,2.963794,3.520118,6.29712,9.957779,25.781185,39.801865,57.008368,89.74,115.304,147.924,175.504,198.324,234.332,262.696,273.784
0.8,3.883088,2.608967,2.964073,3.520372,6.296958,9.956637,25.773401,39.785481,56.980934,89.6,115.136,147.616,175.056,197.736,233.408,261.464,272.496
0.9,3.883193,2.609356,2.964353,3.520626,6.296795,9.955496,25.765618,39.769098,56.953501,89.46,114.968,147.308,174.608,197.148,232.484,260.232,271.208
1,3.883298,2.609745,2.964632,3.52088,6.296632,9.954354,25.757834,39.752714,56.926068,89.32,114.8,147,174.16,196.56,231.56,259,269.92
1.1,3.883404,2.610133,2.964911,3.521134,6.296469,9.953212,25.75005,39.73633,56.898635,89.012,114.296,146.216,173.068,195.16,229.572,256.424,267.092
1.2,3.883509,2.610522,2.96519,3.521388,6.296306,9.952071,25.742267,39.719947,56.871202,88.704,113.792,145.432,171.976,193.76,227.584,253.848,264.264
1.3,3.883614,2.61091,2.96547,3.521642,6.296144,9.950929,25.734483,39.703563,56.843768,88.396,113.288,144.648,170.884,192.36,225.596,251.272,261.436
1.4,3.883719,2.611299,2.965749,3.521896,6.295981,9.949788,25.7267,39.68718,56.816335,88.088,112.784,143.864,169.792,190.96,223.608,248.696,258.608
1.5,3.883825,2.611687,2.966028,3.52215,6.295818,9.948646,25.718916,39.670796,56.788902,87.78,112.28,143.08,168.7,189.56,221.62,246.12,255.78
1.6,3.88393,2.612076,2.966307,3.522404,6.295655,9.947504,25.711132,39.654412,56.761469,87.472,111.776,142.296,167.608,188.16,219.632,243.544,252.952
1.7,3.884035,2.612465,2.966587,3.522658,6.295492,9.946363,25.703349,39.638029,56.734036,87.164,111.272,141.512,166.516,186.76,217.644,240.968,250.124
1.8,3.884141,2.612853,2.966866,3.522912,6.29533,9.945221,25.695565,39.621645,56.706602,86.856,110.768,140.728,165.424,185.36,215.656,238.392,247.296
1.9,3.884246,2.613242,2.967145,3.523166,6.295167,9.94408,25.687782,39.605262,56.679169,86.548,110.264,139.944,164.332,183.96,213.668,235.816,244.468
2,3.884351,2.61363,2.967425,3.52342,6.295004,9.942938,25.679998,39.588878,56.651736,86.24,109.76,139.16,163.24,182.56,211.68,233.24,241.64
2.1,3.884457,2.614019,2.967704,3.523674,6.294841,9.941796,25.672214,39.572494,56.624303,85.792,109.144,138.236,161.98,181.02,209.58,230.608,238.756
2.2,3.884562,2.614407,2.967983,3.523928,6.294678,9.940655,25.664431,39.556111,56.59687,85.344,108.528,137.312,160.72,179.48,207.48,227.976,235.872
2.3,3.884667,2.614796,2.968262,3.524182,6.294516,9.939513,25.656647,39.539727,56.569436,84.896,107.912,136.388,159.46,177.94,205.38,225.344,232.988
2.4,3.884773,2.615184,2.968542,3.524436,6.294353,9.938372,25.648864,39.523344,56.542003,84.448,107.296,135.464,158.2,176.4,203.28,222.712,230.104
2.5,3.884878,2.615573,2.968821,3.52469,6.29419,9.93723,25.64108,39.50696,56.51457,84,106.68,134.54,156.94,174.86,201.18,220.08,227.22
2.6,3.885192,2.616729,2.969649,3.525443,6.293706,9.93385,25.618129,39.458909,56.434183,83.552,106.064,133.616,155.68,173.32,199.08,217.448,224.336
2.7,3.885506,2.617884,2.970477,3.526196,6.293221,9.930469,25.595178,39.410858,56.353796,83.104,105.448,132.692,154.42,171.78,196.98,214.816,221.452
2.8,3.885819,2.61904,2.971305,3.526948,6.292737,9.927089,25.572228,39.362806,56.273408,82.656,104.832,131.768,153.16,170.24,194.88,212.184,218.568
2.9,3.886133,2.620195,2.972132,3.527701,6.292252,9.923708,25.549277,39.314755,56.193021,82.208,104.216,130.844,151.9,168.7,192.78,209.552,215.684
3,3.886447,2.621351,2.97296,3.528454,6.291768,9.920328,25.526326,39.266704,56.112634,81.76,103.6,129.92,150.64,167.16,190.68,206.92,212.8
3.1,3.886761,2.622506,2.973788,3.529207,6.291284,9.916948,25.503375,39.218653,56.032247,81.34,102.984,129.024,149.436,165.648,188.636,204.344,210
3.2,3.887074,2.623662,2.974616,3.52996,6.290799,9.913567,25.480424,39.170602,55.95186,80.92,102.368,128.128,148.232,164.136,186.592,201.768,207.2
3.3,3.887388,2.624817,2.975444,3.530712,6.290315,9.910187,25.457474,39.12255,55.871472,80.5,101.752,127.232,147.028,162.624,184.548,199.192,204.4
3.4,3.887702,2.625973,2.976272,3.531465,6.28983,9.906806,25.434523,39.074499,55.791085,80.08,101.136,126.336,145.824,161.112,182.504,196.616,201.6
3.5,3.888016,2.627128,2.977099,3.532218,6.289346,9.903426,25.411572,39.026448,55.710698,79.66,100.52,125.44,144.62,159.6,180.46,194.04,198.8
3.6,3.888329,2.628284,2.977927,3.532971,6.288862,9.900046,25.388621,38.978397,55.630311,79.24,99.904,124.544,143.416,158.088,178.416,191.464,196
3.7,3.888643,2.629439,2.978755,3.533724,6.288377,9.896665,25.36567,38.930346,55.549924,78.82,99.288,123.648,142.212,156.576,176.372,188.888,193.2
3.8,3.888957,2.630595,2.979583,3.534476,6.287893,9.893285,25.34272,38.882294,55.469536,78.4,98.672,122.752,141.008,155.064,174.328,186.312,190.4
3.9,3.889271,2.63175,2.980411,3.535229,6.287408,9.889904,25.319769,38.834243,55.389149,77.98,98.056,121.856,139.804,153.552,172.284,183.736,187.6
4,3.889584,2.632906,2.981239,3.535982,6.286924,9.886524,25.296818,38.786192,55.308762,77.56,97.44,120.96,138.6,152.04,170.24,181.16,184.8
4.1,3.889898,2.634061,2.982066,3.536735,6.28644,9.883144,25.273867,38.738141,55.228375,77.14,96.852,120.064,137.396,150.556,168.196,178.612,182.056
4.2,3.890212,2.635217,2.982894,3.537488,6.285955,9.879763,25.250916,38.69009,55.147988,76.72,96.264,119.168,136.192,149.072,166.152,176.064,179.312
4.3,3.890526,2.636372,2.983722,3.53824,6.285471,9.876383,25.227966,38.642038,55.0676,76.3,95.676,118.272,134.988,147.588,164.108,173.516,176.568
4.4,3.890839,2.637528,2.98455,3.538993,6.284986,9.873002,25.205015,38.593987,54.987213,75.88,95.088,117.376,133.784,146.104,162.064,170.968,173.824
4.5,3.891153,2.638683,2.985378,3.539746,6.284502,9.869622,25.182064,38.545936,54.906826,75.46,94.5,116.48,132.58,144.62,160.02,168.42,171.08
4.6,3.891467,2.639839,2.986206,3.540499,6.284018,9.866242,25.159113,38.497885,54.826439,75.04,93.912,115.584,131.376,143.136,157.976,165.872,168.336
4.7,3.891781,2.640994,2.987033,3.541252,6.283533,9.862861,25.136162,38.449834,54.746052,74.62,93.324,114.688,130.172,141.652,155.932,163.324,165.592
4.8,3.892094,2.64215,2.987861,3.542004,6.283049,9.859481,25.113212,38.401782,54.665664,74.2,92.736,113.792,128.968,140.168,153.888,160.776,162.848
4.9,3.892408,2.643305,2.988689,3.542757,6.282564,9.8561,25.090261,38.353731,54.585277,73.78,92.148,112.896,127.764,138.684,151.844,158.228,160.104
5,3.892722,2.644461,2.989517,3.54351,6.28208,9.85272,25.06731,38.30568,54.50489,73.36,91.56,112,126.56,137.2,149.8,155.68,157.36
5.1,3.893238,2.646353,2.990864,3.544734,6.281282,9.847228,25.030361,38.229143,54.377086,72.94,90.972,111.104,125.384,135.744,147.84,153.3,154.812
5.2,3.893753,2.648246,2.992211,3.545959,6.280485,9.841735,24.993412,38.152606,54.249281,72.52,90.384,110.208,124.208,134.288,145.88,150.92,152.264
5.3,3.894269,2.650138,2.993558,3.547183,6.279687,9.836243,24.956464,38.076068,54.121477,72.1,89.796,109.312,123.032,132.832,143.92,148.54,149.716
5.4,3.894785,2.65203,2.994904,3.548408,6.27889,9.83075,24.919515,37.999531,53.993672,71.68,89.208,108.416,121.856,131.376,141.96,146.16,147.168
5.5,3.895301,2.653923,2.996251,3.549632,6.278092,9.825258,24.882566,37.922994,53.865868,71.26,88.62,107.52,120.68,129.92,140,143.78,144.62
5.6,3.895816,2.655815,2.997598,3.550856,6.277294,9.819766,24.845617,37.846457,53.738064,70.84,88.032,106.624,119.504,128.464,138.04,141.4,142.072
5.7,3.896332,2.657707,2.998945,3.552081,6.276497,9.814273,24.808668,37.76992,53.610259,70.42,87.444,105.728,118.328,127.008,136.08,139.02,139.524
5.8,3.896848,2.6596,3.000292,3.553305,6.275699,9.808781,24.77172,37.693382,53.482455,70,86.856,104.832,117.152,125.552,134.12,136.64,136.976
5.9,3.897363,2.661492,3.001639,3.55453,6.274902,9.803288,24.734771,37.616845,53.35465,69.58,86.268,103.936,115.976,124.096,132.16,134.26,134.428
6,3.897879,2.663384,3.002985,3.555754,6.274104,9.797796,24.697822,37.540308,53.226846,69.16,85.68,103.04,114.8,122.64,130.2,131.88,131.88
6.1,3.898395,2.665277,3.004332,3.556978,6.273306,9.792304,24.660873,37.463771,53.099042,68.768,85.092,102.172,113.624,121.212,128.352,129.696,129.556
6.2,3.898911,2.667169,3.005679,3.558203,6.272509,9.786811,24.623924,37.387234,52.971237,68.376,84.504,101.304,112.448,119.784,126.504,127.512,127.232
6.3,3.899426,2.669061,3.007026,3.559427,6.271711,9.781319,24.586976,37.310696,52.843433,67.984,83.916,100.436,111.272,118.356,124.656,125.328,124.908
6.4,3.899942,2.670953,3.008373,3.560652,6.270914,9.775826,24.550027,37.234159,52.715628,67.592,83.328,99.568,110.096,116.928,122.808,123.144,122.584
6.5,3.900458,2.672846,3.00972,3.561876,6.270116,9.770334,24.513078,37.157622,52.587824,67.2,82.74,98.7,108.92,115.5,120.96,120.96,120.26
6.6,3.900974,2.674738,3.011066,3.5631,6.269318,9.764842,24.476129,37.081085,52.46002,66.808,82.152,97.832,107.744,114.072,119.112,118.776,117.936
6.7,3.901489,2.67663,3.012413,3.564325,6.268521,9.759349,24.43918,37.004548,52.332215,66.416,81.564,96.964,106.568,112.644,117.264,116.592,115.612
6.8,3.902005,2.678523,3.01376,3.565549,6.267723,9.753857,24.402232,36.92801,52.204411,66.024,80.976,96.096,105.392,111.216,115.416,114.408,113.288
6.9,3.902521,2.680415,3.015107,3.566774,6.266926,9.748364,24.365283,36.851473,52.076606,65.632,80.388,95.228,104.216,109.788,113.568,112.224,110.964
7,3.903036,2.682307,3.016454,3.567998,6.266128,9.742872,24.328334,36.774936,51.948802,65.24,79.8,94.36,103.04,108.36,111.72,110.04,108.64
7.1,3.903552,2.6842,3.017801,3.569222,6.26533,9.73738,24.291385,36.698399,51.820998,64.848,79.212,93.492,101.948,107.044,110.012,108.108,106.596
7.2,3.904068,2.686092,3.019147,3.570447,6.264533,9.731887,24.254436,36.621862,51.693193,64.456,78.624,92.624,100.856,105.728,108.304,106.176,104.552
7.3,3.904584,2.687984,3.020494,3.571671,6.263735,9.726395,24.217488,36.545324,51.565389,64.064,78.036,91.756,99.764,104.412,106.596,104.244,102.508
7.4,3.905099,2.689877,3.021841,3.572896,6.262938,9.720902,24.180539,36.468787,51.437584,63.672,77.448,90.888,98.672,103.096,104.888,102.312,100.464
7.5,3.905615,2.691769,3.023188,3.57412,6.26214,9.71541,24.14359,36.39225,51.30978,63.28,76.86,90.02,97.58,101.78,103.18,100.38,98.42
7.6,3.906322,2.694349,3.025006,3.575772,6.261043,9.708007,24.094486,36.292159,51.143144,62.888,76.272,89.152,96.488,100.464,101.472,98.448,96.376
7.7,3.907029,2.696929,3.026824,3.577425,6.259946,9.700604,24.045382,36.192068,50.976508,62.496,75.684,88.284,95.396,99.148,99.764,96.516,94.332
7.8,3.907736,2.699508,3.028641,3.579077,6.25885,9.693202,23.996278,36.091978,50.809872,62.104,75.096,87.416,94.304,97.832,98.056,94.584,92.288
7.9,3.908443,2.702088,3.030459,3.58073,6.257753,9.685799,23.947174,35.991887,50.643236,61.712,74.508,86.548,93.212,96.516,96.348,92.652,90.244
8,3.90915,2.704668,3.032277,3.582382,6.256656,9.678396,23.89807,35.891796,50.4766,61.32,73.92,85.68,92.12,95.2,94.64,90.72,88.2
8.1,3.909857,2.707248,3.034095,3.584034,6.255559,9.670993,23.848966,35.791705,50.309964,60.928,73.36,84.868,91.056,93.94,93.128,89.012,86.408
8.2,3.910564,2.709828,3.035913,3.585687,6.254462,9.66359,23.799862,35.691614,50.143328,60.536,72.8,84.056,89.992,92.68,91.616,87.304,84.616
8.3,3.911271,2.712407,3.03773,3.587339,6.253366,9.656188,23.750758,35.591524,49.976692,60.144,72.24,83.244,88.928,91.42,90.104,85.596,82.824
8.4,3.911978,2.714987,3.039548,3.588992,6.252269,9.648785,23.701654,35.491433,49.810056,59.752,71.68,82.432,87.864,90.16,88.592,83.888,81.032
8.5,3.912685,2.717567,3.041366,3.590644,6.251172,9.641382,23.65255,35.391342,49.64342,59.36,71.12,81.62,86.8,88.9,87.08,82.18,79.24
8.6,3.913392,2.720147,3.043184,3.592296,6.250075,9.633979,23.603446,35.291251,49.476784,58.968,70.56,80.808,85.736,87.64,85.568,80.472,77.448
8.7,3.914099,2.722727,3.045002,3.593949,6.248978,9.626576,23.554342,35.19116,49.310148,58.576,70,79.996,84.672,86.38,84.056,78.764,75.656
8.8,3.914805,2.725306,3.046819,3.595601,6.247882,9.619174,23.505238,35.09107,49.143512,58.184,69.44,79.184,83.608,85.12,82.544,77.056,73.864
8.9,3.915512,2.727886,3.048637,3.597254,6.246785,9.611771,23.456134,34.990979,48.976876,57.792,68.88,78.372,82.544,83.86,81.032,75.348,72.072
9,3.916219,2.730466,3.050455,3.598906,6.245688,9.604368,23.40703,34.890888,48.81024,57.4,68.32,77.56,81.48,82.6,79.52,73.64,70.28
9.1,3.916926,2.733046,3.052273,3.600558,6.244591,9.596965,23.357926,34.790797,48.643604,57.008,67.788,76.776,80.5,81.452,78.148,72.156,68.796
9.2,3.917633,2.735626,3.054091,3.602211,6.243494,9.589562,23.308822,34.690706,48.476968,56.616,67.256,75.992,79.52,80.304,76.776,70.672,67.312
9.3,3.91834,2.738205,3.055908,3.603863,6.242398,9.58216,23.259718,34.590616,48.310332,56.224,66.724,75.208,78.54,79.156,75.404,69.188,65.828
9.4,3.919047,2.740785,3.057726,3.605516,6.241301,9.574757,23.210614,34.490525,48.143696,55.832,66.192,74.424,77.56,78.008,74.032,67.704,64.344
9.5,3.919754,2.743365,3.059544,3.607168,6.240204,9.567354,23.16151,34.390434,47.97706,55.44,65.66,73.64,76.58,76.86,72.66,66.22,62.86
9.6,3.920461,2.745945,3.061362,3.60882,6.239107,9.559951,23.112406,34.290343,47.810424,55.048,65.128,72.856,75.6,75.712,71.288,64.736,61.376
9.7,3.921168,2.748525,3.06318,3.610473,6.23801,9.552548,23.063302,34.190252,47.643788,54.656,64.596,72.072,74.62,74.564,69.916,63.252,59.892
9.8,3.921875,2.751104,3.064997,3.612125,6.236914,9.545146,23.014198,34.090162,47.477152,54.264,64.064,71.288,73.64,73.416,68.544,61.768,58.408
9.9,3.922582,2.753684,3.066815,3.613778,6.235817,9.537743,22.965094,33.990071,47.310516,53.872,63.532,70.504,72.66,72.268,67.172,60.284,56.924
10,3.923289,2.756264,3.068633,3.61543,6.23472,9.53034,22.91599,33.88998,47.14388,53.48,63,69.72,71.68,71.12,65.8,58.8,55.44
10.1,3.924172,2.759465,3.070857,3.617451,6.233339,9.521288,22.857103,33.772516,46.94917,53.116,62.468,68.964,70.756,70.084,64.624,57.568,54.208
10.2,3.925056,2.762665,3.073081,3.619472,6.231958,9.512237,22.798216,33.655051,46.754459,52.752,61.936,68.208,69.832,69.048,63.448,56.336,52.976
10.3,3.925939,2.765866,3.075305,3.621492,6.230578,9.503185,22.73933,33.537587,46.559749,52.388,61.404,67.452,68.908,68.012,62.272,55.104,51.744
10.4,3.926822,2.769066,3.07753,3.623513,6.229197,9.494134,22.680443,33.420122,46.365038,52.024,60.872,66.696,67.984,66.976,61.096,53.872,50.512
10.5,3.927706,2.772267,3.079754,3.625534,6.227816,9.485082,22.621556,33.302658,46.170328,51.66,60.34,65.94,67.06,65.94,59.92,52.64,49.28
10.6,3.928589,2.775467,3.081978,3.627555,6.226435,9.47603,22.562669,33.185194,45.975618,51.296,59.808,65.184,66.136,64.904,58.744,51.408,48.048
10.7,3.929473,2.778668,3.084202,3.629576,6.225054,9.466979,22.503782,33.067729,45.780907,50.932,59.276,64.428,65.212,63.868,57.568,50.176,46.816
10.8,3.930356,2.781868,3.086426,3.631596,6.223674,9.457927,22.444896,32.950265,45.586197,50.568,58.744,63.672,64.288,62.832,56.392,48.944,45.584
10.9,3.931239,2.785069,3.08865,3.633617,6.222293,9.448876,22.386009,32.8328,45.391486,50.204,58.212,62.916,63.364,61.796,55.216,47.712,44.352
11,3.932123,2.788269,3.090875,3.635638,6.220912,9.439824,22.327122,32.715336,45.196776,49.84,57.68,62.16,62.44,60.76,54.04,46.48,43.12
11.1,3.933006,2.79147,3.093099,3.637659,6.219531,9.430772,22.268235,32.597872,45.002066,49.476,57.176,61.488,61.628,59.836,53.032,45.472,42.14
11.2,3.933889,2.79467,3.095323,3.63968,6.21815,9.421721,22.209348,32.480407,44.807355,49.112,56.672,60.816,60.816,58.912,52.024,44.464,41.16
11.3,3.934773,2.797871,3.097547,3.6417,6.21677,9.412669,22.150462,32.362943,44.612645,48.748,56.168,60.144,60.004,57.988,51.016,43.456,40.18
11.4,3.935656,2.801071,3.099771,3.643721,6.215389,9.403618,22.091575,32.245478,44.417934,48.384,55.664,59.472,59.192,57.064,50.008,42.448,39.2
11.5,3.936539,2.804272,3.101995,3.645742,6.214008,9.394566,22.032688,32.128014,44.223224,48.02,55.16,58.8,58.38,56.14,49,41.44,38.22
11.6,3.937423,2.807472,3.10422,3.647763,6.212627,9.385514,21.973801,32.01055,44.028514,47.656,54.656,58.128,57.568,55.216,47.992,40.432,37.24
11.7,3.938306,2.810673,3.106444,3.649784,6.211246,9.376463,21.914914,31.893085,43.833803,47.292,54.152,57.456,56.756,54.292,46.984,39.424,36.26
11.8,3.939189,2.813873,3.108668,3.651804,6.209866,9.367411,21.856028,31.775621,43.639093,46.928,53.648,56.784,55.944,53.368,45.976,38.416,35.28
11.9,3.940073,2.817074,3.110892,3.653825,6.208485,9.35836,21.797141,31.658156,43.444382,46.564,53.144,56.112,55.132,52.444,44.968,37.408,34.3
12,3.940956,2.820274,3.113116,3.655846,6.207104,9.349308,21.738254,31.540692,43.249672,46.2,52.64,55.44,54.32,51.52,43.96,36.4,33.32
13,3.950578,2.854971,3.136997,3.67753,6.19195,9.252056,21.114058,30.313262,41.221516,42.84,47.88,49,46.76,43.4,35.28,28.28,25.48
14,3.960989,2.89236,3.162518,3.70069,6.17545,9.148068,20.454534,29.033046,39.112308,39.76,43.68,43.12,40.04,36.12,28.28,22.008,19.516
15,3.9714,2.929749,3.188038,3.72385,6.15895,9.04408,19.79501,27.75283,37.0031,36.68,39.48,37.8,34.16,30.24,22.596,17.08,15.036
16,3.983164,2.971569,3.215941,3.749114,6.139882,8.929836,19.093466,26.435218,34.850348,33.6,35.56,33.04,28.84,24.892,18.004,13.356,11.732
17,3.994928,3.01339,3.243844,3.774378,6.120814,8.815592,18.391922,25.117606,32.697596,30.8,31.92,28.56,24.388,20.496,14.364,10.584,9.324
18,4.00724,3.056899,3.272454,3.800234,6.100488,8.697816,17.683402,23.812442,30.577124,28.28,28.56,24.752,20.524,16.856,11.536,8.54,7.616
19,4.020101,3.102096,3.301771,3.826682,6.078904,8.576508,16.967906,22.519726,28.488932,25.872,25.564,21.364,17.248,13.888,9.38,7.084,6.412
20,4.032961,3.147293,3.331087,3.85313,6.05732,8.4552,16.25241,21.22701,26.40074,23.632,22.82,18.396,14.448,11.452,7.756,6.02,5.544
21,4.046632,3.194743,3.360807,3.87977,6.033188,8.329796,15.548642,20.010894,24.466392,21.56,20.3,15.82,12.152,9.52,6.524,5.236,4.9
22,4.060303,3.242194,3.390527,3.90641,6.009056,8.204392,14.844874,18.794778,22.532044,19.628,18.06,13.58,10.248,7.98,5.6,4.648,4.424
23,4.074223,3.29019,3.419944,3.932646,5.983584,8.078222,14.157886,17.635964,20.70707,17.864,16.044,11.676,8.68,6.776,4.9,4.228,4.032
24,4.088393,3.338733,3.449058,3.958478,5.956772,7.951286,13.487678,16.534452,18.99147,16.268,14.252,10.052,7.392,5.824,4.396,3.864,3.696
25,4.102563,3.387275,3.478172,3.98431,5.92996,7.82435,12.81747,15.43294,17.27587,14.784,12.656,8.68,6.384,5.096,3.976,3.528,3.388
26,4.116901,3.435743,3.505704,4.008334,5.900244,7.697926,12.19777,14.469072,15.817202,13.44,11.228,7.56,5.544,4.508,3.64,3.248,3.136
27,4.131239,3.48421,3.533237,4.032358,5.870528,7.571502,11.57807,13.505204,14.358534,12.236,9.996,6.608,4.9,4.06,3.36,2.996,2.884
28,4.145489,3.532071,3.559526,4.054998,5.839196,7.446046,10.989404,12.614442,13.034472,11.144,8.904,5.824,4.368,3.696,3.108,2.772,2.6376
29,4.15965,3.579324,3.584572,4.076254,5.806248,7.321558,10.431772,11.796786,11.845016,10.164,7.98,5.152,3.948,3.388,2.856,2.548,2.4192
30,4.173811,3.626578,3.609618,4.09751,5.7733,7.19707,9.87414,10.97913,10.65556,9.296,7.168,4.62,3.612,3.136,2.6572,2.3436,2.212
31,4.187442,3.671534,3.63137,4.115118,5.736716,7.075322,9.384728,10.303774,9.725208,8.512,6.468,4.172,3.304,2.912,2.4612,2.1476,2.0188
32,4.201073,3.716491,3.653122,4.132726,5.700132,6.953574,8.895316,9.628418,8.794856,7.812,5.852,3.808,3.08,2.7188,2.2764,1.9684,1.8424
33,4.214261,3.759799,3.672886,4.148112,5.661504,6.833308,8.440608,9.017524,7.980496,7.196,5.32,3.5,2.884,2.5396,2.1056,1.8032,1.6744
34,4.227008,3.801458,3.690662,4.161276,5.620832,6.714524,8.020604,8.471092,7.282128,6.636,4.9,3.248,2.6852,2.3716,1.946,1.6492,1.5204
35,4.239754,3.843118,3.708438,4.17444,5.58016,6.59574,7.6006,7.92466,6.58376,6.16,4.508,3.052,2.5228,2.2176,1.7976,1.5064,1.3776
36,4.251267,3.880586,3.721698,4.182492,5.534952,6.479628,7.247036,7.487844,6.079608,5.74,4.172,2.856,2.3716,2.072,1.6604,1.372,1.2432
37,4.26278,3.918054,3.734958,4.190544,5.489744,6.363516,6.893472,7.051028,5.575456,5.348,3.892,2.6908,2.2316,1.9348,1.5372,1.2488,1.1172
38,4.273507,3.953041,3.745768,4.195774,5.442056,6.248418,6.570082,6.658152,5.147366,5.04,3.668,2.5452,2.1,1.8088,1.4196,1.134,0.9996
39,4.283449,3.985548,3.754127,4.198182,5.391888,6.134334,6.276866,6.309216,4.795338,4.732,3.444,2.4136,1.9796,1.6884,1.3132,1.0248,0.8904
40,4.293391,4.018055,3.762487,4.20059,5.34172,6.02025,5.98365,5.96028,4.44331,4.48,3.276,2.2904,1.862,1.5792,1.2124,0.924,0.7924
41,4.301446,4.044969,3.765723,4.196962,5.286252,5.90731,5.742686,5.6781,4.202502,4.256,3.108,2.1756,1.7528,1.4784,1.12,0.8288,0.7
42,4.309501,4.071884,3.76896,4.193334,5.230784,5.79437,5.501722,5.39592,3.961694,4.06,2.968,2.072,1.652,1.386,1.0304,0.742,0.6188
43,4.316468,4.095759,3.769602,4.186576,5.172554,5.68154,5.282402,5.13799,3.758682,3.892,2.856,1.9712,1.5596,1.302,0.9492,0.6608,0.546
44,4.322345,4.116596,3.76765,4.176688,5.111562,5.56882,5.084726,4.90431,3.593466,3.724,2.744,1.8788,1.4728,1.2236,0.8708,0.588,0.4844
45,4.328222,4.137432,3.765698,4.1668,5.05057,5.4561,4.88705,4.67063,3.42825,3.584,2.6432,1.7892,1.3944,1.1508,0.798,0.5236,0.4284
46,4.331664,4.151856,3.758645,4.15058,4.984002,5.342764,4.723786,4.471386,3.31069,3.472,2.548,1.7052,1.3216,1.0836,0.728,0.4648,0.3836
47,4.335105,4.16628,3.751592,4.13436,4.917434,5.229428,4.560522,4.272142,3.19313,3.36,2.4612,1.6296,1.2544,1.022,0.6608,0.4172,0.3472
48,4.337219,4.177405,3.7421,4.115016,4.848138,5.115478,4.410458,4.085392,3.08965,3.248,2.38,1.5568,1.1928,0.9632,0.5992,0.3724,0.3164
49,4.338006,4.18523,3.730169,4.092548,4.776114,5.000914,4.273594,3.911136,3.00025,3.164,2.3044,1.4896,1.1368,0.9044,0.5432,0.3388,0.294
50,4.338792,4.193055,3.718238,4.07008,4.70409,4.88635,4.13673,3.73688,2.91085,3.08,2.2316,1.428,1.0836,0.8512,0.4928,0.3108,0.27664
51,4.336748,4.194239,3.701772,4.041584,4.626942,4.770298,4.019638,3.5824,2.837898,2.996,2.1644,1.3692,1.036,0.8008,0.4452,0.2856,0.26432
52,4.334703,4.195423,3.685306,4.013088,4.549794,4.654246,3.902546,3.42792,2.764946,2.94,2.0972,1.3188,0.9884,0.7504,0.4032,0.26908,0.2562
53,4.331179,4.193332,3.666791,3.981756,4.470346,4.53751,3.79283,3.282388,2.697472,2.856,2.0384,1.2712,0.9464,0.7028,0.3668,0.25648,0.2506
54,4.326176,4.187965,3.646228,3.947588,4.388598,4.42009,3.69049,3.145804,2.635476,2.7916,1.9796,1.2264,0.9016,0.6552,0.3332,0.24724,0.24752
55,4.321173,4.182598,3.625664,3.91342,4.30685,4.30267,3.58815,3.00922,2.57348,2.7272,1.9208,1.1844,0.8624,0.6104,0.308,0.24136,0.24584
56,4.313133,4.170892,3.60151,3.874044,4.221218,4.184418,3.497174,2.890772,2.521096,2.6656,1.8676,1.1452,0.8232,0.5684,0.2856,0.238,0.24472
57,4.305094,4.159186,3.577355,3.834668,4.135586,4.066166,3.406198,2.772324,2.468712,2.6068,1.82,1.1088,0.784,0.5292,0.26628,0.23604,0.24416
58,4.295523,4.144469,3.551681,3.792962,4.048458,3.947958,3.31993,2.663518,2.421516,2.5508,1.7724,1.0752,0.7448,0.49,0.25144,0.2352,0.24304
59,4.284422,4.12674,3.524486,3.748926,3.959834,3.829794,3.23837,2.564354,2.379508,2.4948,1.7276,1.0416,0.7084,0.4536,0.24024,0.23464,0.24136
60,4.273321,4.109012,3.497292,3.70489,3.87121,3.71163,3.15681,2.46519,2.3375,2.4416,1.6828,1.0108,0.6692,0.42,0.23212,0.23464,0.2394
61,4.259186,4.085666,3.467624,3.656814,3.780606,3.594786,3.083826,2.386338,2.307092,2.3884,1.6436,0.98,0.6356,0.3892,0.22624,0.23436,0.23632
62,4.245051,4.062319,3.437956,3.608738,3.690002,3.477942,3.010842,2.307486,2.276684,2.3408,1.6044,0.9492,0.5992,0.3612,0.2226,0.23324,0.2324
63,4.22944,4.036401,3.40733,3.558976,3.598962,3.362492,2.942088,2.238868,2.252356,2.2904,1.568,0.9184,0.5656,0.336,0.22064,0.23184,0.22792
64,4.212351,4.007912,3.375746,3.507528,3.507486,3.248436,2.877564,2.180484,2.234108,2.2428,1.5316,0.8876,0.532,0.3164,0.2198,0.2296,0.2226
65,4.195263,3.979423,3.344162,3.45608,3.41601,3.13438,2.81304,2.1221,2.21586,2.1952,1.498,0.8568,0.5012,0.2968,0.2198,0.2268,0.217
66,4.175351,3.946317,3.311186,3.401936,3.324806,3.024688,2.757196,2.083136,2.209176,2.1476,1.4644,0.826,0.4704,0.27944,0.22036,0.22316,0.21056
67,4.155438,3.913212,3.27821,3.347792,3.233602,2.914996,2.701352,2.044172,2.202492,2.1,1.4336,0.798,0.4424,0.26544,0.22092,0.21896,0.20412
68,4.134202,3.878078,3.244774,3.292644,3.143104,2.808274,2.649954,2.01378,2.200744,2.0552,1.4,0.7672,0.4172,0.25368,0.22176,0.2142,0.19768
69,4.111642,3.840917,3.210877,3.236492,3.053312,2.704522,2.603002,1.99196,2.203932,2.0104,1.3692,0.7364,0.392,0.24416,0.22232,0.20944,0.19096
70,4.089082,3.803756,3.176981,3.18034,2.96352,2.60077,2.55605,1.97014,2.20712,1.9656,1.3384,0.7056,0.3696,0.2366,0.22232,0.20412,0.18452
71,4.064093,3.763117,3.142567,3.122844,2.876224,2.504406,2.517938,1.962236,2.217764,1.9236,1.3076,0.6776,0.35,0.23072,0.22204,0.19852,0.17808
72,4.039104,3.722478,3.108152,3.065348,2.788928,2.408042,2.479826,1.954332,2.228408,1.8816,1.2796,0.6468,0.3304,0.22652,0.22148,0.19292,0.1722
73,4.013027,3.68039,3.07364,3.007498,2.703376,2.315992,2.445912,1.951502,2.241482,1.8396,1.2488,0.6188,0.3136,0.22316,0.22008,0.1876,0.16632
74,3.985864,3.636853,3.03903,2.949294,2.619568,2.228256,2.416196,1.953746,2.256986,1.7948,1.218,0.5908,0.2996,0.2212,0.2184,0.18228,0.161
75,3.9587,3.593317,3.00442,2.89109,2.53576,2.14052,2.38648,1.95599,2.27249,1.7556,1.1872,0.5628,0.2884,0.22008,0.21644,0.17724,0.15596
76,3.929648,3.547453,2.96985,2.832758,2.456304,2.062352,2.36426,1.964562,2.290594,1.7136,1.1564,0.5376,0.27664,0.21952,0.2142,0.1722,0.1512
77,3.900595,3.501589,2.935281,2.774426,2.376848,1.984184,2.34204,1.973134,2.308698,1.6716,1.1256,0.5124,0.26712,0.21952,0.2114,0.16772,0.147
78,3.870753,3.454836,2.900806,2.7163,2.299926,1.9111,2.322932,1.983144,2.327292,1.6324,1.0948,0.4872,0.25928,0.22008,0.2086,0.16352,0.14336
79,3.84012,3.407195,2.866425,2.65838,2.225538,1.8431,2.306936,1.994592,2.346376,1.5904,1.0668,0.4648,0.25284,0.22064,0.2058,0.1596,0.14
80,3.809488,3.359554,2.832044,2.60046,2.15115,1.7751,2.29094,2.00604,2.36546,1.5512,1.036,0.4452,0.24752,0.22148,0.20272,0.15596,0.13692
81,3.7776,3.310655,2.797915,2.543412,2.08237,1.7175,2.279644,2.017616,2.384652,1.512,1.0052,0.4256,0.24332,0.22232,0.19964,0.1526,0.1344
82,3.745713,3.261756,2.763786,2.486364,2.01359,1.6599,2.268348,2.029192,2.403844,1.4756,0.9744,0.406,0.24024,0.22316,0.19684,0.1498,0.13216
83,3.713365,3.21247,2.729776,2.42996,1.947808,1.60744,2.258596,2.03988,2.42296,1.4364,0.9464,0.3892,0.23772,0.22428,0.19404,0.14728,0.13048
84,3.680558,3.162799,2.695885,2.3742,1.885024,1.56012,2.250388,2.04968,2.442,1.4,0.9156,0.3752,0.23632,0.22512,0.19152,0.14476,0.12908
85,3.647751,3.113128,2.661995,2.31844,1.82224,1.5128,2.24218,2.05948,2.46104,1.3636,0.8876,0.3612,0.23548,0.22596,0.18928,0.14308,0.12796
86,3.614359,3.063132,2.628265,2.26432,1.765668,1.475304,2.23556,2.06646,2.480004,1.3272,0.8624,0.3472,0.2352,0.2268,0.18704,0.1414,0.12712
87,3.580968,3.013136,2.594536,2.2102,1.709096,1.437808,2.22894,2.07344,2.498968,1.2936,0.8344,0.336,0.23548,0.22764,0.18536,0.14,0.12684
88,3.54745,2.963182,2.560823,2.157042,1.655658,1.404866,2.222488,2.078866,2.517936,1.26,0.8092,0.3276,0.2366,0.22848,0.18368,0.13916,0.12684
89,3.513805,2.913269,2.527126,2.104846,1.605354,1.376478,2.216204,2.082738,2.536908,1.2292,0.784,0.3192,0.23772,0.2296,0.18256,0.13832,0.12684
90,3.480161,2.863356,2.493429,2.05265,1.55505,1.34809,2.20992,2.08661,2.55588,1.1984,0.7588,0.3108,0.2394,0.23044,0.18144,0.13804,0.1274
91,3.446584,2.813895,2.459605,2.002626,1.510958,1.327878,2.203112,2.087622,2.574644,1.1704,0.7364,0.3052,0.24164,0.23184,0.1806,0.13804,0.12796
92,3.413007,2.764434,2.425782,1.952602,1.466866,1.307666,2.196304,2.088634,2.593408,1.1424,0.7168,0.2996,0.24388,0.23324,0.18032,0.13832,0.1288
93,3.379616,2.715365,2.391808,1.903758,1.425788,1.29101,2.189024,2.088508,2.611734,1.1172,0.6972,0.2968,0.24696,0.23492,0.18004,0.13888,0.12992
94,3.34641,2.666688,2.357684,1.856094,1.387724,1.27791,2.181272,2.087244,2.629622,1.0948,0.6776,0.294,0.25004,0.2366,0.18004,0.13944,0.13104
95,3.313204,2.618011,2.32356,1.80843,1.34966,1.26481,2.17352,2.08598,2.64751,1.0724,0.6608,0.294,0.25368,0.23884,0.18032,0.14056,0.13244
96,3.28065,2.570415,2.288968,1.763294,1.317368,1.257694,2.164852,2.083096,2.663374,1.0528,0.6468,0.2912,0.25788,0.24136,0.18088,0.14196,0.13384
97,3.248095,2.522819,2.254377,1.718158,1.285076,1.250578,2.156184,2.080212,2.679238,1.0332,0.6328,0.294,0.26236,0.24416,0.18172,0.14336,0.13552
98,3.215995,2.475896,2.219481,1.674346,1.255508,1.245894,2.147268,2.076822,2.693348,1.0164,0.6216,0.294,0.2674,0.24752,0.18284,0.14504,0.13692
99,3.184348,2.429647,2.18428,1.631858,1.228664,1.243642,2.138104,2.072926,2.705704,1.0024,0.6104,0.2968,0.27272,0.25116,0.18424,0.147,0.1386
100,3.152701,2.383398,2.149079,1.58937,1.20182,1.24139,2.12894,2.06903,2.71806,0.9912,0.602,0.3024,0.27888,0.25536,0.18564,0.14896,0.14056
101,3.122189,2.338736,2.113169,1.549638,1.180068,1.242938,2.119996,2.064522,2.725336,0.9828,0.5936,0.308,0.2856,0.25984,0.18732,0.1512,0.14252
102,3.091677,2.294075,2.07726,1.509906,1.158316,1.244486,2.111052,2.060014,2.732612,0.9744,0.588,0.3136,0.2912,0.2646,0.18956,0.15344,0.1442
103,3.06183,2.250314,2.040976,1.471598,1.138924,1.247458,2.102658,2.0553,2.736668,0.9688,0.5852,0.3192,0.2996,0.2702,0.1918,0.15596,0.14616
104,3.032648,2.207455,2.004317,1.434714,1.121892,1.251854,2.094814,2.05038,2.737504,0.966,0.5824,0.3276,0.308,0.2758,0.19432,0.15848,0.1484
105,3.003466,2.164596,1.967658,1.39783,1.10486,1.25625,2.08697,2.04546,2.73834,0.966,0.5824,0.336,0.3164,0.2828,0.19684,0.161,0.15036
106,2.975779,2.123736,1.93028,1.36387,1.09218,1.262686,2.081118,2.040128,2.731844,0.966,0.5852,0.3472,0.3276,0.2884,0.19992,0.1638,0.1526
107,2.948092,2.082875,1.892903,1.32991,1.0795,1.269122,2.075266,2.034796,2.725348,0.9716,0.588,0.3584,0.3388,0.2968,0.203,0.1666,0.15512
108,2.921218,2.043103,1.855221,1.297448,1.068818,1.276252,2.070804,2.0292,2.715086,0.9772,0.5908,0.3696,0.35,0.3024,0.20636,0.1694,0.15736
109,2.895157,2.00442,1.817234,1.266484,1.060134,1.284076,2.067732,2.02334,2.701058,0.9856,0.5992,0.3836,0.3612,0.3108,0.21,0.1722,0.15988
110,2.869096,1.965736,1.779248,1.23552,1.05145,1.2919,2.06466,2.01748,2.68703,0.9968,0.6076,0.3976,0.3724,0.3192,0.21392,0.17528,0.1624
111,2.844762,1.929391,1.740848,1.207616,1.046438,1.300636,2.06492,2.010932,2.666006,1.008,0.616,0.4144,0.3864,0.3276,0.21784,0.17836,0.16492
112,2.820428,1.893046,1.702447,1.179712,1.041426,1.309372,2.06518,2.004384,2.644982,1.022,0.6272,0.4312,0.4004,0.336,0.22204,0.18144,0.16744
113,2.796992,1.857943,1.663979,1.153368,1.038104,1.318402,2.06723,1.99745,2.621076,1.0388,0.6412,0.448,0.4144,0.3444,0.22652,0.18452,0.16996
114,2.774455,1.824082,1.625443,1.128584,1.036472,1.327726,2.07107,1.99013,2.594288,1.0584,0.6552,0.4676,0.4284,0.3528,0.231,0.18788,0.17276
115,2.751917,1.790222,1.586907,1.1038,1.03484,1.33705,2.07491,1.98281,2.5675,1.078,0.672,0.4872,0.4452,0.364,0.23576,0.19124,0.17528
116,2.731217,1.758978,1.548595,1.082204,1.036328,1.346794,2.082242,1.974758,2.536716,1.1004,0.6888,0.5096,0.462,0.3724,0.2408,0.1946,0.17808
117,2.710517,1.727733,1.510282,1.060608,1.037816,1.356538,2.089574,1.966706,2.505932,1.1256,0.7084,0.532,0.4788,0.3836,0.24584,0.19796,0.18088
118,2.690743,1.697853,1.472295,1.040626,1.040756,1.366476,2.098446,1.958408,2.474184,1.1508,0.7308,0.5544,0.4956,0.392,0.25116,0.2016,0.18368
119,2.671895,1.669338,1.434634,1.022258,1.045148,1.376608,2.108858,1.949864,2.441472,1.1788,0.7532,0.5796,0.5152,0.4032,0.25648,0.20524,0.1862
120,2.653047,1.640822,1.396973,1.00389,1.04954,1.38674,2.11927,1.94132,2.40876,1.2096,0.7784,0.6048,0.532,0.4116,0.26208,0.20888,0.189
121,2.636041,1.61513,1.360448,0.988794,1.056636,1.397328,2.132078,1.932732,2.376228,1.2404,0.8036,0.6328,0.5516,0.4228,0.26768,0.21252,0.1918
122,2.619034,1.589438,1.323923,0.973698,1.063732,1.407916,2.144886,1.924144,2.343696,1.274,0.8316,0.6608,0.5712,0.434,0.27356,0.21616,0.19432
123,2.602933,1.565194,1.288227,0.960256,1.072104,1.418806,2.158458,1.915858,2.312222,1.3076,0.8596,0.6888,0.5908,0.4452,0.27944,0.22008,0.19712
124,2.587737,1.542397,1.253361,0.948468,1.081752,1.429998,2.172794,1.907874,2.281806,1.344,0.8904,0.7196,0.6104,0.4536,0.2856,0.22372,0.19964
125,2.572541,1.519601,1.218495,0.93668,1.0914,1.44119,2.18713,1.89989,2.25139,1.3804,0.9212,0.7504,0.63,0.4648,0.2912,0.22764,0.20216
126,2.559104,1.499747,1.185827,0.9282,1.103456,1.453186,2.202062,1.893314,2.224702,1.4196,0.9548,0.7812,0.6496,0.476,0.2968,0.23128,0.20496
127,2.545667,1.479893,1.153159,0.91972,1.115512,1.465182,2.216994,1.886738,2.198014,1.4588,0.9912,0.8148,0.672,0.4872,0.3052,0.2352,0.20748
128,2.533077,1.461519,1.121857,0.91289,1.128708,1.477694,2.231788,1.881332,2.173808,1.498,1.0276,0.8484,0.6916,0.4984,0.3108,0.23884,0.20972
129,2.521332,1.444625,1.09192,0.90771,1.143044,1.490722,2.246444,1.877096,2.152084,1.54,1.064,0.882,0.714,0.5096,0.3164,0.24276,0.21224
130,2.509587,1.427731,1.061984,0.90253,1.15738,1.50375,2.2611,1.87286,2.13036,1.582,1.1032,0.9184,0.7336,0.5208,0.322,0.2464,0.21476
131,2.499452,1.413783,1.035281,0.900594,1.173864,1.518034,2.274764,1.871944,2.114516,1.6268,1.1424,0.9548,0.756,0.532,0.3304,0.25004,0.217
132,2.489317,1.399836,1.008578,0.898658,1.190348,1.532318,2.288428,1.871028,2.098672,1.6716,1.1844,0.9912,0.7756,0.5432,0.336,0.25368,0.21924
133,2.479941,1.387336,0.983713,0.898308,1.207844,1.547328,2.301366,1.872256,2.086128,1.7164,1.2264,1.0276,0.798,0.5544,0.3416,0.25732,0.22176
134,2.471324,1.376285,0.960686,0.899544,1.226352,1.563064,2.313578,1.875628,2.076884,1.764,1.2684,1.0668,0.8176,0.5656,0.35,0.26096,0.224
135,2.462707,1.365233,0.93766,0.90078,1.24486,1.5788,2.32579,1.879,2.06764,1.8116,1.3132,1.1032,0.84,0.5768,0.3556,0.2646,0.22624
136,2.455505,1.356991,0.918675,0.90506,1.26524,1.596144,2.336414,1.887552,2.065708,1.8564,1.358,1.1424,0.8596,0.588,0.3612,0.26796,0.22848
137,2.448302,1.348749,0.89969,0.90934,1.28562,1.613488,2.347038,1.896104,2.063776,1.9068,1.4056,1.1816,0.882,0.5992,0.3696,0.2716,0.23072
138,2.441752,1.341848,0.882857,0.915054,1.306854,1.631678,2.356962,1.907626,2.065934,1.9544,1.4504,1.2208,0.9016,0.6104,0.3752,0.27468,0.23296
139,2.435854,1.336289,0.868174,0.922202,1.328942,1.650714,2.366186,1.922118,2.072182,2.002,1.498,1.2572,0.924,0.6216,0.3808,0.27804,0.23492
140,2.429956,1.330729,0.853491,0.92935,1.35103,1.66975,2.37541,1.93661,2.07843,2.0524,1.5484,1.2964,0.9436,0.6328,0.3892,0.2828,0.23716
141,2.425247,1.327687,0.843251,0.93915,1.374614,1.690498,2.38373,1.95761,2.094006,2.1028,1.596,1.3356,0.9632,0.644,0.3948,0.2856,0.2394
142,2.420538,1.324644,0.833012,0.94895,1.398198,1.711246,2.39205,1.97861,2.109582,2.1504,1.6464,1.3748,0.9828,0.6552,0.4004,0.2884,0.24136
143,2.416363,1.322757,0.824998,0.95994,1.422414,1.73281,2.400282,2.00303,2.130546,2.2008,1.694,1.414,1.0024,0.6636,0.4088,0.2912,0.2436
144,2.412722,1.322026,0.819209,0.97212,1.447262,1.75519,2.408426,2.03087,2.156898,2.2512,1.7444,1.4532,1.022,0.6748,0.4144,0.294,0.24556
145,2.409082,1.321295,0.81342,0.9843,1.47211,1.77757,2.41657,2.05871,2.18325,2.3016,1.7948,1.4924,1.0416,0.686,0.42,0.2968,0.24752
146,2.406388,1.322635,0.811948,0.998536,1.497934,1.801414,2.425414,2.093446,2.222034,2.3492,1.8452,1.5316,1.0612,0.6972,0.4256,0.2996,0.24976
147,2.403694,1.323974,0.810476,1.012772,1.523758,1.825258,2.434258,2.128182,2.260818,2.3996,1.8956,1.568,1.078,0.7084,0.434,0.3024,0.25172
148,2.401412,1.326211,0.811024,1.02785,1.54991,1.849708,2.443888,2.166238,2.306634,2.4472,1.9488,1.6044,1.0976,0.7168,0.4396,0.3052,0.25368
149,2.399541,1.329346,0.813592,1.04377,1.57639,1.874764,2.454304,2.207614,2.359482,2.4976,1.9964,1.6436,1.1144,0.728,0.4452,0.308,0.25564
150,2.397671,1.332481,0.81616,1.05969,1.60287,1.89982,2.46472,2.24899,2.41233,2.5452,2.0468,1.68,1.1312,0.7392,0.4508,0.3108,0.2576
151,2.396501,1.337109,0.822355,1.076874,1.62963,1.925736,2.477468,2.296406,2.480526,2.5928,2.0972,1.7136,1.148,0.7476,0.4564,0.3136,0.25956
152,2.395332,1.341736,0.82855,1.094058,1.65639,1.951652,2.490216,2.343822,2.548722,2.6376,2.1448,1.75,1.1648,0.7588,0.462,0.3164,0.26124
153,2.394453,1.346948,0.83629,1.11165,1.683086,1.977786,2.50439,2.393786,2.624864,2.6852,2.1952,1.7836,1.1816,0.7672,0.4676,0.3192,0.2632
154,2.393864,1.352745,0.845573,1.12965,1.709718,2.004138,2.51999,2.446298,2.708952,2.73,2.2428,1.8172,1.1984,0.7756,0.4732,0.322,0.26488
155,2.393276,1.358541,0.854856,1.14765,1.73635,2.03049,2.53559,2.49881,2.79304,2.7748,2.2876,1.8508,1.2124,0.7868,0.4788,0.322,0.26656
156,2.393151,1.365166,0.866584,1.165982,1.762418,2.056786,2.554214,2.555134,2.892432,2.828,2.3352,1.8816,1.2292,0.7952,0.4844,0.3248,0.26824
157,2.393026,1.371791,0.878312,1.184314,1.788486,2.083082,2.572838,2.611458,2.991824,2.856,2.38,1.9124,1.2404,0.8036,0.4872,0.3276,0.26992
158,2.393078,1.378659,0.890899,1.202564,1.81404,2.109074,2.592868,2.668884,3.097866,2.912,2.4248,1.9432,1.2544,0.812,0.4928,0.3304,0.2716
159,2.393305,1.385768,0.904345,1.220732,1.83908,2.134762,2.614304,2.727412,3.210558,2.94,2.4668,1.9712,1.2684,0.8204,0.4984,0.3304,0.273
160,2.393532,1.392877,0.917791,1.2389,1.86412,2.16045,2.63574,2.78594,3.32325,2.968,2.5088,1.9992,1.2824,0.8288,0.5012,0.3332,0.2744
161,2.394006,1.400127,0.932176,1.2564,1.887652,2.184962,2.659348,2.8448,3.44565,3.024,2.5508,2.0272,1.2936,0.8344,0.5068,0.336,0.2758
162,2.394481,1.407378,0.946561,1.2739,1.911184,2.209474,2.682956,2.90366,3.56805,3.052,2.59,2.0524,1.3048,0.8428,0.5096,0.336,0.2772
163,2.39503,1.414533,0.961017,1.290824,1.933732,2.233102,2.707144,2.961652,3.692748,3.08,2.6236,2.0748,1.316,0.8512,0.5124,0.3388,0.2786
164,2.395654,1.421594,0.975542,1.307172,1.955296,2.255846,2.731912,3.018776,3.819744,3.108,2.6628,2.1,1.3272,0.8568,0.518,0.3388,0.27972
165,2.396278,1.428655,0.990067,1.32352,1.97686,2.27859,2.75668,3.0759,3.94674,3.164,2.6964,2.1224,1.3384,0.8624,0.5208,0.3416,0.28
166,2.396964,1.435216,1.003948,1.338248,1.995992,2.29899,2.781296,3.129108,4.07194,3.192,2.7272,2.142,1.3468,0.868,0.5236,0.3416,0.2828
167,2.397651,1.441777,1.017829,1.352976,2.015124,2.31939,2.805912,3.182316,4.19714,3.22,2.758,2.1616,1.3552,0.8736,0.5264,0.3444,0.2828
168,2.39833,1.44795,1.031019,1.366684,2.032838,2.338354,2.829712,3.232494,4.31786,3.248,2.7832,2.1812,1.3636,0.8792,0.5292,0.3444,0.2828
169,2.399001,1.453733,1.043519,1.379372,2.049134,2.355882,2.852696,3.279642,4.4341,3.248,2.8,2.198,1.3692,0.8848,0.532,0.3472,0.2856
170,2.399672,1.459516,1.056019,1.39206,2.06543,2.37341,2.87568,3.32679,4.55034,3.276,2.828,2.212,1.3776,0.8876,0.5348,0.3472,0.2856
171,2.400264,1.464279,1.066484,1.402336,2.078514,2.387582,2.895516,3.365866,4.650304,3.304,2.856,2.226,1.3832,0.8932,0.5376,0.3472,0.2856
172,2.400856,1.469042,1.076949,1.412612,2.091598,2.401754,2.915352,3.404942,4.750268,3.332,2.884,2.24,1.3888,0.896,0.5376,0.35,0.2884
173,2.401382,1.473197,1.086124,1.421534,2.102926,2.414052,2.932924,3.439112,4.838732,3.332,2.884,2.2512,1.3944,0.8988,0.5404,0.35,0.2884
174,2.401843,1.476744,1.094009,1.429102,2.112498,2.424476,2.948232,3.468376,4.915696,3.36,2.912,2.2596,1.3972,0.9016,0.5432,0.35,0.2884
175,2.402303,1.480291,1.101895,1.43667,2.12207,2.4349,2.96354,3.49764,4.99266,3.36,2.912,2.268,1.4,0.9044,0.5432,0.35,0.2884
176,2.402594,1.482478,1.106795,1.441302,2.127906,2.441276,2.973204,3.515768,5.041196,3.36,2.94,2.2764,1.4056,0.9072,0.5432,0.3528,0.2884
177,2.402885,1.484665,1.111694,1.445934,2.133742,2.447652,2.982868,3.533896,5.089732,3.388,2.94,2.282,1.4084,0.9072,0.546,0.3528,0.2884
178,2.403081,1.486129,1.114975,1.449028,2.13764,2.451912,2.989352,3.546028,5.122292,3.388,2.94,2.2848,1.4084,0.9072,0.546,0.3528,0.2884
179,2.40318,1.486868,1.116636,1.450584,2.1396,2.454056,2.992656,3.552164,5.138876,3.388,2.94,2.2876,1.4084,0.91,0.546,0.3528,0.2884
180,2.40328,1.487607,1.118298,1.45214,2.14156,2.4562,2.99596,3.5583,5.15546,3.388,2.94,2.2876,1.4084,0.91,0.546,0.3528,0.2884
