280,34, idxs,,,,,,,,,,,,,,,,,,,,,,,,,,,,,,,,
,0.1,0.15,0.2,0.3,0.4,0.5,0.7,1,1.5,2,3,4,5,7,10,15,20,30,40,50,70,100,150,200,300,400,500,700,1000,2000,3000,5000,10000,1.00E+09
0,2.0748,2.0244,1.9768,1.9404,1.8564,1.8004,1.7136,1.6772,1.7248,1.834,2.0552,2.2064,2.3296,2.674,3.024,3.416,4.032,4.928,5.544,5.992,6.636,7.224,7.728,8.064,8.54,8.82,9.072,9.38,9.688,10.052,10.192,10.248,10.36,10.36
0.1,2.0748,2.0244,1.9768,1.9404,1.8564,1.8004,1.7136,1.6772,1.7248,1.834,2.0549,2.2058,2.329,2.6729,3.0212,3.4132,4.0292,4.9224,5.5356,5.9808,6.622,7.2044,7.7,8.0304,8.4924,8.7612,9.0048,9.2932,9.576,9.8924,9.9988,10.007,10.03,10.03
0.2,2.0748,2.0244,1.9768,1.9404,1.8564,1.8004,1.7136,1.6772,1.7248,1.834,2.0546,2.2053,2.3285,2.6718,3.0184,3.4104,4.0264,4.9168,5.5272,5.9696,6.608,7.1848,7.672,7.9968,8.4448,8.7024,8.9376,9.2064,9.464,9.7328,9.8056,9.7664,9.6992,9.6992
0.3,2.0748,2.0244,1.9768,1.9404,1.8564,1.8004,1.7136,1.6772,1.7248,1.834,2.0544,2.2047,2.3279,2.6706,3.0156,3.4076,4.0236,4.9112,5.5188,5.9584,6.594,7.1652,7.644,7.9632,8.3972,8.6436,8.8704,9.1196,9.352,9.5732,9.6124,9.5256,9.3688,9.3688
0.4,2.0748,2.0244,1.9768,1.9404,1.8564,1.8004,1.7136,1.6772,1.7248,1.834,2.0541,2.2042,2.3274,2.6695,3.0128,3.4048,4.0208,4.9056,5.5104,5.9472,6.58,7.1456,7.616,7.9296,8.3496,8.5848,8.8032,9.0328,9.24,9.4136,9.4192,9.2848,9.0384,9.0384
0.5,2.0748,2.0244,1.9768,1.9404,1.8564,1.8004,1.7136,1.6772,1.7248,1.834,2.0538,2.2036,2.3268,2.6684,3.01,3.402,4.018,4.9,5.502,5.936,6.566,7.126,7.588,7.896,8.302,8.526,8.736,8.946,9.128,9.254,9.226,9.044,8.708,8.708
0.6,2.0748,2.0244,1.9768,1.9404,1.8564,1.8004,1.7136,1.6772,1.7248,1.834,2.0535,2.203,2.3262,2.6673,3.0072,3.3992,4.0152,4.8944,5.4936,5.9248,6.552,7.1064,7.56,7.8624,8.2544,8.4672,8.6688,8.8592,9.016,9.0944,9.0328,8.8032,8.3776,8.3776
0.7,2.0748,2.0244,1.9768,1.9404,1.8564,1.8004,1.7136,1.6772,1.7248,1.834,2.0532,2.2025,2.3257,2.6662,3.0044,3.3964,4.0124,4.8888,5.4852,5.9136,6.538,7.0868,7.532,7.8288,8.2068,8.4084,8.6016,8.7724,8.904,8.9348,8.8396,8.5624,8.0472,8.0472
0.8,2.0748,2.0244,1.9768,1.9404,1.8564,1.8004,1.7136,1.6772,1.7248,1.834,2.053,2.2019,2.3251,2.665,3.0016,3.3936,4.0096,4.8832,5.4768,5.9024,6.524,7.0672,7.504,7.7952,8.1592,8.3496,8.5344,8.6856,8.792,8.7752,8.6464,8.3216,7.7168,7.7168
0.9,2.0748,2.0244,1.9768,1.9404,1.8564,1.8004,1.7136,1.6772,1.7248,1.834,2.0527,2.2014,2.3246,2.6639,2.9988,3.3908,4.0068,4.8776,5.4684,5.8912,6.51,7.0476,7.476,7.7616,8.1116,8.2908,8.4672,8.5988,8.68,8.6156,8.4532,8.0808,7.3864,7.3864
1,2.0748,2.0244,1.9768,1.9404,1.8564,1.8004,1.7136,1.6772,1.7248,1.834,2.0524,2.2008,2.324,2.6628,2.996,3.388,4.004,4.872,5.46,5.88,6.496,7.028,7.448,7.728,8.064,8.232,8.4,8.512,8.568,8.456,8.26,7.84,7.056,7.056
1.1,2.0748,2.0244,1.9768,1.9404,1.8567,1.8004,1.7139,1.6772,1.7248,1.8337,2.0516,2.1997,2.3223,2.6603,2.9904,3.3824,3.9928,4.8552,5.4376,5.8548,6.4624,6.9832,7.392,7.6608,7.98,8.1368,8.2908,8.386,8.4224,8.2628,8.0332,7.5712,6.7368,6.7368
1.2,2.0748,2.0244,1.9768,1.9404,1.857,1.8004,1.7142,1.6772,1.7248,1.8334,2.0507,2.1986,2.3206,2.6578,2.9848,3.3768,3.9816,4.8384,5.4152,5.8296,6.4288,6.9384,7.336,7.5936,7.896,8.0416,8.1816,8.26,8.2768,8.0696,7.8064,7.3024,6.4176,6.4176
1.3,2.0748,2.0244,1.9768,1.9404,1.8572,1.8004,1.7144,1.6772,1.7248,1.8332,2.0499,2.1974,2.319,2.6552,2.9792,3.3712,3.9704,4.8216,5.3928,5.8044,6.3952,6.8936,7.28,7.5264,7.812,7.9464,8.0724,8.134,8.1312,7.8764,7.5796,7.0336,6.0984,6.0984
1.4,2.0748,2.0244,1.9768,1.9404,1.8575,1.8004,1.7147,1.6772,1.7248,1.8329,2.049,2.1963,2.3173,2.6527,2.9736,3.3656,3.9592,4.8048,5.3704,5.7792,6.3616,6.8488,7.224,7.4592,7.728,7.8512,7.9632,8.008,7.9856,7.6832,7.3528,6.7648,5.7792,5.7792
1.5,2.0748,2.0244,1.9768,1.9404,1.8578,1.8004,1.715,1.6772,1.7248,1.8326,2.0482,2.1952,2.3156,2.6502,2.968,3.36,3.948,4.788,5.348,5.754,6.328,6.804,7.168,7.392,7.644,7.756,7.854,7.882,7.84,7.49,7.126,6.496,5.46,5.46
1.6,2.0748,2.0244,1.9768,1.9404,1.8581,1.8004,1.7153,1.6772,1.7248,1.8323,2.0474,2.1941,2.3139,2.6477,2.9624,3.3544,3.9368,4.7712,5.3256,5.7288,6.2944,6.7592,7.112,7.3248,7.56,7.6608,7.7448,7.756,7.6944,7.2968,6.8992,6.2272,5.1408,5.1408
1.7,2.0748,2.0244,1.9768,1.9404,1.8584,1.8004,1.7156,1.6772,1.7248,1.832,2.0465,2.193,2.3122,2.6452,2.9568,3.3488,3.9256,4.7544,5.3032,5.7036,6.2608,6.7144,7.056,7.2576,7.476,7.5656,7.6356,7.63,7.5488,7.1036,6.6724,5.9584,4.8216,4.8216
1.8,2.0748,2.0244,1.9768,1.9404,1.8586,1.8004,1.7158,1.6772,1.7248,1.8318,2.0457,2.1918,2.3106,2.6426,2.9512,3.3432,3.9144,4.7376,5.2808,5.6784,6.2272,6.6696,7,7.1904,7.392,7.4704,7.5264,7.504,7.4032,6.9104,6.4456,5.6896,4.5024,4.5024
1.9,2.0748,2.0244,1.9768,1.9404,1.8589,1.8004,1.7161,1.6772,1.7248,1.8315,2.0448,2.1907,2.3089,2.6401,2.9456,3.3376,3.9032,4.7208,5.2584,5.6532,6.1936,6.6248,6.944,7.1232,7.308,7.3752,7.4172,7.378,7.2576,6.7172,6.2188,5.4208,4.1832,4.1832
2,2.0748,2.0244,1.9768,1.9404,1.8592,1.8004,1.7164,1.6772,1.7248,1.8312,2.044,2.1896,2.3072,2.6376,2.94,3.332,3.892,4.704,5.236,5.628,6.16,6.58,6.888,7.056,7.224,7.28,7.308,7.252,7.112,6.524,5.992,5.152,3.864,3.864
2.1,2.0751,2.0244,1.9768,1.9407,1.8592,1.8007,1.7167,1.6775,1.7245,1.8309,2.0429,2.1876,2.3047,2.6334,2.9344,3.3208,3.878,4.6844,5.2108,5.6,6.1236,6.5352,6.8348,6.9972,7.154,7.2016,7.2184,7.1512,6.9944,6.3756,5.8296,4.9784,3.696,3.696
2.2,2.0754,2.0244,1.9768,1.941,1.8592,1.801,1.717,1.6778,1.7242,1.8306,2.0418,2.1857,2.3022,2.6292,2.9288,3.3096,3.864,4.6648,5.1856,5.572,6.0872,6.4904,6.7816,6.9384,7.084,7.1232,7.1288,7.0504,6.8768,6.2272,5.6672,4.8048,3.528,3.528
2.3,2.0756,2.0244,1.9768,1.9412,1.8592,1.8012,1.7172,1.678,1.724,1.8304,2.0406,2.1837,2.2996,2.625,2.9232,3.2984,3.85,4.6452,5.1604,5.544,6.0508,6.4456,6.7284,6.8796,7.014,7.0448,7.0392,6.9496,6.7592,6.0788,5.5048,4.6312,3.36,3.36
2.4,2.0759,2.0244,1.9768,1.9415,1.8592,1.8015,1.7175,1.6783,1.7237,1.8301,2.0395,2.1818,2.2971,2.6208,2.9176,3.2872,3.836,4.6256,5.1352,5.516,6.0144,6.4008,6.6752,6.8208,6.944,6.9664,6.9496,6.8488,6.6416,5.9304,5.3424,4.4576,3.192,3.192
2.5,2.0762,2.0244,1.9768,1.9418,1.8592,1.8018,1.7178,1.6786,1.7234,1.8298,2.0384,2.1798,2.2946,2.6166,2.912,3.276,3.822,4.606,5.11,5.488,5.978,6.356,6.622,6.762,6.874,6.888,6.86,6.748,6.524,5.782,5.18,4.284,3.024,3.024
2.6,2.0765,2.0244,1.9768,1.9421,1.8592,1.8021,1.7181,1.6789,1.7231,1.8295,2.0373,2.1778,2.2921,2.6124,2.9064,3.2648,3.808,4.5864,5.0848,5.46,5.9416,6.3112,6.5688,6.7032,6.804,6.8096,6.7704,6.6472,6.4064,5.6336,5.0176,4.1104,2.856,2.856
2.7,2.0768,2.0244,1.9768,1.9424,1.8592,1.8024,1.7184,1.6792,1.7228,1.8292,2.0362,2.1759,2.2896,2.6082,2.9008,3.2536,3.794,4.5668,5.0596,5.432,5.9052,6.2664,6.5156,6.6444,6.734,6.7312,6.6808,6.5464,6.2888,5.4852,4.8552,3.9368,2.688,2.688
2.8,2.077,2.0244,1.9768,1.9426,1.8592,1.8026,1.7186,1.6794,1.7226,1.829,2.035,2.1739,2.287,2.604,2.8952,3.2424,3.78,4.5472,5.0344,5.404,5.8688,6.2216,6.4624,6.5856,6.664,6.6528,6.5912,6.4456,6.1712,5.3368,4.6928,3.7632,2.52,2.52
2.9,2.0773,2.0244,1.9768,1.9429,1.8592,1.8029,1.7189,1.6797,1.7223,1.8287,2.0339,2.172,2.2845,2.5998,2.8896,3.2312,3.766,4.5276,5.0092,5.376,5.8324,6.1768,6.4092,6.5268,6.594,6.5744,6.5016,6.3448,6.0536,5.1884,4.5304,3.5896,2.352,2.352
3,2.0776,2.0244,1.9768,1.9432,1.8592,1.8032,1.7192,1.68,1.722,1.8284,2.0328,2.17,2.282,2.5956,2.884,3.22,3.752,4.508,4.984,5.348,5.796,6.132,6.356,6.468,6.524,6.496,6.412,6.244,5.936,5.04,4.368,3.416,2.184,2.184
3.1,2.0776,2.0244,1.9771,1.9432,1.8595,1.8032,1.7192,1.68,1.722,1.8278,2.0314,2.1678,2.2789,2.5911,2.8784,3.2088,3.738,4.4884,4.9616,5.32,5.7624,6.0928,6.3112,6.4148,6.4596,6.4204,6.3308,6.1516,5.8352,4.9224,4.2476,3.3015,2.0826,2.0826
3.2,2.0776,2.0244,1.9774,1.9432,1.8598,1.8032,1.7192,1.68,1.722,1.8273,2.03,2.1655,2.2758,2.5866,2.8728,3.1976,3.724,4.4688,4.9392,5.292,5.7288,6.0536,6.2664,6.3616,6.3952,6.3448,6.2496,6.0592,5.7344,4.8048,4.1272,3.187,1.9813,1.9813
3.3,2.0776,2.0244,1.9776,1.9432,1.86,1.8032,1.7192,1.68,1.722,1.8267,2.0286,2.1633,2.2728,2.5822,2.8672,3.1864,3.71,4.4492,4.9168,5.264,5.6952,6.0144,6.2216,6.3084,6.3308,6.2692,6.1684,5.9668,5.6336,4.6872,4.0068,3.0724,1.8799,1.8799
3.4,2.0776,2.0244,1.9779,1.9432,1.8603,1.8032,1.7192,1.68,1.722,1.8262,2.0272,2.161,2.2697,2.5777,2.8616,3.1752,3.696,4.4296,4.8944,5.236,5.6616,5.9752,6.1768,6.2552,6.2664,6.1936,6.0872,5.8744,5.5328,4.5696,3.8864,2.9579,1.7786,1.7786
3.5,2.0776,2.0244,1.9782,1.9432,1.8606,1.8032,1.7192,1.68,1.722,1.8256,2.0258,2.1588,2.2666,2.5732,2.856,3.164,3.682,4.41,4.872,5.208,5.628,5.936,6.132,6.202,6.202,6.118,6.006,5.782,5.432,4.452,3.766,2.8434,1.6772,1.6772
3.6,2.0776,2.0244,1.9785,1.9432,1.8609,1.8032,1.7192,1.68,1.722,1.825,2.0244,2.1566,2.2635,2.5687,2.8504,3.1528,3.668,4.3904,4.8496,5.18,5.5944,5.8968,6.0872,6.1488,6.1376,6.0424,5.9248,5.6896,5.3312,4.3344,3.6456,2.7289,1.5758,1.5758
3.7,2.0776,2.0244,1.9788,1.9432,1.8612,1.8032,1.7192,1.68,1.722,1.8245,2.023,2.1543,2.2604,2.5642,2.8448,3.1416,3.654,4.3708,4.8272,5.152,5.5608,5.8576,6.0424,6.0956,6.0732,5.9668,5.8436,5.5972,5.2304,4.2168,3.5252,2.6144,1.4745,1.4745
3.8,2.0776,2.0244,1.979,1.9432,1.8614,1.8032,1.7192,1.68,1.722,1.8239,2.0216,2.1521,2.2574,2.5598,2.8392,3.1304,3.64,4.3512,4.8048,5.124,5.5272,5.8184,5.9976,6.0424,6.0088,5.8912,5.7624,5.5048,5.1296,4.0992,3.4048,2.4998,1.3731,1.3731
3.9,2.0776,2.0244,1.9793,1.9432,1.8617,1.8032,1.7192,1.68,1.722,1.8234,2.0202,2.1498,2.2543,2.5553,2.8336,3.1192,3.626,4.3316,4.7824,5.096,5.4936,5.7792,5.9528,5.9892,5.9444,5.8156,5.6812,5.4124,5.0288,3.9816,3.2844,2.3853,1.2718,1.2718
4,2.0776,2.0244,1.9796,1.9432,1.862,1.8032,1.7192,1.68,1.722,1.8228,2.0188,2.1476,2.2512,2.5508,2.828,3.108,3.612,4.312,4.76,5.068,5.46,5.74,5.908,5.936,5.88,5.74,5.6,5.32,4.928,3.864,3.164,2.2708,1.1704,1.1704
4.1,2.0776,2.0247,1.9796,1.9435,1.862,1.8035,1.7195,1.6803,1.722,1.8222,2.0171,2.1451,2.2478,2.5458,2.8204,3.0996,3.598,4.2952,4.7376,5.0456,5.4292,5.7036,5.8604,5.8828,5.8184,5.6756,5.53,5.2416,4.8412,3.7716,3.0755,2.1946,1.1172,1.1172
4.2,2.0776,2.025,1.9796,1.9438,1.862,1.8038,1.7198,1.6806,1.722,1.8217,2.0154,2.1426,2.2445,2.5407,2.8129,3.0912,3.584,4.2784,4.7152,5.0232,5.3984,5.6672,5.8128,5.8296,5.7568,5.6112,5.46,5.1632,4.7544,3.6792,2.987,2.1185,1.064,1.064
4.3,2.0776,2.0252,1.9796,1.944,1.862,1.804,1.72,1.6808,1.722,1.8211,2.0138,2.14,2.2411,2.5357,2.8053,3.0828,3.57,4.2616,4.6928,5.0008,5.3676,5.6308,5.7652,5.7764,5.6952,5.5468,5.39,5.0848,4.6676,3.5868,2.8986,2.0423,1.0108,1.0108
4.4,2.0776,2.0255,1.9796,1.9443,1.862,1.8043,1.7203,1.6811,1.722,1.8206,2.0121,2.1375,2.2378,2.5306,2.7978,3.0744,3.556,4.2448,4.6704,4.9784,5.3368,5.5944,5.7176,5.7232,5.6336,5.4824,5.32,5.0064,4.5808,3.4944,2.8101,1.9662,0.9576,0.9576
4.5,2.0776,2.0258,1.9796,1.9446,1.862,1.8046,1.7206,1.6814,1.722,1.82,2.0104,2.135,2.2344,2.5256,2.7902,3.066,3.542,4.228,4.648,4.956,5.306,5.558,5.67,5.67,5.572,5.418,5.25,4.928,4.494,3.402,2.7216,1.89,0.9044,0.9044
4.6,2.0776,2.0261,1.9796,1.9449,1.862,1.8049,1.7209,1.6817,1.722,1.8194,2.0087,2.1325,2.231,2.5206,2.7826,3.0576,3.528,4.2112,4.6256,4.9336,5.2752,5.5216,5.6224,5.6168,5.5104,5.3536,5.18,4.8496,4.4072,3.3096,2.6331,1.8138,0.8512,0.8512
4.7,2.0776,2.0264,1.9796,1.9452,1.862,1.8052,1.7212,1.682,1.722,1.8189,2.007,2.13,2.2277,2.5155,2.7751,3.0492,3.514,4.1944,4.6032,4.9112,5.2444,5.4852,5.5748,5.5636,5.4488,5.2892,5.11,4.7712,4.3204,3.2172,2.5446,1.7377,0.798,0.798
4.8,2.0776,2.0266,1.9796,1.9454,1.862,1.8054,1.7214,1.6822,1.722,1.8183,2.0054,2.1274,2.2243,2.5105,2.7675,3.0408,3.5,4.1776,4.5808,4.8888,5.2136,5.4488,5.5272,5.5104,5.3872,5.2248,5.04,4.6928,4.2336,3.1248,2.4562,1.6615,0.7448,0.7448
4.9,2.0776,2.0269,1.9796,1.9457,1.862,1.8057,1.7217,1.6825,1.722,1.8178,2.0037,2.1249,2.221,2.5054,2.76,3.0324,3.486,4.1608,4.5584,4.8664,5.1828,5.4124,5.4796,5.4572,5.3256,5.1604,4.97,4.6144,4.1468,3.0324,2.3677,1.5854,0.6916,0.6916
5,2.0776,2.0272,1.9796,1.946,1.862,1.806,1.722,1.6828,1.722,1.8172,2.002,2.1224,2.2176,2.5004,2.7524,3.024,3.472,4.144,4.536,4.844,5.152,5.376,5.432,5.404,5.264,5.096,4.9,4.536,4.06,2.94,2.2792,1.5092,0.6384,0.6384
5.1,2.0779,2.0272,1.9796,1.9463,1.8623,1.8063,1.7226,1.6834,1.722,1.8166,2.0006,2.1196,2.2142,2.4956,2.746,3.0128,3.4608,4.1272,4.5164,4.8188,5.124,5.3396,5.39,5.3564,5.2108,5.0344,4.8356,4.466,3.9872,2.872,2.2168,1.4507,0.6146,0.6146
5.2,2.0782,2.0272,1.9796,1.9466,1.8626,1.8066,1.7231,1.6839,1.722,1.8161,1.9992,2.1168,2.2109,2.4909,2.7395,3.0016,3.4496,4.1104,4.4968,4.7936,5.096,5.3032,5.348,5.3088,5.1576,4.9728,4.7712,4.396,3.9144,2.8039,2.1543,1.3922,0.5908,0.5908
5.3,2.0784,2.0272,1.9796,1.9468,1.8628,1.8068,1.7237,1.6845,1.722,1.8155,1.9978,2.114,2.2075,2.4861,2.7331,2.9904,3.4384,4.0936,4.4772,4.7684,5.068,5.2668,5.306,5.2612,5.1044,4.9112,4.7068,4.326,3.8416,2.7359,2.0919,1.3336,0.567,0.567
5.4,2.0787,2.0272,1.9796,1.9471,1.8631,1.8071,1.7242,1.685,1.722,1.815,1.9964,2.1112,2.2042,2.4814,2.7266,2.9792,3.4272,4.0768,4.4576,4.7432,5.04,5.2304,5.264,5.2136,5.0512,4.8496,4.6424,4.256,3.7688,2.6678,2.0294,1.2751,0.5432,0.5432
5.5,2.079,2.0272,1.9796,1.9474,1.8634,1.8074,1.7248,1.6856,1.722,1.8144,1.995,2.1084,2.2008,2.4766,2.7202,2.968,3.416,4.06,4.438,4.718,5.012,5.194,5.222,5.166,4.998,4.788,4.578,4.186,3.696,2.5998,1.967,1.2166,0.5194,0.5194
5.6,2.0793,2.0272,1.9796,1.9477,1.8637,1.8077,1.7254,1.6862,1.722,1.8138,1.9936,2.1056,2.1974,2.4718,2.7138,2.9568,3.4048,4.0432,4.4184,4.6928,4.984,5.1576,5.18,5.1184,4.9448,4.7264,4.5136,4.116,3.6232,2.5318,1.9046,1.1581,0.4956,0.4956
5.7,2.0796,2.0272,1.9796,1.948,1.864,1.808,1.7259,1.6867,1.722,1.8133,1.9922,2.1028,2.1941,2.4671,2.7073,2.9456,3.3936,4.0264,4.3988,4.6676,4.956,5.1212,5.138,5.0708,4.8916,4.6648,4.4492,4.046,3.5504,2.4637,1.8421,1.0996,0.4718,0.4718
5.8,2.0798,2.0272,1.9796,1.9482,1.8642,1.8082,1.7265,1.6873,1.722,1.8127,1.9908,2.1,2.1907,2.4623,2.7009,2.9344,3.3824,4.0096,4.3792,4.6424,4.928,5.0848,5.096,5.0232,4.8384,4.6032,4.3848,3.976,3.4776,2.3957,1.7797,1.041,0.448,0.448
5.9,2.0801,2.0272,1.9796,1.9485,1.8645,1.8085,1.727,1.6878,1.722,1.8122,1.9894,2.0972,2.1874,2.4576,2.6944,2.9232,3.3712,3.9928,4.3596,4.6172,4.9,5.0484,5.054,4.9756,4.7852,4.5416,4.3204,3.906,3.4048,2.3276,1.7172,0.98252,0.4242,0.4242
6,2.0804,2.0272,1.9796,1.9488,1.8648,1.8088,1.7276,1.6884,1.722,1.8116,1.988,2.0944,2.184,2.4528,2.688,2.912,3.36,3.976,4.34,4.592,4.872,5.012,5.012,4.928,4.732,4.48,4.256,3.836,3.332,2.2596,1.6548,0.924,0.4004,0.4004
6.1,2.0804,2.0272,1.9799,1.9488,1.8651,1.8091,1.7279,1.6887,1.722,1.8108,1.9863,2.0922,2.1806,2.4483,2.6821,2.9036,3.3488,3.9592,4.3204,4.5696,4.844,4.9784,4.9728,4.886,4.6816,4.4268,4.2,3.7772,3.2732,2.2058,1.6038,0.8918,0.38699,0.38699
6.2,2.0804,2.0272,1.9802,1.9488,1.8654,1.8094,1.7282,1.689,1.722,1.8099,1.9846,2.0899,2.1773,2.4438,2.6762,2.8952,3.3376,3.9424,4.3008,4.5472,4.816,4.9448,4.9336,4.844,4.6312,4.3736,4.144,3.7184,3.2144,2.1521,1.5529,0.8596,0.37358,0.37358
6.3,2.0804,2.0272,1.9804,1.9488,1.8656,1.8096,1.7284,1.6892,1.722,1.8091,1.983,2.0877,2.1739,2.4394,2.6704,2.8868,3.3264,3.9256,4.2812,4.5248,4.788,4.9112,4.8944,4.802,4.5808,4.3204,4.088,3.6596,3.1556,2.0983,1.5019,0.8274,0.36016,0.36016
6.4,2.0804,2.0272,1.9807,1.9488,1.8659,1.8099,1.7287,1.6895,1.722,1.8082,1.9813,2.0854,2.1706,2.4349,2.6645,2.8784,3.3152,3.9088,4.2616,4.5024,4.76,4.8776,4.8552,4.76,4.5304,4.2672,4.032,3.6008,3.0968,2.0446,1.451,0.7952,0.34675,0.34675
6.5,2.0804,2.0272,1.981,1.9488,1.8662,1.8102,1.729,1.6898,1.722,1.8074,1.9796,2.0832,2.1672,2.4304,2.6586,2.87,3.304,3.892,4.242,4.48,4.732,4.844,4.816,4.718,4.48,4.214,3.976,3.542,3.038,1.9908,1.4,0.763,0.33334,0.33334
6.6,2.0804,2.0272,1.9813,1.9488,1.8665,1.8105,1.7293,1.6901,1.722,1.8066,1.9779,2.081,2.1638,2.4259,2.6527,2.8616,3.2928,3.8752,4.2224,4.4576,4.704,4.8104,4.7768,4.676,4.4296,4.1608,3.92,3.4832,2.9792,1.937,1.349,0.7308,0.31993,0.31993
6.7,2.0804,2.0272,1.9816,1.9488,1.8668,1.8108,1.7296,1.6904,1.722,1.8057,1.9762,2.0787,2.1605,2.4214,2.6468,2.8532,3.2816,3.8584,4.2028,4.4352,4.676,4.7768,4.7376,4.634,4.3792,4.1076,3.864,3.4244,2.9204,1.8833,1.2981,0.6986,0.30652,0.30652
6.8,2.0804,2.0272,1.9818,1.9488,1.867,1.811,1.7298,1.6906,1.722,1.8049,1.9746,2.0765,2.1571,2.417,2.641,2.8448,3.2704,3.8416,4.1832,4.4128,4.648,4.7432,4.6984,4.592,4.3288,4.0544,3.808,3.3656,2.8616,1.8295,1.2471,0.6664,0.2931,0.2931
6.9,2.0804,2.0272,1.9821,1.9488,1.8673,1.8113,1.7301,1.6909,1.722,1.804,1.9729,2.0742,2.1538,2.4125,2.6351,2.8364,3.2592,3.8248,4.1636,4.3904,4.62,4.7096,4.6592,4.55,4.2784,4.0012,3.752,3.3068,2.8028,1.7758,1.1962,0.6342,0.27969,0.27969
7,2.0804,2.0272,1.9824,1.9488,1.8676,1.8116,1.7304,1.6912,1.722,1.8032,1.9712,2.072,2.1504,2.408,2.6292,2.828,3.248,3.808,4.144,4.368,4.592,4.676,4.62,4.508,4.228,3.948,3.696,3.248,2.744,1.722,1.1452,0.602,0.26628,0.26628
7.1,2.0804,2.0275,1.9827,1.9494,1.8682,1.8122,1.731,1.6915,1.7217,1.8029,1.9695,2.0695,2.1473,2.4041,2.6239,2.8213,3.2368,3.7912,4.1244,4.3456,4.564,4.6452,4.5836,4.466,4.1804,3.9004,3.6456,3.1982,2.6944,1.6811,1.1091,0.5838,0.25726,0.25726
7.2,2.0804,2.0278,1.983,1.9499,1.8687,1.8127,1.7315,1.6918,1.7214,1.8026,1.9678,2.067,2.1442,2.4002,2.6186,2.8146,3.2256,3.7744,4.1048,4.3232,4.536,4.6144,4.5472,4.424,4.1328,3.8528,3.5952,3.1483,2.6449,1.6402,1.073,0.5656,0.24825,0.24825
7.3,2.0804,2.028,1.9832,1.9505,1.8693,1.8133,1.7321,1.692,1.7212,1.8024,1.9662,2.0644,2.1412,2.3962,2.6132,2.8078,3.2144,3.7576,4.0852,4.3008,4.508,4.5836,4.5108,4.382,4.0852,3.8052,3.5448,3.0985,2.5953,1.5994,1.0368,0.5474,0.23923,0.23923
7.4,2.0804,2.0283,1.9835,1.951,1.8698,1.8138,1.7326,1.6923,1.7209,1.8021,1.9645,2.0619,2.1381,2.3923,2.6079,2.8011,3.2032,3.7408,4.0656,4.2784,4.48,4.5528,4.4744,4.34,4.0376,3.7576,3.4944,3.0486,2.5458,1.5585,1.0007,0.5292,0.23022,0.23022
7.5,2.0804,2.0286,1.9838,1.9516,1.8704,1.8144,1.7332,1.6926,1.7206,1.8018,1.9628,2.0594,2.135,2.3884,2.6026,2.7944,3.192,3.724,4.046,4.256,4.452,4.522,4.438,4.298,3.99,3.71,3.444,2.9988,2.4962,1.5176,0.9646,0.511,0.2212,0.2212
7.6,2.0804,2.0289,1.9841,1.9522,1.871,1.815,1.7338,1.6929,1.7203,1.8015,1.9611,2.0569,2.1319,2.3845,2.5973,2.7877,3.1808,3.7072,4.0264,4.2336,4.424,4.4912,4.4016,4.256,3.9424,3.6624,3.3936,2.949,2.4466,1.4767,0.92848,0.4928,0.21218,0.21218
7.7,2.0804,2.0292,1.9844,1.9527,1.8715,1.8155,1.7343,1.6932,1.72,1.8012,1.9594,2.0544,2.1288,2.3806,2.592,2.781,3.1696,3.6904,4.0068,4.2112,4.396,4.4604,4.3652,4.214,3.8948,3.6148,3.3432,2.8991,2.3971,1.4358,0.89236,0.4746,0.20317,0.20317
7.8,2.0804,2.0294,1.9846,1.9533,1.8721,1.8161,1.7349,1.6934,1.7198,1.801,1.9578,2.0518,2.1258,2.3766,2.5866,2.7742,3.1584,3.6736,3.9872,4.1888,4.368,4.4296,4.3288,4.172,3.8472,3.5672,3.2928,2.8493,2.3475,1.395,0.85624,0.4564,0.19415,0.19415
7.9,2.0804,2.0297,1.9849,1.9538,1.8726,1.8166,1.7354,1.6937,1.7195,1.8007,1.9561,2.0493,2.1227,2.3727,2.5813,2.7675,3.1472,3.6568,3.9676,4.1664,4.34,4.3988,4.2924,4.13,3.7996,3.5196,3.2424,2.7994,2.298,1.3541,0.82012,0.4382,0.18514,0.18514
8,2.0804,2.03,1.9852,1.9544,1.8732,1.8172,1.736,1.694,1.7192,1.8004,1.9544,2.0468,2.1196,2.3688,2.576,2.7608,3.136,3.64,3.948,4.144,4.312,4.368,4.256,4.088,3.752,3.472,3.192,2.7496,2.2484,1.3132,0.784,0.42,0.17612,0.17612
8.1,2.0807,2.0303,1.9855,1.9547,1.8735,1.8175,1.7366,1.6946,1.7192,1.7998,1.953,2.0446,2.1168,2.3649,2.571,2.753,3.1248,3.626,3.9284,4.1216,4.2868,4.3372,4.2224,4.0516,3.7128,3.4272,3.1483,2.7059,2.207,1.2754,0.7616,0.4088,0.16999,0.16999
8.2,2.081,2.0306,1.9858,1.955,1.8738,1.8178,1.7371,1.6951,1.7192,1.7993,1.9516,2.0423,2.114,2.361,2.5659,2.7451,3.1136,3.612,3.9088,4.0992,4.2616,4.3064,4.1888,4.0152,3.6736,3.3824,3.1046,2.6622,2.1655,1.2376,0.7392,0.3976,0.16386,0.16386
8.3,2.0812,2.0308,1.986,1.9552,1.874,1.818,1.7377,1.6957,1.7192,1.7987,1.9502,2.0401,2.1112,2.357,2.5609,2.7373,3.1024,3.598,3.8892,4.0768,4.2364,4.2756,4.1552,3.9788,3.6344,3.3376,3.061,2.6186,2.1241,1.1998,0.7168,0.3864,0.15772,0.15772
8.4,2.0815,2.0311,1.9863,1.9555,1.8743,1.8183,1.7382,1.6962,1.7192,1.7982,1.9488,2.0378,2.1084,2.3531,2.5558,2.7294,3.0912,3.584,3.8696,4.0544,4.2112,4.2448,4.1216,3.9424,3.5952,3.2928,3.0173,2.5749,2.0826,1.162,0.6944,0.3752,0.15159,0.15159
8.5,2.0818,2.0314,1.9866,1.9558,1.8746,1.8186,1.7388,1.6968,1.7192,1.7976,1.9474,2.0356,2.1056,2.3492,2.5508,2.7216,3.08,3.57,3.85,4.032,4.186,4.214,4.088,3.906,3.556,3.248,2.9736,2.5312,2.0412,1.1242,0.672,0.364,0.14546,0.14546
8.6,2.0821,2.0317,1.9869,1.9561,1.8749,1.8189,1.7394,1.6974,1.7192,1.797,1.946,2.0334,2.1028,2.3453,2.5458,2.7138,3.0688,3.556,3.8304,4.0096,4.1608,4.1832,4.0544,3.8696,3.5168,3.2032,2.9299,2.4875,1.9998,1.0864,0.6496,0.3528,0.13933,0.13933
8.7,2.0824,2.032,1.9872,1.9564,1.8752,1.8192,1.7399,1.6979,1.7192,1.7965,1.9446,2.0311,2.1,2.3414,2.5407,2.7059,3.0576,3.542,3.8108,3.9872,4.1356,4.1524,4.0208,3.8332,3.4776,3.1584,2.8862,2.4438,1.9583,1.0486,0.6272,0.3416,0.1332,0.1332
8.8,2.0826,2.0322,1.9874,1.9566,1.8754,1.8194,1.7405,1.6985,1.7192,1.7959,1.9432,2.0289,2.0972,2.3374,2.5357,2.6981,3.0464,3.528,3.7912,3.9648,4.1104,4.1216,3.9872,3.7968,3.4384,3.1136,2.8426,2.4002,1.9169,1.0108,0.6048,0.3304,0.12706,0.12706
8.9,2.0829,2.0325,1.9877,1.9569,1.8757,1.8197,1.741,1.699,1.7192,1.7954,1.9418,2.0266,2.0944,2.3335,2.5306,2.6902,3.0352,3.514,3.7716,3.9424,4.0852,4.0908,3.9536,3.7604,3.3992,3.0688,2.7989,2.3565,1.8754,0.973,0.5824,0.3192,0.12093,0.12093
9,2.0832,2.0328,1.988,1.9572,1.876,1.82,1.7416,1.6996,1.7192,1.7948,1.9404,2.0244,2.0916,2.3296,2.5256,2.6824,3.024,3.5,3.752,3.92,4.06,4.06,3.92,3.724,3.36,3.024,2.7552,2.3128,1.834,0.9352,0.56,0.308,0.1148,0.1148
9.1,2.0832,2.0328,1.988,1.9575,1.8766,1.8206,1.7422,1.6999,1.7195,1.7942,1.9387,2.0222,2.0888,2.326,2.5206,2.6748,3.0128,3.486,3.7352,3.9004,4.0376,4.032,3.8864,3.6876,3.3208,2.9868,2.7168,2.2758,1.8004,0.91028,0.54572,0.30022,0.11113,0.11113
9.2,2.0832,2.0328,1.988,1.9578,1.8771,1.8211,1.7427,1.7002,1.7198,1.7937,1.937,2.0199,2.086,2.3223,2.5155,2.6673,3.0016,3.472,3.7184,3.8808,4.0152,4.004,3.8528,3.6512,3.2816,2.9495,2.6785,2.2389,1.7668,0.88536,0.53144,0.29243,0.10746,0.10746
9.3,2.0832,2.0328,1.988,1.958,1.8777,1.8217,1.7433,1.7004,1.72,1.7931,1.9354,2.0177,2.0832,2.3187,2.5105,2.6597,2.9904,3.458,3.7016,3.8612,3.9928,3.976,3.8192,3.6148,3.2424,2.9123,2.6401,2.2019,1.7332,0.86044,0.51716,0.28465,0.1038,0.1038
9.4,2.0832,2.0328,1.988,1.9583,1.8782,1.8222,1.7438,1.7007,1.7203,1.7926,1.9337,2.0154,2.0804,2.315,2.5054,2.6522,2.9792,3.444,3.6848,3.8416,3.9704,3.948,3.7856,3.5784,3.2032,2.875,2.6018,2.165,1.6996,0.83552,0.50288,0.27686,0.10013,0.10013
9.5,2.0832,2.0328,1.988,1.9586,1.8788,1.8228,1.7444,1.701,1.7206,1.792,1.932,2.0132,2.0776,2.3114,2.5004,2.6446,2.968,3.43,3.668,3.822,3.948,3.92,3.752,3.542,3.164,2.8378,2.5634,2.128,1.666,0.8106,0.4886,0.26908,0.09646,0.09646
9.6,2.0832,2.0328,1.988,1.9589,1.8794,1.8234,1.745,1.7013,1.7209,1.7914,1.9303,2.011,2.0748,2.3078,2.4954,2.637,2.9568,3.416,3.6512,3.8024,3.9256,3.892,3.7184,3.5056,3.1248,2.8006,2.525,2.091,1.6324,0.78568,0.47432,0.2613,0.092792,0.092792
9.7,2.0832,2.0328,1.988,1.9592,1.8799,1.8239,1.7455,1.7016,1.7212,1.7909,1.9286,2.0087,2.072,2.3041,2.4903,2.6295,2.9456,3.402,3.6344,3.7828,3.9032,3.864,3.6848,3.4692,3.0856,2.7633,2.4867,2.0541,1.5988,0.76076,0.46004,0.25351,0.089124,0.089124
9.8,2.0832,2.0328,1.988,1.9594,1.8805,1.8245,1.7461,1.7018,1.7214,1.7903,1.927,2.0065,2.0692,2.3005,2.4853,2.6219,2.9344,3.388,3.6176,3.7632,3.8808,3.836,3.6512,3.4328,3.0464,2.7261,2.4483,2.0171,1.5652,0.73584,0.44576,0.24573,0.085456,0.085456
9.9,2.0832,2.0328,1.988,1.9597,1.881,1.825,1.7466,1.7021,1.7217,1.7898,1.9253,2.0042,2.0664,2.2968,2.4802,2.6144,2.9232,3.374,3.6008,3.7436,3.8584,3.808,3.6176,3.3964,3.0072,2.6888,2.41,1.9802,1.5316,0.71092,0.43148,0.23794,0.081788,0.081788
10,2.0832,2.0328,1.988,1.96,1.8816,1.8256,1.7472,1.7024,1.722,1.7892,1.9236,2.002,2.0636,2.2932,2.4752,2.6068,2.912,3.36,3.584,3.724,3.836,3.78,3.584,3.36,2.968,2.6516,2.3716,1.9432,1.498,0.686,0.4172,0.23016,0.07812,0.07812
10.1,2.0835,2.0331,1.9883,1.9606,1.8819,1.8259,1.7478,1.703,1.7217,1.7889,1.9225,2,2.0611,2.2896,2.4702,2.5995,2.9008,3.346,3.5672,3.7044,3.8108,3.7548,3.5532,3.3292,2.9352,2.6174,2.338,1.9116,1.47,0.6692,0.40768,0.22403,0.075768,0.075768
10.2,2.0838,2.0334,1.9886,1.9611,1.8822,1.8262,1.7483,1.7035,1.7214,1.7886,1.9214,1.9981,2.0586,2.2859,2.4651,2.5922,2.8896,3.332,3.5504,3.6848,3.7856,3.7296,3.5224,3.2984,2.9025,2.5833,2.3044,1.8799,1.442,0.6524,0.39816,0.2179,0.073416,0.073416
10.3,2.084,2.0336,1.9888,1.9617,1.8824,1.8264,1.7489,1.7041,1.7212,1.7884,1.9202,1.9961,2.056,2.2823,2.4601,2.585,2.8784,3.318,3.5336,3.6652,3.7604,3.7044,3.4916,3.2676,2.8697,2.5491,2.2708,1.8483,1.414,0.6356,0.38864,0.21176,0.071064,0.071064
10.4,2.0843,2.0339,1.9891,1.9622,1.8827,1.8267,1.7494,1.7046,1.7209,1.7881,1.9191,1.9942,2.0535,2.2786,2.455,2.5777,2.8672,3.304,3.5168,3.6456,3.7352,3.6792,3.4608,3.2368,2.837,2.515,2.2372,1.8166,1.386,0.6188,0.37912,0.20563,0.068712,0.068712
10.5,2.0846,2.0342,1.9894,1.9628,1.883,1.827,1.75,1.7052,1.7206,1.7878,1.918,1.9922,2.051,2.275,2.45,2.5704,2.856,3.29,3.5,3.626,3.71,3.654,3.43,3.206,2.8042,2.4808,2.2036,1.785,1.358,0.602,0.3696,0.1995,0.06636,0.06636
10.6,2.0849,2.0345,1.9897,1.9634,1.8833,1.8273,1.7506,1.7058,1.7203,1.7875,1.9169,1.9902,2.0485,2.2714,2.445,2.5631,2.8448,3.276,3.4832,3.6064,3.6848,3.6288,3.3992,3.1752,2.7714,2.4466,2.17,1.7534,1.33,0.5852,0.36008,0.19337,0.064008,0.064008
10.7,2.0852,2.0348,1.99,1.9639,1.8836,1.8276,1.7511,1.7063,1.72,1.7872,1.9158,1.9883,2.046,2.2677,2.4399,2.5558,2.8336,3.262,3.4664,3.5868,3.6596,3.6036,3.3684,3.1444,2.7387,2.4125,2.1364,1.7217,1.302,0.5684,0.35056,0.18724,0.061656,0.061656
10.8,2.0854,2.035,1.9902,1.9645,1.8838,1.8278,1.7517,1.7069,1.7198,1.787,1.9146,1.9863,2.0434,2.2641,2.4349,2.5486,2.8224,3.248,3.4496,3.5672,3.6344,3.5784,3.3376,3.1136,2.7059,2.3783,2.1028,1.6901,1.274,0.5516,0.34104,0.1811,0.059304,0.059304
10.9,2.0857,2.0353,1.9905,1.965,1.8841,1.8281,1.7522,1.7074,1.7195,1.7867,1.9135,1.9844,2.0409,2.2604,2.4298,2.5413,2.8112,3.234,3.4328,3.5476,3.6092,3.5532,3.3068,3.0828,2.6732,2.3442,2.0692,1.6584,1.246,0.5348,0.33152,0.17497,0.056952,0.056952
11,2.086,2.0356,1.9908,1.9656,1.8844,1.8284,1.7528,1.708,1.7192,1.7864,1.9124,1.9824,2.0384,2.2568,2.4248,2.534,2.8,3.22,3.416,3.528,3.584,3.528,3.276,3.052,2.6404,2.31,2.0356,1.6268,1.218,0.518,0.322,0.16884,0.0546,0.0546
12,2.086,2.0384,1.9936,1.9684,1.89,1.834,1.7584,1.7136,1.722,1.7808,1.8984,1.9628,2.0132,2.2204,2.3772,2.464,2.7104,3.08,3.248,3.332,3.388,3.276,2.996,2.7524,2.3324,2.0076,1.7444,1.3608,0.952,0.4032,0.25172,0.1232,0.03864,0.03864
13,2.0888,2.0412,1.9964,1.974,1.8956,1.8396,1.764,1.7164,1.722,1.7752,1.8872,1.9432,1.9852,2.184,2.3324,2.3996,2.6208,2.94,3.08,3.164,3.164,3.024,2.7468,2.4836,2.0608,1.7416,1.4924,1.1368,0.742,0.3192,0.19936,0.09184,0.02912,0.02912
14,2.0916,2.044,1.9992,1.9796,1.9012,1.848,1.7724,1.722,1.722,1.7724,1.8732,1.9236,1.96,2.1504,2.2876,2.3408,2.5312,2.828,2.94,2.996,2.968,2.8,2.506,2.2344,1.8144,1.5064,1.274,0.924,0.588,0.25816,0.1554,0.06944,0.022652,0.022652
15,2.0944,2.0468,2.0048,1.9852,1.9096,1.8536,1.778,1.7276,1.722,1.7696,1.862,1.904,1.932,2.1168,2.2484,2.2792,2.4472,2.6992,2.8,2.828,2.786,2.6068,2.282,2.0076,1.596,1.302,1.0864,0.7392,0.4732,0.21028,0.12068,0.05404,0.018116,0.018116
16,2.0944,2.0496,2.0076,1.9908,1.9152,1.8592,1.7836,1.7304,1.7248,1.764,1.848,1.8816,1.9096,2.086,2.2092,2.2232,2.366,2.5844,2.6628,2.6852,2.6096,2.4108,2.0776,1.8032,1.4,1.1228,0.9184,0.5964,0.3864,0.17192,0.09464,0.04256,0.01428,0.01428
17,2.0972,2.0524,2.0104,1.9964,1.9236,1.8676,1.792,1.736,1.7248,1.7612,1.8368,1.8648,1.8844,2.0552,2.17,2.1672,2.2876,2.478,2.534,2.5396,2.4444,2.2288,1.8872,1.6156,1.2264,0.9688,0.7504,0.4872,0.3164,0.13972,0.0756,0.0336,0.011676,0.011676
18,2.1,2.0552,2.0132,2.002,1.9292,1.8732,1.7976,1.7416,1.7248,1.7584,1.8256,1.8452,1.862,2.0244,2.1336,2.1168,2.2176,2.3716,2.4108,2.4024,2.2876,2.0608,1.7108,1.4448,1.0752,0.8232,0.616,0.4032,0.26488,0.11256,0.06132,0.0273,0.009576,0.009576
19,2.1028,2.058,2.0188,2.0076,1.9376,1.8816,1.8032,1.7472,1.7276,1.7556,1.8116,1.8284,1.8396,1.9964,2.0972,2.0664,2.1448,2.2708,2.2932,2.2708,2.1392,1.9012,1.5512,1.2908,0.938,0.6832,0.5096,0.336,0.2226,0.09184,0.0504,0.022736,0.007868,0.007868
20,2.1056,2.0636,2.0216,2.0132,1.9432,1.89,1.8116,1.7528,1.7304,1.7528,1.8032,1.8116,1.82,1.9684,2.0608,2.0188,2.0804,2.1784,2.1812,2.1476,2.002,1.7528,1.4056,1.1508,0.8204,0.5684,0.4256,0.2828,0.18844,0.07588,0.042,0.019236,0.006468,0.006468
21,2.1084,2.0664,2.0272,2.0216,1.9516,1.8984,1.82,1.7556,1.7304,1.75,1.792,1.7948,1.7976,1.9404,2.03,1.974,2.016,2.086,2.0748,2.0272,1.8676,1.6156,1.2684,1.0248,0.7,0.476,0.3584,0.24024,0.16016,0.06356,0.035,0.016352,0.005376,0.005376
22,2.1112,2.0692,2.0328,2.03,1.96,1.9068,1.8256,1.764,1.7332,1.7472,1.7808,1.778,1.7752,1.9124,1.9964,1.932,1.9544,2.002,1.974,1.9152,1.7444,1.4868,1.1452,0.91,0.588,0.4004,0.3024,0.20496,0.13692,0.05404,0.0294,0.014,0.004564,0.004564
23,2.114,2.0748,2.0356,2.0356,1.9684,1.9124,1.834,1.7696,1.7332,1.7444,1.7724,1.764,1.7556,1.8872,1.9656,1.89,1.8956,1.918,1.8788,1.8088,1.6296,1.3664,1.0332,0.8092,0.4984,0.3416,0.259,0.17612,0.11732,0.0462,0.025088,0.012068,0.003892,0.003892
24,2.1168,2.0776,2.0412,2.044,1.9768,1.9208,1.8424,1.7752,1.7388,1.7444,1.7612,1.7472,1.736,1.862,1.9376,1.8508,1.8396,1.8396,1.7864,1.708,1.5176,1.2544,0.9296,0.7168,0.4228,0.2912,0.2226,0.15204,0.1008,0.03976,0.021672,0.0105,0.00336,0.00336
25,2.1224,2.0832,2.0468,2.0524,1.9852,1.9292,1.848,1.7808,1.7388,1.7416,1.7528,1.7332,1.7164,1.8368,1.9068,1.8144,1.7892,1.764,1.6996,1.6128,1.414,1.148,0.8344,0.6328,0.3612,0.2506,0.19264,0.13188,0.08652,0.03444,0.018928,0.009128,0.002828,0.002828
26,2.1252,2.0888,2.0524,2.058,1.9936,1.9404,1.8564,1.7864,1.7416,1.7388,1.7444,1.7164,1.6968,1.8116,1.8788,1.778,1.736,1.694,1.6156,1.5204,1.316,1.0528,0.7476,0.5432,0.3108,0.21672,0.16744,0.11508,0.07476,0.02996,0.016744,0.007924,0.0023968,0.0023968
27,2.128,2.0916,2.058,2.0664,2.002,1.9488,1.8648,1.7948,1.7444,1.7388,1.7332,1.7024,1.6772,1.7892,1.8508,1.7444,1.6884,1.624,1.5344,1.4336,1.2264,0.9632,0.6692,0.4648,0.26712,0.189,0.14644,0.1008,0.06524,0.025956,0.014868,0.006832,0.0020216,0.0020216
28,2.1308,2.0972,2.0636,2.0748,2.0104,1.9572,1.8732,1.8004,1.7472,1.736,1.7248,1.6884,1.6604,1.7668,1.8228,1.7108,1.6436,1.5596,1.4588,1.3524,1.1396,0.8792,0.5992,0.4004,0.23212,0.16548,0.1288,0.08876,0.0574,0.022848,0.013244,0.005936,0.0017472,0.0017472
29,2.1364,2.1,2.0664,2.0832,2.0188,1.9656,1.8816,1.806,1.75,1.736,1.7164,1.6744,1.6436,1.7444,1.7976,1.68,1.5988,1.498,1.386,1.274,1.0556,0.8008,0.532,0.3472,0.20272,0.1456,0.11368,0.07812,0.05096,0.020328,0.011872,0.005208,0.0015344,0.0015344
30,2.1392,2.1056,2.072,2.0916,2.0272,1.974,1.89,1.8144,1.7528,1.736,1.708,1.6604,1.624,1.722,1.7724,1.6492,1.5568,1.4364,1.3188,1.2012,0.98,0.7308,0.462,0.3024,0.17836,0.1288,0.1008,0.06916,0.04536,0.018256,0.01064,0.00462,0.0013328,0.0013328
31,2.1448,2.1112,2.0776,2.1,2.0356,1.9824,1.8984,1.82,1.7556,1.7332,1.6996,1.6492,1.6072,1.7024,1.7472,1.6212,1.5176,1.3804,1.2516,1.1284,0.91,0.6636,0.4004,0.26292,0.15764,0.11452,0.08988,0.0616,0.0406,0.016576,0.009492,0.004116,0.0011508,0.0011508
32,2.1476,2.114,2.0832,2.1084,2.044,1.9908,1.9068,1.8256,1.7612,1.7332,1.694,1.6352,1.5904,1.68,1.7248,1.5932,1.4784,1.3244,1.19,1.064,0.84,0.6048,0.35,0.23072,0.14028,0.1022,0.08036,0.05516,0.03668,0.01512,0.008484,0.003668,0.0009856,0.0009856
33,2.1532,2.1196,2.0888,2.1168,2.0524,1.9992,1.9152,1.834,1.764,1.7332,1.6856,1.624,1.5764,1.6604,1.6996,1.5652,1.442,1.274,1.1312,0.9996,0.7784,0.5488,0.3052,0.20328,0.12544,0.09184,0.07224,0.04984,0.03304,0.013804,0.00756,0.003248,0.0008624,0.0008624
34,2.156,2.1252,2.0944,2.1252,2.0636,2.0104,1.9236,1.8424,1.7668,1.7332,1.68,1.61,1.5596,1.6408,1.6772,1.54,1.4056,1.2236,1.0724,0.9408,0.7196,0.4984,0.26908,0.18032,0.11256,0.0826,0.06524,0.04508,0.02996,0.0126,0.006748,0.002856,0.000756,0.000756
35,2.1588,2.1308,2.1028,2.1336,2.072,2.0188,1.932,1.848,1.7724,1.7332,1.6716,1.5988,1.5456,1.6212,1.6548,1.5148,1.372,1.176,1.0192,0.882,0.6636,0.4508,0.23744,0.161,0.10164,0.07476,0.05908,0.04088,0.027328,0.01148,0.006076,0.0025116,0.000672,0.000672
36,2.1644,2.1364,2.1084,2.142,2.0804,2.0272,1.9404,1.8564,1.7752,1.7332,1.666,1.5876,1.5288,1.6016,1.6324,1.4896,1.3384,1.1284,0.9688,0.8288,0.6132,0.3976,0.21084,0.14448,0.09212,0.06776,0.05376,0.03752,0.025032,0.010444,0.005488,0.0022232,0.0005908,0.0005908
37,2.17,2.142,2.114,2.1504,2.0888,2.0356,1.9488,1.862,1.778,1.7332,1.6576,1.5764,1.5148,1.582,1.61,1.4644,1.3076,1.0864,0.9184,0.7784,0.5656,0.3528,0.18788,0.13048,0.084,0.06188,0.049,0.03444,0.023044,0.00952,0.005012,0.001988,0.0005152,0.0005152
38,2.1728,2.1448,2.1196,2.1588,2.0972,2.044,1.96,1.8704,1.7836,1.7332,1.652,1.5652,1.5008,1.5624,1.5904,1.442,1.2768,1.0444,0.8708,0.7308,0.5208,0.3136,0.16856,0.11844,0.07672,0.05628,0.0448,0.03164,0.02128,0.008652,0.004564,0.0017864,0.0004536,0.0004536
39,2.1756,2.1504,2.1252,2.1672,2.1056,2.0552,1.9684,1.8788,1.7864,1.7332,1.6464,1.554,1.4868,1.5456,1.568,1.4196,1.2488,1.0052,0.8288,0.686,0.4816,0.28,0.15204,0.10808,0.07028,0.0518,0.04116,0.02912,0.019768,0.007868,0.004144,0.00161,0.0004032,0.0004032
40,2.1812,2.156,2.1308,2.1784,2.1168,2.0636,1.9768,1.8872,1.792,1.736,1.6408,1.5428,1.4728,1.5288,1.5484,1.3972,1.2208,0.966,0.784,0.644,0.4424,0.2506,0.13804,0.09884,0.0644,0.0476,0.03808,0.027132,0.018424,0.007196,0.00378,0.0014448,0.0003696,0.0003696
41,2.1868,2.1616,2.1364,2.1868,2.1252,2.072,1.9852,1.8928,1.7976,1.736,1.6352,1.5344,1.4616,1.5092,1.526,1.3776,1.1956,0.9296,0.7448,0.6048,0.4088,0.2254,0.126,0.091,0.05936,0.04396,0.03528,0.025284,0.01722,0.006636,0.003416,0.001288,0.0003304,0.0003304
42,2.1896,2.1672,2.1448,2.1952,2.1336,2.0804,1.9936,1.9012,1.8004,1.736,1.6296,1.5232,1.4476,1.4924,1.5064,1.3552,1.1676,0.8932,0.7084,0.5684,0.3724,0.20356,0.11564,0.084,0.0546,0.0406,0.03276,0.023632,0.0161,0.00616,0.00308,0.0011452,0.000294,0.000294
43,2.1952,2.1728,2.1504,2.2036,2.142,2.0916,2.0048,1.9096,1.806,1.7388,1.6268,1.5148,1.4336,1.4756,1.4868,1.3356,1.1424,0.8596,0.672,0.532,0.3388,0.1848,0.10668,0.07784,0.0504,0.03752,0.03052,0.022176,0.015064,0.005684,0.0027776,0.001022,0.00025844,0.00025844
44,2.198,2.1784,2.156,2.212,2.1532,2.1,2.0132,1.918,1.8116,1.7388,1.6212,1.5064,1.4224,1.4588,1.4672,1.316,1.12,0.8288,0.6384,0.5012,0.308,0.16856,0.09884,0.07224,0.04676,0.035,0.02856,0.02086,0.014112,0.005264,0.0025228,0.000924,0.0002338,0.0002338
45,2.2036,2.184,2.1616,2.2204,2.1616,2.1084,2.0216,1.9264,1.8172,1.7416,1.6156,1.498,1.4112,1.442,1.4476,1.2964,1.0948,0.798,0.6076,0.4704,0.27944,0.15428,0.09184,0.06692,0.0434,0.03276,0.02702,0.019684,0.013216,0.004872,0.0023072,0.0008428,0.00021504,0.00021504
46,2.2092,2.1896,2.1672,2.2316,2.17,2.1196,2.0328,1.9348,1.8228,1.7444,1.61,1.4868,1.3972,1.428,1.428,1.2768,1.0724,0.7672,0.5768,0.4424,0.25536,0.14224,0.08568,0.06188,0.0406,0.0308,0.025564,0.018592,0.012376,0.004508,0.0021224,0.00077,0.00019824,0.00019824
47,2.212,2.1952,2.1756,2.24,2.1784,2.128,2.0412,1.9432,1.8284,1.7444,1.6072,1.4784,1.386,1.4112,1.4112,1.2572,1.05,0.7392,0.5488,0.4144,0.23436,0.1316,0.08036,0.05768,0.0378,0.02912,0.024276,0.017584,0.011592,0.004144,0.0019544,0.0007028,0.00018116,0.00018116
48,2.2176,2.2008,2.1812,2.2484,2.1896,2.1364,2.0524,1.9516,1.834,1.7472,1.6044,1.47,1.3748,1.3972,1.3916,1.2376,1.0276,0.714,0.5208,0.392,0.21588,0.12236,0.07448,0.05376,0.03556,0.027524,0.023128,0.016632,0.010864,0.003808,0.0018004,0.0006356,0.00016184,0.00016184
49,2.2232,2.2064,2.1868,2.2568,2.198,2.1476,2.0608,1.96,1.8396,1.75,1.5988,1.4644,1.3636,1.3804,1.372,1.2208,1.008,0.686,0.4956,0.364,0.19964,0.11452,0.06916,0.0504,0.03332,0.02618,0.022064,0.015764,0.010164,0.0035,0.0016492,0.0005712,0.000147,0.000147
50,2.226,2.2092,2.1924,2.268,2.2064,2.156,2.0692,1.9684,1.8452,1.7528,1.596,1.456,1.3552,1.3664,1.3552,1.2012,0.9856,0.6636,0.4732,0.336,0.18536,0.10724,0.0644,0.04732,0.03136,0.024976,0.021084,0.014924,0.00952,0.003248,0.0015064,0.0005152,0.00013468,0.00013468
51,2.2316,2.2148,2.198,2.2764,2.2176,2.1672,2.0804,1.9768,1.8508,1.7556,1.5932,1.4476,1.344,1.3524,1.3356,1.1844,0.966,0.6384,0.4508,0.3136,0.17276,0.10108,0.0602,0.0448,0.02996,0.023912,0.020104,0.01414,0.008932,0.002996,0.001372,0.0004704,0.00012684,0.00012684
52,2.2372,2.2204,2.2036,2.2848,2.226,2.1756,2.0888,1.9852,1.8564,1.7584,1.5904,1.442,1.3328,1.3356,1.3188,1.1648,0.9464,0.616,0.4284,0.294,0.16156,0.09548,0.05656,0.04256,0.02828,0.02296,0.01918,0.013412,0.0084,0.0027804,0.0012516,0.000434,0.00011788,0.00011788
53,2.24,2.226,2.2092,2.2932,2.2344,2.1868,2.1,1.9964,1.8648,1.7612,1.5876,1.4336,1.3244,1.3244,1.302,1.148,0.9268,0.5964,0.4088,0.27468,0.15148,0.09016,0.0532,0.04032,0.027104,0.022092,0.018312,0.01274,0.007924,0.0025872,0.0011508,0.0004032,0.00010864,0.00010864
54,2.2456,2.2316,2.2176,2.3016,2.2456,2.1952,2.1112,2.0048,1.8704,1.764,1.5848,1.428,1.3132,1.3104,1.2852,1.1284,0.91,0.574,0.3836,0.25788,0.1428,0.08456,0.0504,0.03808,0.025928,0.021308,0.0175,0.012096,0.007476,0.0024136,0.001064,0.0003752,9.884E-05,9.884E-05
55,2.2512,2.2372,2.2232,2.3128,2.254,2.2064,2.1196,2.0132,1.876,1.7668,1.582,1.4196,1.3048,1.2964,1.2684,1.1116,0.8904,0.5544,0.3612,0.24276,0.13496,0.07924,0.0476,0.03612,0.024892,0.020552,0.016716,0.011508,0.007084,0.0022512,0.0009884,0.0003444,9.1E-05,9.1E-05
56,2.2568,2.2428,2.2288,2.3212,2.2652,2.2148,2.1308,2.0216,1.8844,1.7724,1.582,1.414,1.2964,1.2824,1.2488,1.092,0.8708,0.5348,0.3416,0.22904,0.12796,0.07448,0.04536,0.03416,0.023996,0.019852,0.016016,0.010948,0.006692,0.0020972,0.0009212,0.0003164,8.652E-05,8.652E-05
57,2.2596,2.2484,2.2344,2.3296,2.2736,2.226,2.1392,2.0328,1.89,1.7752,1.5792,1.4084,1.288,1.2684,1.232,1.0752,0.854,0.518,0.3248,0.21672,0.12152,0.07,0.0434,0.03248,0.023156,0.019124,0.015344,0.010444,0.006356,0.0019544,0.0008568,0.0002884,8.204E-05,8.204E-05
58,2.2652,2.254,2.24,2.338,2.2848,2.2344,2.1504,2.0412,1.8956,1.778,1.5764,1.4028,1.2796,1.2544,1.2152,1.0584,0.8372,0.4984,0.308,0.20524,0.11564,0.06608,0.04144,0.0308,0.022428,0.018424,0.014728,0.00994,0.006048,0.0018172,0.0007896,0.00026656,7.7E-05,7.7E-05
59,2.2708,2.2596,2.2484,2.3464,2.2932,2.2456,2.1616,2.0524,1.904,1.7836,1.5764,1.3972,1.2712,1.2432,1.1984,1.0388,0.8176,0.4816,0.294,0.19488,0.11032,0.06244,0.03976,0.02968,0.021728,0.017724,0.014112,0.009436,0.005768,0.001694,0.0007308,0.00024976,7.028E-05,7.028E-05
60,2.2736,2.2652,2.254,2.3576,2.3044,2.2568,2.17,2.0608,1.9096,1.7864,1.5736,1.3944,1.2628,1.2292,1.1816,1.022,0.8008,0.4648,0.27888,0.18564,0.10556,0.05936,0.03836,0.02828,0.02114,0.01708,0.01358,0.00896,0.005488,0.001582,0.000672,0.00023576,6.524E-05,6.524E-05
61,2.2792,2.2708,2.2596,2.366,2.3128,2.2652,2.1812,2.0692,1.918,1.792,1.5736,1.3888,1.2572,1.218,1.1676,1.0052,0.784,0.4452,0.26572,0.17696,0.09996,0.05628,0.03696,0.02716,0.02058,0.016464,0.01302,0.008512,0.005236,0.0014812,0.0006216,0.00022316,6.16E-05,6.16E-05
62,2.2848,2.2764,2.2652,2.3744,2.324,2.2764,2.1924,2.0804,1.9264,1.7948,1.5736,1.3832,1.2488,1.204,1.1508,0.9856,0.7672,0.4256,0.25368,0.16912,0.09464,0.05376,0.03584,0.026124,0.020048,0.015904,0.012544,0.00812,0.004984,0.0013916,0.0005796,0.00020944,5.936E-05,5.936E-05
63,2.2876,2.282,2.2708,2.3828,2.3324,2.2848,2.2036,2.0916,1.932,1.8004,1.5708,1.3776,1.2404,1.1928,1.134,0.9688,0.7504,0.4088,0.24248,0.16156,0.0896,0.05124,0.03416,0.0252,0.0196,0.015372,0.012068,0.0077,0.004732,0.0013104,0.000546,0.00019432,5.684E-05,5.684E-05
64,2.2932,2.2876,2.2792,2.3912,2.3408,2.296,2.2148,2.1,1.9404,1.8032,1.5708,1.3748,1.2348,1.1816,1.1172,0.952,0.7336,0.392,0.23184,0.15484,0.08484,0.049,0.03276,0.024332,0.019152,0.014868,0.01162,0.007364,0.004508,0.0012376,0.0005152,0.00018004,5.292E-05,5.292E-05
65,2.2988,2.2932,2.282,2.4024,2.352,2.3044,2.2232,2.1112,1.9488,1.8088,1.5708,1.3692,1.2292,1.1704,1.1004,0.9352,0.7168,0.378,0.22204,0.1484,0.08064,0.04704,0.03136,0.023576,0.018788,0.014392,0.0112,0.007028,0.004284,0.0011648,0.0004872,0.000168,4.928E-05,4.928E-05
66,2.3016,2.2988,2.2904,2.4108,2.3632,2.3156,2.2344,2.1196,1.9572,1.8144,1.5708,1.3664,1.2208,1.1592,1.0864,0.9156,0.7,0.3612,0.2128,0.14224,0.07644,0.04536,0.02996,0.022932,0.018396,0.013916,0.01078,0.006748,0.004088,0.0010976,0.000462,0.00015904,4.592E-05,4.592E-05
67,2.3072,2.3044,2.296,2.4192,2.3716,2.3268,2.2456,2.1308,1.9628,1.82,1.5708,1.3636,1.2152,1.148,1.0696,0.8988,0.686,0.3472,0.20412,0.13664,0.0728,0.04368,0.02884,0.022316,0.018004,0.013496,0.010388,0.006468,0.003892,0.0010304,0.0004312,0.00015204,4.452E-05,4.452E-05
68,2.3128,2.31,2.3016,2.4276,2.3828,2.338,2.2568,2.1392,1.9712,1.8256,1.5708,1.358,1.2096,1.1368,1.0556,0.882,0.6692,0.336,0.196,0.13132,0.06944,0.042,0.027804,0.021812,0.017528,0.013076,0.010052,0.006216,0.003724,0.0009688,0.000406,0.00014616,4.284E-05,4.284E-05
69,2.3156,2.3128,2.3072,2.436,2.3912,2.3464,2.268,2.1504,1.9796,1.8312,1.5708,1.3552,1.204,1.1256,1.0388,0.8652,0.6524,0.322,0.18816,0.126,0.06608,0.0406,0.026824,0.021336,0.01708,0.012684,0.009716,0.005992,0.003556,0.00091,0.000378,0.00013916,4.116E-05,4.116E-05
70,2.3212,2.3212,2.3128,2.4472,2.4024,2.3576,2.2792,2.1616,1.988,1.8368,1.5708,1.3524,1.1984,1.1144,1.022,0.8456,0.6356,0.3108,0.1806,0.12068,0.063,0.0392,0.025928,0.020944,0.01666,0.01232,0.00938,0.005796,0.003388,0.0008568,0.0003556,0.0001316,3.836E-05,3.836E-05
71,2.324,2.3268,2.3184,2.4556,2.4108,2.366,2.2904,2.17,1.9964,1.8424,1.5708,1.3496,1.1928,1.1032,1.008,0.8288,0.6216,0.2996,0.1736,0.11508,0.0602,0.0378,0.025144,0.020636,0.016268,0.011956,0.009044,0.005628,0.003248,0.0008064,0.000336,0.0001232,3.584E-05,3.584E-05
72,2.3296,2.3296,2.324,2.464,2.422,2.3772,2.2988,2.1812,2.0048,1.848,1.5736,1.3468,1.1872,1.0948,0.9912,0.812,0.6048,0.2856,0.1666,0.10948,0.05768,0.03668,0.024416,0.020328,0.015876,0.011592,0.008708,0.005432,0.003108,0.0007616,0.0003192,0.00011592,3.444E-05,3.444E-05
73,2.3352,2.3352,2.3296,2.4752,2.4304,2.3884,2.31,2.1924,2.0132,1.8536,1.5736,1.344,1.1816,1.0836,0.9772,0.7952,0.5908,0.27608,0.16016,0.10444,0.05516,0.03556,0.0238,0.020104,0.015512,0.011284,0.0084,0.005292,0.002968,0.0007224,0.0003052,0.00011032,3.36E-05,3.36E-05
74,2.338,2.3408,2.338,2.4836,2.4416,2.3996,2.3212,2.2036,2.0216,1.8592,1.5764,1.3412,1.1788,1.0724,0.9632,0.7784,0.574,0.26544,0.154,0.0994,0.05292,0.03472,0.023268,0.019908,0.015148,0.010976,0.008092,0.005124,0.002828,0.000686,0.0002912,0.0001064,3.276E-05,3.276E-05
75,2.3436,2.3464,2.3436,2.492,2.4528,2.408,2.3324,2.212,2.03,1.8648,1.5764,1.3412,1.1732,1.064,0.9492,0.7588,0.56,0.25536,0.14784,0.09464,0.05068,0.0336,0.022764,0.01974,0.014812,0.010696,0.00784,0.004956,0.002716,0.0006552,0.00027972,0.0001036,3.08E-05,3.08E-05
76,2.3464,2.352,2.3492,2.5004,2.4612,2.4192,2.3436,2.2232,2.0412,1.8704,1.5792,1.3384,1.1704,1.0556,0.9324,0.742,0.546,0.24556,0.14196,0.09016,0.04844,0.03276,0.022372,0.0196,0.014504,0.010444,0.00756,0.004788,0.00259,0.0006244,0.00026628,0.00010024,2.884E-05,2.884E-05
77,2.352,2.3576,2.3548,2.5088,2.4724,2.4304,2.3548,2.2344,2.0496,1.8788,1.5792,1.3356,1.1648,1.0444,0.9184,0.7252,0.5292,0.23604,0.13636,0.08596,0.04648,0.03192,0.022064,0.019488,0.014224,0.010192,0.007336,0.004648,0.0024752,0.0005964,0.00025312,9.576E-05,2.7188E-05,2.7188E-05
78,2.3576,2.3632,2.3604,2.52,2.4808,2.4388,2.366,2.2456,2.058,1.8844,1.582,1.3356,1.162,1.036,0.9044,0.7112,0.5124,0.2268,0.13104,0.08204,0.0448,0.03136,0.021784,0.019376,0.013944,0.009996,0.00714,0.00448,0.002366,0.0005684,0.00023968,9.072E-05,2.6628E-05,2.6628E-05
79,2.3604,2.3688,2.366,2.5284,2.492,2.45,2.3772,2.2568,2.0664,1.89,1.5848,1.3328,1.1564,1.0276,0.8904,0.6944,0.4956,0.21784,0.12572,0.07812,0.04312,0.03052,0.02156,0.01932,0.013692,0.009772,0.006916,0.00434,0.002268,0.0005432,0.00022792,8.568E-05,2.6152E-05,2.6152E-05
80,2.366,2.3744,2.3716,2.5368,2.5032,2.4612,2.3884,2.268,2.0748,1.8984,1.5848,1.3328,1.1536,1.0192,0.8764,0.6776,0.4788,0.20944,0.12068,0.07448,0.04144,0.0294,0.02142,0.019236,0.013468,0.009576,0.00672,0.0042,0.0021784,0.0005208,0.0002184,8.204E-05,2.5256E-05,2.5256E-05
81,2.3688,2.3772,2.3772,2.5452,2.5116,2.4724,2.3996,2.2792,2.086,1.904,1.5876,1.33,1.1508,1.008,0.8624,0.6608,0.4648,0.20104,0.11536,0.07112,0.04004,0.02856,0.02128,0.01918,0.013272,0.009324,0.006552,0.004088,0.0020944,0.0004984,0.00021028,7.952E-05,2.38E-05,2.38E-05
82,2.3744,2.3828,2.3828,2.5564,2.52,2.4836,2.4108,2.2876,2.0944,1.9124,1.5904,1.33,1.148,0.9996,0.8512,0.644,0.448,0.19292,0.11004,0.06776,0.03864,0.027944,0.021196,0.019124,0.013104,0.0091,0.006412,0.003976,0.0020188,0.0004788,0.0002044,7.784E-05,2.2288E-05,2.2288E-05
83,2.3772,2.3884,2.3884,2.5648,2.5312,2.492,2.422,2.2988,2.1028,1.9208,1.5932,1.33,1.1424,0.994,0.8372,0.63,0.434,0.18536,0.105,0.06468,0.03724,0.0273,0.021168,0.019096,0.012936,0.008876,0.006272,0.003864,0.0019488,0.0004592,0.00019824,7.588E-05,2.1588E-05,2.1588E-05
84,2.3828,2.394,2.394,2.5732,2.5396,2.5032,2.4332,2.31,2.114,1.9264,1.596,1.33,1.1424,0.9856,0.8232,0.6132,0.4172,0.1778,0.10024,0.06188,0.03612,0.02674,0.021168,0.01904,0.012796,0.00868,0.00616,0.003752,0.0018872,0.0004452,0.00019264,7.364E-05,2.1224E-05,2.1224E-05
85,2.3856,2.3996,2.3996,2.5816,2.5508,2.5144,2.4444,2.3212,2.1224,1.932,1.5988,1.33,1.1396,0.9772,0.812,0.5992,0.4032,0.17052,0.09576,0.05908,0.03528,0.026264,0.021196,0.019012,0.012656,0.008484,0.006048,0.00364,0.0018284,0.0004284,0.00018536,7.028E-05,2.0888E-05,2.0888E-05
86,2.3912,2.4052,2.4052,2.5928,2.562,2.5228,2.4556,2.3324,2.1308,1.9404,1.6016,1.33,1.1368,0.9688,0.798,0.5852,0.3892,0.1638,0.09156,0.05656,0.03444,0.025872,0.021252,0.018872,0.012516,0.008288,0.005936,0.003556,0.0017752,0.0004144,0.00017808,6.692E-05,1.988E-05,1.988E-05
87,2.394,2.408,2.4108,2.6012,2.5704,2.534,2.4668,2.3436,2.142,1.9488,1.6044,1.3272,1.134,0.9632,0.7868,0.5712,0.3752,0.15708,0.08736,0.05432,0.0336,0.025564,0.021336,0.018788,0.012404,0.00812,0.00588,0.003444,0.0017248,0.0003976,0.00017024,6.412E-05,1.8704E-05,1.8704E-05
88,2.3996,2.4136,2.4164,2.6096,2.5788,2.5452,2.478,2.3548,2.1504,1.9544,1.6072,1.33,1.1312,0.9548,0.7756,0.5572,0.3612,0.15092,0.08372,0.05208,0.03304,0.02534,0.021476,0.018732,0.012264,0.007952,0.005796,0.00336,0.00168,0.0003836,0.00016324,6.216E-05,1.7836E-05,1.7836E-05
89,2.4024,2.4192,2.422,2.6208,2.59,2.5564,2.4892,2.366,2.1616,1.9628,1.6128,1.33,1.1284,0.9492,0.7616,0.5432,0.35,0.14504,0.08008,0.0504,0.03248,0.0252,0.021616,0.018704,0.012152,0.007812,0.00574,0.003248,0.0016352,0.0003696,0.00015764,6.132E-05,1.75E-05,1.75E-05
90,2.408,2.4248,2.4276,2.6292,2.6012,2.5648,2.4976,2.3772,2.17,1.9712,1.6156,1.33,1.1284,0.9408,0.7504,0.5292,0.336,0.13944,0.077,0.04844,0.03192,0.025144,0.021812,0.018704,0.01204,0.007672,0.005684,0.003164,0.0015904,0.0003556,0.0001526,6.02E-05,1.7444E-05,1.7444E-05
91,2.4108,2.4304,2.4332,2.6376,2.6096,2.576,2.5116,2.3884,2.1812,1.9796,1.6184,1.33,1.1256,0.9352,0.7392,0.5152,0.3248,0.13412,0.07392,0.04704,0.03164,0.025172,0.022036,0.018704,0.011928,0.007532,0.0056,0.00308,0.0015428,0.0003444,0.00014924,5.908E-05,1.694E-05,1.694E-05
92,2.4164,2.4332,2.4388,2.646,2.6208,2.5872,2.52,2.3996,2.1896,1.9852,1.6212,1.33,1.1228,0.9268,0.728,0.504,0.3136,0.12908,0.0714,0.04564,0.03164,0.025256,0.022288,0.01876,0.011816,0.007448,0.005516,0.003024,0.0014952,0.0003304,0.0001456,5.656E-05,1.61E-05,1.61E-05
93,2.4192,2.4388,2.4444,2.6544,2.6292,2.5984,2.534,2.4108,2.198,1.9936,1.6268,1.33,1.1228,0.9212,0.7196,0.49,0.3024,0.1246,0.06888,0.0448,0.03164,0.025452,0.022568,0.018816,0.011704,0.007364,0.005432,0.00294,0.0014532,0.000322,0.0001428,5.432E-05,1.512E-05,1.512E-05
94,2.422,2.4444,2.45,2.6628,2.6404,2.6068,2.5424,2.422,2.2092,2.002,1.6296,1.3328,1.12,0.9156,0.7084,0.4788,0.294,0.1204,0.06692,0.04396,0.03164,0.025732,0.022876,0.018872,0.01162,0.00728,0.005348,0.002856,0.0014112,0.0003108,0.0001386,5.152E-05,1.47E-05,1.47E-05
95,2.4276,2.4472,2.4556,2.674,2.6488,2.618,2.5536,2.4332,2.2176,2.0076,1.6324,1.3328,1.12,0.91,0.6972,0.4648,0.2828,0.11648,0.06496,0.04312,0.03192,0.026068,0.02324,0.018928,0.011508,0.007224,0.005236,0.0027972,0.001372,0.0003052,0.0001344,5.012E-05,1.4588E-05,1.4588E-05
96,2.4304,2.4528,2.4612,2.6824,2.66,2.6292,2.5648,2.4444,2.2288,2.0188,1.638,1.3328,1.12,0.9044,0.6888,0.4508,0.27412,0.11312,0.06356,0.04284,0.0322,0.026516,0.023632,0.01904,0.011424,0.007196,0.005152,0.0027356,0.0013384,0.0002968,0.00012964,4.928E-05,1.4476E-05,1.4476E-05
97,2.4332,2.4584,2.4668,2.6908,2.6684,2.6376,2.576,2.4556,2.24,2.0244,1.6408,1.3356,1.1172,0.8988,0.6804,0.4396,0.26544,0.11004,0.06216,0.04256,0.03276,0.027048,0.024024,0.019124,0.011312,0.00714,0.005068,0.002674,0.0013048,0.0002884,0.00012572,4.9E-05,1.3916E-05,1.3916E-05
98,2.4388,2.464,2.4724,2.6992,2.6768,2.6488,2.5872,2.4668,2.2484,2.0328,1.6464,1.3356,1.1172,0.8932,0.6692,0.4256,0.2576,0.10724,0.06132,0.04256,0.03332,0.027636,0.024444,0.019208,0.011228,0.007112,0.004984,0.002618,0.0012768,0.00028,0.00012264,4.844E-05,1.3104E-05,1.3104E-05
99,2.4416,2.4668,2.4752,2.7076,2.688,2.66,2.5984,2.4752,2.2596,2.0412,1.6492,1.3384,1.1172,0.8876,0.6608,0.4144,0.25004,0.105,0.06076,0.04284,0.03388,0.02828,0.024892,0.019292,0.011144,0.007084,0.004928,0.002562,0.0012488,0.00027188,0.00011984,4.676E-05,1.2544E-05,1.2544E-05
100,2.4472,2.4724,2.4836,2.716,2.6964,2.6712,2.6096,2.4892,2.268,2.0496,1.6548,1.3384,1.1144,0.882,0.6524,0.4032,0.24332,0.10332,0.06048,0.0434,0.03444,0.02912,0.02534,0.019404,0.011088,0.007056,0.004844,0.0025088,0.0012208,0.00026544,0.00011844,4.508E-05,1.2348E-05,1.2348E-05
101,2.45,2.478,2.4864,2.7244,2.7048,2.6796,2.6208,2.5004,2.2792,2.058,1.6576,1.3412,1.1144,0.8792,0.6468,0.3948,0.23716,0.10192,0.06048,0.04424,0.03528,0.02996,0.025816,0.019488,0.01106,0.007028,0.004788,0.0024556,0.0011928,0.00025844,0.00011648,4.312E-05,1.2432E-05,1.2432E-05
102,2.4528,2.4808,2.492,2.7328,2.716,2.6908,2.632,2.5088,2.2876,2.0664,1.6632,1.3412,1.1144,0.8736,0.6384,0.3836,0.23184,0.1008,0.06104,0.04536,0.0364,0.0308,0.026292,0.019572,0.011032,0.007,0.004732,0.0024052,0.0011676,0.00025368,0.00011508,4.172E-05,1.218E-05,1.218E-05
103,2.4556,2.4864,2.4976,2.7412,2.7244,2.6992,2.6432,2.52,2.2988,2.072,1.6688,1.344,1.1144,0.8708,0.63,0.3752,0.22708,0.10052,0.0616,0.04648,0.03752,0.03192,0.026684,0.019684,0.010976,0.006944,0.004676,0.0023548,0.0011396,0.00024864,0.000112,4.116E-05,1.162E-05,1.162E-05
104,2.4612,2.4892,2.5032,2.7496,2.7356,2.7104,2.6544,2.5312,2.3072,2.0832,1.6744,1.3468,1.1144,0.8652,0.6244,0.3668,0.22288,0.10024,0.06272,0.04788,0.03864,0.03304,0.027104,0.019796,0.010948,0.006916,0.004648,0.00231,0.0011144,0.000245,0.0001092,4.088E-05,1.0948E-05,1.0948E-05
105,2.464,2.4948,2.5088,2.758,2.744,2.7188,2.6628,2.5424,2.3184,2.0888,1.6772,1.3496,1.1144,0.8624,0.6188,0.3612,0.21952,0.1008,0.06412,0.04956,0.04032,0.03416,0.027524,0.019936,0.01092,0.006888,0.004592,0.002268,0.0010892,0.00024052,0.00010584,4.06E-05,1.0668E-05,1.0668E-05
106,2.4668,2.4976,2.5144,2.7664,2.7524,2.73,2.674,2.5536,2.3268,2.1,1.6828,1.3496,1.1144,0.8596,0.6104,0.3528,0.21672,0.10164,0.0658,0.0518,0.042,0.03528,0.027944,0.020076,0.010892,0.006832,0.004564,0.0022316,0.001064,0.00023604,0.00010276,3.976E-05,1.0668E-05,1.0668E-05
107,2.4696,2.5032,2.5172,2.7748,2.7636,2.7384,2.6852,2.5648,2.338,2.1056,1.6856,1.3524,1.1144,0.854,0.6076,0.3472,0.21476,0.10304,0.06776,0.05376,0.04368,0.03668,0.02828,0.020244,0.010864,0.006776,0.004508,0.0022008,0.0010416,0.00023212,0.00010052,3.836E-05,1.0668E-05,1.0668E-05
108,2.4752,2.5088,2.5228,2.7832,2.772,2.7496,2.6964,2.576,2.3464,2.114,1.6912,1.3552,1.1144,0.8512,0.602,0.3416,0.21336,0.10472,0.07028,0.05628,0.04564,0.0378,0.02884,0.020412,0.010864,0.00672,0.00448,0.0021756,0.0010192,0.0002268,9.884E-05,3.668E-05,1.036E-05,1.036E-05
109,2.478,2.5116,2.5284,2.7916,2.7804,2.758,2.7048,2.5872,2.3548,2.1224,1.6968,1.358,1.1144,0.8484,0.5964,0.3388,0.2128,0.10696,0.07308,0.05908,0.0476,0.0392,0.0294,0.02058,0.010808,0.006692,0.004424,0.002156,0.0009996,0.0002226,9.8E-05,3.556E-05,9.772E-06,9.772E-06
110,2.4808,2.5172,2.534,2.7972,2.7916,2.7664,2.716,2.5956,2.366,2.1308,1.7024,1.358,1.1144,0.8456,0.5908,0.3332,0.2128,0.10976,0.07616,0.06216,0.04984,0.0406,0.02968,0.020776,0.010808,0.006636,0.004368,0.0021364,0.00098,0.00021756,9.66E-05,3.472E-05,9.352E-06,9.352E-06
111,2.4864,2.52,2.5368,2.8,2.8,2.7776,2.7272,2.6068,2.3772,2.1392,1.7052,1.3608,1.1144,0.8428,0.588,0.3304,0.21364,0.11312,0.07952,0.06524,0.05236,0.04228,0.03024,0.021,0.01078,0.006608,0.004312,0.0021196,0.0009632,0.00021364,9.576E-05,3.472E-05,9.268E-06,9.268E-06
112,2.4892,2.5228,2.5424,2.828,2.8,2.786,2.7384,2.618,2.3856,2.1476,1.7108,1.3636,1.1144,0.84,0.5852,0.3276,0.21504,0.11676,0.08316,0.0686,0.05488,0.04368,0.0308,0.021196,0.010752,0.00658,0.004256,0.0021,0.0009464,0.00020944,9.352E-05,3.444E-05,9.38E-06,9.38E-06
113,2.492,2.5284,2.548,2.828,2.828,2.7972,2.7468,2.6264,2.394,2.156,1.7164,1.3664,1.1172,0.84,0.5796,0.3276,0.21728,0.12096,0.08736,0.07252,0.0574,0.04508,0.03136,0.02142,0.010752,0.006552,0.004228,0.0020832,0.0009324,0.00020636,9.128E-05,3.416E-05,9.268E-06,9.268E-06
114,2.4948,2.5312,2.5536,2.828,2.828,2.8,2.758,2.6376,2.4052,2.1644,1.722,1.3692,1.1172,0.8372,0.5768,0.3248,0.22008,0.12544,0.09156,0.07644,0.0602,0.04676,0.03192,0.021644,0.010752,0.006552,0.004172,0.0020608,0.0009156,0.00020328,8.876E-05,3.304E-05,8.876E-06,8.876E-06
115,2.4976,2.5368,2.5592,2.828,2.828,2.828,2.7692,2.6488,2.4136,2.1728,1.7276,1.372,1.1172,0.8344,0.5712,0.3248,0.22372,0.13048,0.09632,0.08036,0.06328,0.04844,0.03248,0.021868,0.01078,0.006524,0.004144,0.0020384,0.0008988,0.00020048,8.624E-05,3.192E-05,8.4E-06,8.4E-06
116,2.5032,2.5396,2.562,2.856,2.856,2.828,2.7776,2.6572,2.4248,2.1784,1.7304,1.3748,1.1172,0.8316,0.5656,0.3276,0.22792,0.13608,0.10136,0.08484,0.06608,0.05012,0.03304,0.022092,0.01078,0.006524,0.004116,0.0020104,0.0008848,0.00019796,8.484E-05,3.08E-05,8.176E-06,8.176E-06
117,2.506,2.5424,2.5676,2.856,2.856,2.828,2.786,2.6684,2.4332,2.1868,1.736,1.3776,1.12,0.8316,0.56,0.3276,0.23268,0.14224,0.10696,0.0896,0.06944,0.0518,0.0336,0.022316,0.010836,0.006496,0.004088,0.0019824,0.000868,0.00019488,8.344E-05,2.996E-05,8.26E-06,8.26E-06
118,2.5088,2.548,2.5732,2.856,2.856,2.828,2.7972,2.6796,2.4416,2.1952,1.7416,1.3804,1.12,0.8316,0.5544,0.3304,0.23856,0.14868,0.11256,0.09436,0.07252,0.05376,0.03416,0.022512,0.010864,0.006468,0.004032,0.0019516,0.000854,0.00019236,8.316E-05,2.996E-05,8.316E-06,8.316E-06
119,2.5116,2.5508,2.576,2.856,2.856,2.856,2.8,2.688,2.45,2.2036,1.7472,1.3832,1.12,0.8288,0.5516,0.3332,0.24472,0.1554,0.11844,0.0994,0.07616,0.05544,0.035,0.022736,0.010892,0.00644,0.004004,0.0019236,0.0008372,0.00018844,8.232E-05,2.996E-05,8.12E-06,8.12E-06
120,2.5144,2.5564,2.5816,2.884,2.884,2.856,2.828,2.6992,2.4612,2.212,1.7528,1.3832,1.1228,0.8288,0.546,0.336,0.25172,0.16268,0.12488,0.10472,0.07952,0.0574,0.03556,0.022904,0.010948,0.006412,0.004004,0.0019012,0.000826,0.00018536,8.204E-05,2.996E-05,7.7E-06,7.7E-06
121,2.5172,2.5592,2.5844,2.884,2.884,2.856,2.828,2.7076,2.4696,2.2204,1.7556,1.3888,1.1228,0.826,0.5432,0.3388,0.25928,0.17052,0.13132,0.11004,0.08316,0.05936,0.03612,0.023128,0.011004,0.006384,0.003976,0.0018816,0.0008176,0.000182,8.064E-05,2.912E-05,7.364E-06,7.364E-06
122,2.52,2.562,2.59,2.884,2.884,2.884,2.828,2.7188,2.478,2.2288,1.7612,1.3888,1.1256,0.826,0.5404,0.3444,0.2674,0.17836,0.13804,0.11564,0.0868,0.06104,0.03668,0.023324,0.01106,0.006328,0.003948,0.0018648,0.0008092,0.0001792,7.896E-05,2.828E-05,7.336E-06,7.336E-06
123,2.5228,2.5648,2.5928,2.884,2.912,2.884,2.856,2.7272,2.4864,2.2344,1.7668,1.3944,1.1256,0.826,0.5404,0.35,0.27608,0.18676,0.14532,0.12152,0.09072,0.063,0.03752,0.023492,0.011088,0.0063,0.00392,0.0018508,0.0008036,0.00017696,7.728E-05,2.73E-05,7.448E-06,7.448E-06
124,2.5256,2.5704,2.5984,2.912,2.912,2.884,2.856,2.7384,2.4976,2.2428,1.7724,1.3972,1.1256,0.826,0.5376,0.3556,0.2856,0.19516,0.1526,0.1274,0.09464,0.06496,0.03808,0.023688,0.011116,0.006272,0.003892,0.0018396,0.000798,0.00017472,7.532E-05,2.6516E-05,7.448E-06,7.448E-06
125,2.5312,2.5732,2.604,2.912,2.912,2.912,2.856,2.7468,2.506,2.2484,1.7752,1.4,1.1284,0.826,0.5376,0.3612,0.294,0.20412,0.16016,0.13356,0.09856,0.0672,0.03864,0.023884,0.011144,0.006216,0.003864,0.0018312,0.0007952,0.00017332,7.448E-05,2.6432E-05,7.168E-06,7.168E-06
126,2.534,2.576,2.6068,2.912,2.912,2.912,2.884,2.7552,2.5144,2.2568,1.7808,1.4028,1.1284,0.826,0.5348,0.3696,0.3052,0.21364,0.168,0.14,0.10248,0.06916,0.03948,0.024108,0.011172,0.006216,0.003808,0.00182,0.0007896,0.00017108,7.336E-05,2.6404E-05,6.776E-06,6.776E-06
127,2.5368,2.5788,2.6096,2.912,2.94,2.912,2.884,2.7636,2.5228,2.2652,1.7864,1.4056,1.1312,0.8204,0.5348,0.378,0.3164,0.22316,0.17612,0.14644,0.10668,0.07112,0.04004,0.024304,0.011172,0.006188,0.00378,0.0018088,0.000784,0.00016996,7.336E-05,2.66E-05,6.608E-06,6.608E-06
128,2.5396,2.5844,2.6152,2.94,2.94,2.912,2.884,2.7748,2.5312,2.2736,1.792,1.4056,1.1312,0.8148,0.5348,0.3864,0.3276,0.23324,0.18452,0.15316,0.11088,0.07336,0.0406,0.024528,0.0112,0.006188,0.003752,0.0017948,0.0007784,0.00016744,7.28E-05,2.6124E-05,6.692E-06,6.692E-06
129,2.5424,2.5872,2.618,2.94,2.94,2.94,2.884,2.7832,2.5396,2.2792,1.7948,1.4112,1.134,0.812,0.5376,0.3948,0.3416,0.2436,0.1932,0.15988,0.11508,0.07532,0.04116,0.024752,0.0112,0.00616,0.003724,0.001778,0.00077,0.00016604,7.252E-05,2.548E-05,6.804E-06,6.804E-06
130,2.5452,2.59,2.6236,2.94,2.94,2.94,2.912,2.7916,2.548,2.2876,1.8004,1.414,1.134,0.8064,0.5376,0.4032,0.3528,0.25424,0.20188,0.16688,0.11956,0.07756,0.04172,0.024976,0.011228,0.00616,0.003696,0.0017612,0.0007616,0.00016408,7.14E-05,2.4472E-05,6.692E-06,6.692E-06
131,2.548,2.5928,2.6264,2.94,2.968,2.94,2.912,2.8,2.5564,2.296,1.806,1.4168,1.1368,0.8036,0.5404,0.4116,0.3668,0.26516,0.21056,0.17388,0.12404,0.07952,0.04256,0.0252,0.011228,0.00616,0.003668,0.0017416,0.0007532,0.0001624,7E-05,2.3772E-05,6.356E-06,6.356E-06
132,2.5508,2.5984,2.6292,2.968,2.968,2.968,2.912,2.8,2.5648,2.3016,1.8116,1.4196,1.1368,0.8008,0.5404,0.4228,0.378,0.27636,0.2198,0.18116,0.12824,0.08176,0.04312,0.025424,0.011256,0.006188,0.00364,0.001722,0.0007448,0.00016128,6.86E-05,2.352E-05,6.076E-06,6.076E-06
133,2.5536,2.6012,2.6348,2.968,2.968,2.968,2.94,2.828,2.5704,2.31,1.8144,1.4224,1.1396,0.7952,0.5432,0.434,0.392,0.2884,0.22904,0.18844,0.13272,0.08372,0.04368,0.025648,0.011284,0.00616,0.00364,0.0017024,0.0007364,0.0001596,6.72E-05,2.352E-05,6.048E-06,6.048E-06
134,2.5564,2.604,2.6376,2.968,2.968,2.968,2.94,2.828,2.5788,2.3156,1.82,1.4252,1.1396,0.7924,0.546,0.4452,0.406,0.2996,0.23828,0.19572,0.1372,0.08596,0.04424,0.025844,0.011312,0.00616,0.00364,0.0016856,0.0007308,0.00015904,6.636E-05,2.3828E-05,6.216E-06,6.216E-06
135,2.5564,2.6068,2.6432,2.968,2.996,2.968,2.94,2.828,2.5872,2.3212,1.8256,1.428,1.1424,0.7896,0.5488,0.4564,0.4172,0.3108,0.2478,0.20328,0.14196,0.08792,0.04508,0.026068,0.011368,0.00616,0.00364,0.0016716,0.000728,0.00015764,6.552E-05,2.3604E-05,6.272E-06,6.272E-06
136,2.5592,2.6096,2.646,2.968,2.996,2.996,2.94,2.856,2.5956,2.3296,1.8284,1.4308,1.1424,0.7868,0.5516,0.4676,0.4312,0.322,0.25732,0.21084,0.14644,0.09016,0.04564,0.026292,0.011396,0.006132,0.003612,0.0016632,0.0007252,0.00015736,6.58E-05,2.324E-05,6.048E-06,6.048E-06
137,2.562,2.6124,2.6488,2.996,2.996,2.996,2.968,2.856,2.6012,2.3352,1.834,1.4336,1.1452,0.784,0.5544,0.4788,0.4452,0.336,0.26712,0.2184,0.15092,0.09212,0.0462,0.026488,0.011424,0.006132,0.003612,0.0016576,0.0007224,0.00015596,6.552E-05,2.2316E-05,5.712E-06,5.712E-06
138,2.5648,2.6152,2.6516,2.996,2.996,2.996,2.968,2.856,2.6096,2.3408,1.8396,1.4364,1.1452,0.784,0.56,0.4928,0.4592,0.3472,0.27664,0.22596,0.15568,0.09436,0.04676,0.026656,0.011452,0.006104,0.003612,0.001652,0.0007224,0.00015484,6.524E-05,2.17E-05,5.572E-06,5.572E-06
139,2.5676,2.618,2.6544,2.996,3.024,2.996,2.968,2.856,2.618,2.3492,1.8424,1.4392,1.148,0.7812,0.5628,0.504,0.4732,0.3612,0.2856,0.23352,0.16016,0.09632,0.0476,0.026852,0.011508,0.006076,0.003612,0.001652,0.0007196,0.00015344,6.44E-05,2.1336E-05,5.656E-06,5.656E-06
140,2.5704,2.6208,2.66,2.996,3.024,3.024,2.968,2.884,2.6236,2.3548,1.848,1.442,1.148,0.7784,0.5684,0.518,0.4872,0.3724,0.2968,0.24136,0.16464,0.09828,0.04816,0.02702,0.011536,0.006048,0.003584,0.0016492,0.0007168,0.00015204,6.328E-05,2.1392E-05,5.824E-06,5.824E-06
141,2.5704,2.6236,2.6628,2.996,3.024,3.024,2.996,2.884,2.632,2.3604,1.8508,1.4448,1.1508,0.7784,0.5712,0.532,0.5012,0.3864,0.3052,0.24892,0.16912,0.10052,0.04872,0.027216,0.011564,0.00602,0.003584,0.0016464,0.0007112,0.00015092,6.216E-05,2.1728E-05,5.768E-06,5.768E-06
142,2.5732,2.6264,2.6656,3.024,3.024,3.024,2.996,2.884,2.6376,2.366,1.8564,1.4476,1.148,0.7756,0.5768,0.5432,0.5152,0.3976,0.3164,0.25676,0.1736,0.10248,0.04928,0.027384,0.011564,0.005992,0.003556,0.001638,0.0007028,0.00014924,6.076E-05,2.1728E-05,5.46E-06,5.46E-06
143,2.576,2.6292,2.6684,3.024,3.024,3.024,2.996,2.884,2.646,2.3716,1.8592,1.4504,1.1452,0.7728,0.5824,0.5572,0.532,0.4116,0.3276,0.26432,0.17808,0.10444,0.04984,0.027552,0.011592,0.005992,0.003528,0.0016324,0.0006972,0.00014868,6.02E-05,2.1588E-05,5.208E-06,5.208E-06
144,2.5788,2.632,2.6712,3.024,3.052,3.052,2.996,2.912,2.6488,2.3772,1.8648,1.4504,1.1424,0.7728,0.588,0.5712,0.546,0.4228,0.336,0.27216,0.18256,0.1064,0.05068,0.027692,0.011592,0.005964,0.0035,0.0016184,0.0006888,0.000147,5.964E-05,2.0776E-05,5.208E-06,5.208E-06
145,2.5788,2.6348,2.674,3.024,3.052,3.052,3.024,2.912,2.6572,2.3828,1.8676,1.4532,1.1396,0.7728,0.5936,0.5852,0.56,0.4368,0.3472,0.27972,0.18704,0.10836,0.05124,0.02786,0.011592,0.005964,0.0035,0.0016044,0.0006832,0.00014644,5.992E-05,2.0216E-05,5.404E-06,5.404E-06
146,2.5816,2.6376,2.6768,3.024,3.052,3.052,3.024,2.912,2.6628,2.3884,1.8704,1.456,1.1368,0.77,0.5964,0.5992,0.574,0.448,0.3556,0.2884,0.19124,0.11032,0.0518,0.028,0.011592,0.005964,0.003472,0.0015876,0.0006776,0.00014532,5.992E-05,1.9656E-05,5.488E-06,5.488E-06
147,2.5844,2.6404,2.6796,3.024,3.052,3.052,3.024,2.912,2.6684,2.394,1.876,1.4588,1.134,0.77,0.602,0.6104,0.5908,0.462,0.3668,0.294,0.19572,0.11228,0.05208,0.02828,0.011592,0.005964,0.003472,0.0015764,0.0006776,0.00014476,5.992E-05,1.974E-05,5.32E-06,5.32E-06
148,2.5844,2.6432,2.6824,3.052,3.052,3.052,3.024,2.94,2.6768,2.3996,1.8788,1.4616,1.1312,0.77,0.6076,0.6244,0.6048,0.4732,0.3752,0.3024,0.19992,0.11424,0.05264,0.02828,0.011592,0.005992,0.003472,0.0015624,0.0006748,0.00014364,5.936E-05,2.002E-05,5.012E-06,5.012E-06
149,2.5872,2.646,2.6852,3.052,3.08,3.08,3.052,2.94,2.6796,2.4052,1.8816,1.4644,1.1284,0.77,0.6132,0.6356,0.6188,0.4872,0.3836,0.308,0.20412,0.11592,0.0532,0.02856,0.011592,0.005992,0.003472,0.001554,0.0006748,0.0001428,5.824E-05,2.0272E-05,4.844E-06,4.844E-06
150,2.59,2.6488,2.6852,3.052,3.08,3.08,3.052,2.94,2.6852,2.4108,1.8844,1.4672,1.1284,0.77,0.6188,0.6468,0.6356,0.4984,0.3948,0.3164,0.20832,0.11788,0.05376,0.02856,0.011592,0.005992,0.003472,0.0015456,0.0006776,0.00014224,5.74E-05,2.0272E-05,4.984E-06,4.984E-06
151,2.59,2.6488,2.688,3.052,3.08,3.08,3.052,2.94,2.6908,2.4136,1.89,1.4672,1.1256,0.7672,0.6272,0.6608,0.6496,0.5096,0.4032,0.3248,0.21224,0.11984,0.05432,0.02884,0.011592,0.005992,0.003472,0.0015428,0.0006776,0.00014056,5.628E-05,1.9628E-05,5.18E-06,5.18E-06
152,2.5928,2.6516,2.6908,3.052,3.08,3.08,3.052,2.94,2.6964,2.4192,1.8928,1.47,1.1228,0.7672,0.6328,0.672,0.6636,0.5236,0.4116,0.3304,0.21616,0.12152,0.0546,0.02912,0.01162,0.005992,0.0035,0.0015428,0.0006776,0.00014056,5.6E-05,1.9068E-05,5.208E-06,5.208E-06
153,2.5928,2.6544,2.6936,3.052,3.08,3.08,3.052,2.968,2.702,2.4248,1.8956,1.4728,1.12,0.7672,0.6384,0.6832,0.6776,0.5348,0.4228,0.3388,0.22036,0.1232,0.05516,0.02912,0.011648,0.005992,0.0035,0.0015456,0.0006748,0.00013916,5.544E-05,1.8368E-05,4.928E-06,4.928E-06
154,2.5956,2.6572,2.6964,3.052,3.08,3.08,3.08,2.968,2.7076,2.4276,1.8984,1.4728,1.12,0.7672,0.644,0.6944,0.6916,0.546,0.4312,0.3444,0.224,0.12488,0.05572,0.0294,0.011676,0.005964,0.0035,0.0015484,0.000672,0.00013888,5.6E-05,1.8452E-05,4.676E-06,4.676E-06
155,2.5956,2.66,2.6992,3.08,3.108,3.108,3.08,2.968,2.7132,2.4332,1.9012,1.4756,1.1172,0.7672,0.6496,0.7056,0.7056,0.5572,0.4396,0.35,0.22764,0.12656,0.056,0.02968,0.011704,0.005936,0.0035,0.0015484,0.0006664,0.00013776,5.628E-05,1.862E-05,4.648E-06,4.648E-06
156,2.5956,2.66,2.6992,3.08,3.108,3.108,3.08,2.968,2.716,2.4388,1.904,1.4784,1.1172,0.77,0.6552,0.7168,0.7196,0.5684,0.448,0.3556,0.23128,0.12796,0.05656,0.02968,0.011732,0.005936,0.0035,0.0015484,0.0006608,0.00013748,5.656E-05,1.9124E-05,4.872E-06,4.872E-06
157,2.5984,2.6628,2.702,3.08,3.108,3.108,3.08,2.968,2.7216,2.4416,1.9068,1.4812,1.1144,0.77,0.6608,0.728,0.7308,0.5796,0.4564,0.364,0.23492,0.12964,0.05684,0.02996,0.011788,0.005908,0.003472,0.0015428,0.0006524,0.00013692,5.6E-05,1.9292E-05,5.04E-06,5.04E-06
158,2.6012,2.6656,2.7048,3.08,3.108,3.108,3.08,2.968,2.7244,2.4444,1.9096,1.4812,1.1144,0.77,0.6664,0.7392,0.7448,0.5908,0.4648,0.3696,0.23828,0.13104,0.0574,0.02996,0.011816,0.00588,0.003444,0.0015372,0.0006468,0.00013608,5.516E-05,1.89E-05,4.872E-06,4.872E-06
159,2.6012,2.6656,2.7048,3.08,3.108,3.108,3.08,2.996,2.73,2.4472,1.9124,1.484,1.1116,0.77,0.672,0.7504,0.756,0.5992,0.4732,0.3752,0.24164,0.13244,0.05768,0.02996,0.011844,0.005852,0.003444,0.0015232,0.000644,0.00013608,5.46E-05,1.8368E-05,4.564E-06,4.564E-06
160,2.6012,2.6684,2.7048,3.08,3.108,3.108,3.08,2.996,2.7328,2.4528,1.9152,1.4868,1.1116,0.77,0.6748,0.7588,0.7672,0.6104,0.4788,0.3808,0.24472,0.13384,0.05824,0.03024,0.011844,0.005852,0.003416,0.001512,0.000644,0.00013496,5.348E-05,1.7584E-05,4.368E-06,4.368E-06
161,2.604,2.6712,2.7076,3.08,3.108,3.108,3.108,2.996,2.7356,2.4556,1.918,1.4868,1.1088,0.77,0.6804,0.7672,0.7784,0.6188,0.4872,0.3864,0.2478,0.13524,0.05852,0.03024,0.011844,0.005824,0.003416,0.0014952,0.0006468,0.00013496,5.348E-05,1.7584E-05,4.536E-06,4.536E-06
162,2.604,2.6712,2.7104,3.08,3.108,3.108,3.108,2.996,2.7412,2.4584,1.9208,1.4868,1.1088,0.77,0.686,0.7784,0.7896,0.6272,0.4928,0.392,0.2506,0.13636,0.0588,0.03024,0.011872,0.005824,0.003388,0.001484,0.0006468,0.00013384,5.292E-05,1.764E-05,4.788E-06,4.788E-06
163,2.6068,2.674,2.7104,3.08,3.108,3.136,3.108,2.996,2.744,2.4612,1.9236,1.4896,1.1088,0.77,0.6916,0.7868,0.8008,0.6356,0.5012,0.3976,0.2534,0.13748,0.05936,0.03052,0.011844,0.005852,0.003388,0.0014728,0.0006524,0.00013412,5.376E-05,1.8312E-05,4.844E-06,4.844E-06
164,2.6068,2.674,2.7132,3.08,3.136,3.136,3.108,2.996,2.7468,2.464,1.9236,1.4896,1.106,0.77,0.6944,0.7952,0.812,0.644,0.5068,0.4004,0.2562,0.13888,0.05964,0.03052,0.011844,0.005852,0.003388,0.00147,0.0006524,0.00013356,5.404E-05,1.8592E-05,4.564E-06,4.564E-06
165,2.6068,2.6768,2.7132,3.108,3.136,3.136,3.108,2.996,2.7496,2.4668,1.9264,1.4924,1.106,0.7728,0.7,0.8036,0.8204,0.6524,0.5124,0.406,0.25872,0.14,0.05992,0.03052,0.011816,0.00588,0.003416,0.0014672,0.0006552,0.00013356,5.432E-05,1.848E-05,4.256E-06,4.256E-06
166,2.6068,2.6768,2.7132,3.108,3.136,3.136,3.108,2.996,2.7524,2.4696,1.9292,1.4924,1.1032,0.7728,0.7028,0.812,0.8316,0.6608,0.518,0.4088,0.26096,0.14084,0.0602,0.0308,0.011788,0.005908,0.003416,0.0014728,0.0006552,0.00013328,5.432E-05,1.7892E-05,4.256E-06,4.256E-06
167,2.6096,2.6796,2.716,3.108,3.136,3.136,3.108,3.024,2.7552,2.4724,1.9292,1.4952,1.1032,0.7728,0.7084,0.8176,0.84,0.6664,0.5236,0.4144,0.2632,0.14168,0.06048,0.0308,0.011788,0.005908,0.003444,0.0014812,0.0006496,0.00013272,5.32E-05,1.7024E-05,4.536E-06,4.536E-06
168,2.6096,2.6796,2.716,3.108,3.136,3.136,3.108,3.024,2.758,2.4724,1.932,1.4952,1.1032,0.7728,0.7112,0.826,0.8484,0.6748,0.5292,0.4172,0.26544,0.1428,0.06076,0.0308,0.011788,0.005936,0.003444,0.0014896,0.000644,0.00013356,5.264E-05,1.6828E-05,4.816E-06,4.816E-06
169,2.6096,2.6796,2.7188,3.108,3.136,3.136,3.108,3.024,2.7608,2.4752,1.932,1.498,1.1032,0.7728,0.714,0.8316,0.854,0.6804,0.532,0.4228,0.26712,0.14336,0.06076,0.0308,0.011788,0.005936,0.003472,0.0015008,0.0006356,0.00013244,5.124E-05,1.6772E-05,4.648E-06,4.648E-06
170,2.6096,2.6824,2.7188,3.108,3.136,3.136,3.108,3.024,2.7636,2.478,1.9348,1.498,1.1032,0.7728,0.7168,0.8372,0.8624,0.686,0.5376,0.4256,0.2688,0.1442,0.06104,0.0308,0.011788,0.005936,0.003472,0.0015064,0.00063,0.00013328,5.152E-05,1.7752E-05,4.284E-06,4.284E-06
171,2.6096,2.6824,2.7188,3.108,3.136,3.136,3.108,3.024,2.7636,2.478,1.9348,1.498,1.1004,0.7756,0.7196,0.8428,0.868,0.6916,0.5404,0.4284,0.27076,0.14504,0.06132,0.03108,0.011816,0.005908,0.003472,0.0015092,0.0006244,0.00013244,5.124E-05,1.82E-05,4.032E-06,4.032E-06
172,2.6124,2.6824,2.7188,3.108,3.136,3.136,3.108,3.024,2.7664,2.4808,1.9348,1.498,1.1004,0.7756,0.7224,0.8484,0.8736,0.6944,0.5432,0.4284,0.27188,0.1456,0.06132,0.03108,0.011844,0.005908,0.003444,0.0015064,0.0006216,0.000133,5.236E-05,1.8592E-05,4.256E-06,4.256E-06
173,2.6124,2.6852,2.7216,3.108,3.136,3.136,3.136,3.024,2.7664,2.4808,1.9376,1.5008,1.1004,0.7756,0.7252,0.8512,0.8792,0.7,0.546,0.4312,0.27328,0.14616,0.0616,0.03108,0.011872,0.00588,0.003444,0.001498,0.0006216,0.00013244,5.32E-05,1.7892E-05,4.704E-06,4.704E-06
174,2.6124,2.6852,2.7216,3.108,3.136,3.136,3.136,3.024,2.7692,2.4836,1.9376,1.5008,1.1004,0.7756,0.728,0.8568,0.882,0.7028,0.5488,0.434,0.27468,0.14644,0.0616,0.03136,0.011928,0.005824,0.003416,0.0014812,0.0006272,0.00013272,5.376E-05,1.6856E-05,4.872E-06,4.872E-06
175,2.6124,2.6852,2.7216,3.108,3.136,3.136,3.136,3.024,2.7692,2.4836,1.9376,1.5008,1.1004,0.7756,0.728,0.8596,0.8848,0.7056,0.5516,0.434,0.27552,0.147,0.0616,0.03136,0.011956,0.005796,0.003388,0.0014616,0.0006356,0.000133,5.404E-05,1.6128E-05,4.48E-06,4.48E-06
176,2.6124,2.6852,2.7216,3.108,3.136,3.136,3.136,3.024,2.772,2.4864,1.9404,1.5008,1.1004,0.7756,0.7308,0.8624,0.8904,0.7084,0.5544,0.4368,0.27636,0.14728,0.06188,0.03136,0.012012,0.005768,0.00336,0.0014392,0.000644,0.00013216,5.236E-05,1.5764E-05,3.892E-06,3.892E-06
177,2.6124,2.6852,2.7216,3.108,3.136,3.136,3.136,3.024,2.772,2.4864,1.9404,1.5008,1.1004,0.7756,0.7308,0.8624,0.8904,0.7112,0.5544,0.4368,0.27692,0.14756,0.06188,0.03136,0.01204,0.005712,0.003332,0.0014196,0.0006552,0.00013384,5.152E-05,1.708E-05,3.864E-06,3.864E-06
178,2.6124,2.6852,2.7216,3.108,3.136,3.164,3.136,3.024,2.772,2.4864,1.9404,1.5036,1.0976,0.7756,0.7336,0.8652,0.8932,0.7112,0.5572,0.4396,0.2772,0.14784,0.06188,0.03136,0.012068,0.005684,0.003304,0.0014028,0.0006608,0.00013216,4.872E-05,1.8144E-05,4.452E-06,4.452E-06
179,2.6124,2.6852,2.7216,3.108,3.136,3.164,3.136,3.024,2.772,2.4864,1.9404,1.5008,1.1004,0.7756,0.7336,0.8652,0.8932,0.714,0.5572,0.4396,0.27776,0.14784,0.06188,0.03164,0.012096,0.005684,0.003276,0.0013944,0.000672,0.00013496,4.9E-05,2.0496E-05,5.6E-06,5.6E-06
180,2.6124,2.6852,2.7216,3.108,3.136,3.164,3.136,3.024,2.772,2.4864,1.9404,1.5008,1.1004,0.7756,0.7336,0.8652,0.8932,0.714,0.5572,0.4396,0.27776,0.14784,0.06188,0.03164,0.012096,0.005684,0.003276,0.001386,0.0006664,0.00013048,4.564E-05,1.9992E-05,6.3E-06,6.3E-06
