280,33,       idxs,,,,,,,,,,,,,,,,,,,,,,,,,,,,,,,,
       ,0.1,0.15,0.2,0.3,0.4,0.5,0.7,1,1.5,2,3,4,5,7,10,15,20,30,40,50,70,100,150,200,300,400,500,700,1000,2000,3000,5000,10000,10010
0,8204,12320,16408,24612,32760,41160,57400,82040,123200,164080,246120,327600,411600,574000,820400,1232000,1640800,2461200,3276000,4116000,5740000,8204000,12320000,16408000,24612000,32760000,41160000,57400000,82040000,164080000,246120000,411600000,820400000,1
0.1,8134,12107,15963,23492,30806,38279,52696,74634,111440,148100,221800,295060,370620,516730,738450,1108900,1476800,2215100,2948400,3704400,5166000,7383600,11088000,14767000,22151000,29484000,37044000,51660000,73836000,147670000,221510000,370440000,738360000,0
0.2,8064,11894,15518,22372,28851,35398,47992,67228,99686,132130,197480,262520,329630,459450,656500,985720,1312700,1969000,2620800,3292800,4592000,6563200,9856000,13126000,19690000,26208000,32928000,45920000,65632000,131260000,196900000,329280000,656320000,0
0.3,7994,11682,15072,21252,26897,32516,43288,59822,87928,116150,173160,229980,288650,402180,574540,862580,1148700,1722900,2293300,2881300,4018000,5742800,8624000,11486000,17228000,22932000,28812000,40180000,57428000,114860000,172280000,288120000,574280000,0
0.4,7924,11469,14627,20132,24942,29635,38584,52416,76171,100170,148840,197440,247660,344900,492590,739440,984660,1476800,1965700,2469700,3444100,4922400,7392000,9844800,14767000,19656000,24696000,34440000,49224000,98448000,147670000,246960000,492240000,0
0.5,7854,11256,14182,19012,22988,26754,33880,45010,64414,84196,124520,164900,206680,287630,410640,616290,820620,1230700,1638100,2058100,2870100,4102000,6160000,8204000,12306000,16380000,20580000,28700000,41020000,82040000,123060000,205800000,410200000,0
0.6,7784,11043,13737,17892,21034,23873,29176,37604,52657,68219,100200,132360,165700,230360,328690,493150,656590,984660,1310500,1646500,2296100,3281700,4928000,6563200,9844800,13104000,16464000,22960000,32816000,65632000,98448000,164640000,328160000,0
0.7,7714,10830,13292,16772,19079,20992,24472,30198,40900,52242,75874,99817,124710,173080,246740,370010,492550,738570,982950,1234900,1722100,2461300,3696000,4922400,7383600,9828000,12348000,17220000,24612000,49224000,73836000,123480000,246120000,0
0.8,7644,10618,12846,15652,17125,18110,19768,22792,29142,36266,51554,67276,83729,115810,164790,246870,328510,492480,655380,823340,1148100,1640900,2464000,3281600,4922400,6552000,8232000,11480000,16408000,32816000,49224000,82320000,164080000,0
0.9,7574,10405,12401,14532,15170,15229,15064,15386,17385,20289,27233,34736,42745,58534,82834,123730,164480,246380,327800,411760,574110,820480,1232100,1640800,2461200,3276000,4116000,5740000,8204000,16408000,24612000,41160000,82040000,0
1,7504,10192,11956,13412,13216,12348,10360,7980,5628,4312,2912,2195.2,1761.2,1260,882,588,442.4,294,220.92,176.68,126.28,88.48,58.8,44.24,29.4,22.092,17.668,12.628,8.848,4.424,2.94,1.7668,0.8848,0
1.1,7352.8,9842,11421,12636,12368,11511,9623.6,7397,5210.8,3990.6,2694.2,2030.8,1629.3,1165.6,815.89,543.93,409.22,271.96,204.34,163.44,116.82,81.841,54.393,40.922,27.196,20.434,16.344,11.682,8.1841,4.0922,2.7196,1.6344,0.81841,0
1.2,7201.6,9492,10886,11861,11519,10674,8887.2,6814.1,4793.6,3669.1,2476.3,1866.5,1497.4,1071.3,749.78,499.86,376.04,249.93,187.77,150.19,107.35,75.202,49.986,37.604,24.993,18.777,15.019,10.735,7.5202,3.7604,2.4993,1.5019,0.75202,0
1.3,7050.4,9142,10352,11085,10671,9836.4,8150.8,6231.1,4376.4,3347.7,2258.5,1702.1,1365.6,976.92,683.68,455.78,342.86,227.89,171.19,136.95,97.888,68.564,45.578,34.286,22.789,17.119,13.695,9.7888,6.8564,3.4286,2.2789,1.3695,0.68564,0
1.4,6899.2,8792,9816.8,10310,9822.4,8999.2,7414.4,5648.2,3959.2,3026.2,2040.6,1537.8,1233.7,882.56,617.57,411.71,309.68,205.86,154.62,123.7,88.424,61.925,41.171,30.968,20.586,15.462,12.37,8.8424,6.1925,3.0968,2.0586,1.237,0.61925,0
1.5,6748,8442,9282,9534,8974,8162,6678,5065.2,3542,2704.8,1822.8,1373.4,1101.8,788.2,551.46,367.64,276.5,183.82,138.04,110.46,78.96,55.286,36.764,27.65,18.382,13.804,11.046,7.896,5.5286,2.765,1.8382,1.1046,0.55286,0
1.6,6596.8,8092,8747.2,8758.4,8125.6,7324.8,5941.6,4482.2,3124.8,2383.4,1605,1209,969.92,693.84,485.35,323.57,243.32,161.78,121.46,97.216,69.496,48.647,32.357,24.332,16.178,12.146,9.7216,6.9496,4.8647,2.4332,1.6178,0.97216,0.48647,0
1.7,6445.6,7742,8212.4,7982.8,7277.2,6487.6,5205.2,3899.3,2707.6,2061.9,1387.1,1044.7,838.04,599.48,419.24,279.5,210.14,139.75,104.89,83.972,60.032,42.008,27.95,21.014,13.975,10.489,8.3972,6.0032,4.2008,2.1014,1.3975,0.83972,0.42008,0
1.8,6294.4,7392,7677.6,7207.2,6428.8,5650.4,4468.8,3316.3,2290.4,1740.5,1169.3,880.32,706.16,505.12,353.14,235.42,176.96,117.71,88.312,70.728,50.568,35.37,23.542,17.696,11.771,8.8312,7.0728,5.0568,3.537,1.7696,1.1771,0.70728,0.3537,0
1.9,6143.2,7042,7142.8,6431.6,5580.4,4813.2,3732.4,2733.4,1873.2,1419,951.44,715.96,574.28,410.76,287.03,191.35,143.78,95.676,71.736,57.484,41.104,28.731,19.135,14.378,9.5676,7.1736,5.7484,4.1104,2.8731,1.4378,0.95676,0.57484,0.28731,0
2,5992,6692,6608,5656,4732,3976,2996,2150.4,1456,1097.6,733.6,551.6,442.4,316.4,220.92,147.28,110.6,73.64,55.16,44.24,31.64,22.092,14.728,11.06,7.364,5.516,4.424,3.164,2.2092,1.106,0.7364,0.4424,0.22092,0
2.1,5840.8,6451.2,6325.2,5378.8,4487.3,3765.7,2833.3,2032.5,1375.6,1036.8,693,520.97,417.79,298.79,208.66,139.1,104.44,69.552,52.1,41.782,29.879,20.866,13.91,10.444,6.9552,5.21,4.1782,2.9879,2.0866,1.0444,0.69552,0.41782,0.20866,0
2.2,5689.6,6210.4,6042.4,5101.6,4242.6,3555.4,2670.6,1914.6,1295.3,976.08,652.4,490.34,393.18,281.18,196.39,130.93,98.28,65.464,49.039,39.323,28.118,19.639,13.093,9.828,6.5464,4.9039,3.9323,2.8118,1.9639,0.9828,0.65464,0.39323,0.19639,0
2.3,5538.4,5969.6,5759.6,4824.4,3997.8,3345.2,2508,1796.8,1214.9,915.32,611.8,459.7,368.56,263.56,184.13,122.75,92.12,61.376,45.979,36.865,26.356,18.413,12.275,9.212,6.1376,4.5979,3.6865,2.6356,1.8413,0.9212,0.61376,0.36865,0.18413,0
2.4,5387.2,5728.8,5476.8,4547.2,3753.1,3134.9,2345.3,1678.9,1134.6,854.56,571.2,429.07,343.95,245.95,171.86,114.58,85.96,57.288,42.918,34.406,24.595,17.186,11.458,8.596,5.7288,4.2918,3.4406,2.4595,1.7186,0.8596,0.57288,0.34406,0.17186,0
2.5,5236,5488,5194,4270,3508.4,2924.6,2182.6,1561,1054.2,793.8,530.6,398.44,319.34,228.34,159.6,106.4,79.8,53.2,39.858,31.948,22.834,15.96,10.64,7.98,5.32,3.9858,3.1948,2.2834,1.596,0.798,0.532,0.31948,0.1596,0
2.6,5084.8,5247.2,4911.2,3992.8,3263.7,2714.3,2019.9,1443.1,973.84,733.04,490,367.81,294.73,210.73,147.34,98.224,73.64,49.112,36.798,29.49,21.073,14.734,9.8224,7.364,4.9112,3.6798,2.949,2.1073,1.4734,0.7364,0.49112,0.2949,0.14734,0
2.7,4933.6,5006.4,4628.4,3715.6,3019,2504,1857.2,1325.2,893.48,672.28,449.4,337.18,270.12,193.12,135.07,90.048,67.48,45.024,33.737,27.031,19.312,13.507,9.0048,6.748,4.5024,3.3737,2.7031,1.9312,1.3507,0.6748,0.45024,0.27031,0.13507,0
2.8,4782.4,4765.6,4345.6,3438.4,2774.2,2293.8,1694.6,1207.4,813.12,611.52,408.8,306.54,245.5,175.5,122.81,81.872,61.32,40.936,30.677,24.573,17.55,12.281,8.1872,6.132,4.0936,3.0677,2.4573,1.755,1.2281,0.6132,0.40936,0.24573,0.12281,0
2.9,4631.2,4524.8,4062.8,3161.2,2529.5,2083.5,1531.9,1089.5,732.76,550.76,368.2,275.91,220.89,157.89,110.54,73.696,55.16,36.848,27.616,22.114,15.789,11.054,7.3696,5.516,3.6848,2.7616,2.2114,1.5789,1.1054,0.5516,0.36848,0.22114,0.11054,0
3,4480,4284,3780,2884,2284.8,1873.2,1369.2,971.6,652.4,490,327.6,245.28,196.28,140.28,98.28,65.52,49,32.76,24.556,19.656,14.028,9.828,6.552,4.9,3.276,2.4556,1.9656,1.4028,0.9828,0.49,0.3276,0.19656,0.09828,0
3.1,4362.4,4138.4,3638.6,2767,2188.8,1793.4,1310.1,929.32,623.84,468.58,313.24,234.56,187.71,134.15,93.968,62.664,46.864,31.326,23.481,18.796,13.415,9.3968,6.2664,4.6864,3.1326,2.3481,1.8796,1.3415,0.93968,0.46864,0.31326,0.18796,0.093968,0
3.2,4244.8,3992.8,3497.2,2649.9,2092.7,1713.6,1251,887.04,595.28,447.16,298.87,223.83,179.14,128.02,89.656,59.808,44.727,29.893,22.406,17.937,12.802,8.9656,5.9808,4.4727,2.9893,2.2406,1.7937,1.2802,0.89656,0.44727,0.29893,0.17937,0.089656,0
3.3,4127.2,3847.2,3355.8,2532.9,1996.7,1633.8,1192,844.76,566.72,425.74,284.51,213.11,170.58,121.88,85.344,56.952,42.591,28.459,21.33,17.077,12.188,8.5344,5.6952,4.2591,2.8459,2.133,1.7077,1.2188,0.85344,0.42591,0.28459,0.17077,0.085344,0
3.4,4009.6,3701.6,3214.4,2415.8,1900.6,1554,1132.9,802.48,538.16,404.32,270.14,202.38,162.01,115.75,81.032,54.096,40.454,27.026,20.255,16.218,11.575,8.1032,5.4096,4.0454,2.7026,2.0255,1.6218,1.1575,0.81032,0.40454,0.27026,0.16218,0.081032,0
3.5,3892,3556,3073,2298.8,1804.6,1474.2,1073.8,760.2,509.6,382.9,255.78,191.66,153.44,109.62,76.72,51.24,38.318,25.592,19.18,15.358,10.962,7.672,5.124,3.8318,2.5592,1.918,1.5358,1.0962,0.7672,0.38318,0.25592,0.15358,0.07672,0
3.6,3774.4,3410.4,2931.6,2181.8,1708.6,1394.4,1014.7,717.92,481.04,361.48,241.42,180.94,144.87,103.49,72.408,48.384,36.182,24.158,18.105,14.498,10.349,7.2408,4.8384,3.6182,2.4158,1.8105,1.4498,1.0349,0.72408,0.36182,0.24158,0.14498,0.072408,0
3.7,3656.8,3264.8,2790.2,2064.7,1612.5,1314.6,955.64,675.64,452.48,340.06,227.05,170.21,136.3,97.356,68.096,45.528,34.045,22.725,17.03,13.639,9.7356,6.8096,4.5528,3.4045,2.2725,1.703,1.3639,0.97356,0.68096,0.34045,0.22725,0.13639,0.068096,0
3.8,3539.2,3119.2,2648.8,1947.7,1516.5,1234.8,896.56,633.36,423.92,318.64,212.69,159.49,127.74,91.224,63.784,42.672,31.909,21.291,15.954,12.779,9.1224,6.3784,4.2672,3.1909,2.1291,1.5954,1.2779,0.91224,0.63784,0.31909,0.21291,0.12779,0.063784,0
3.9,3421.6,2973.6,2507.4,1830.6,1420.4,1155,837.48,591.08,395.36,297.22,198.32,148.76,119.17,85.092,59.472,39.816,29.772,19.858,14.879,11.92,8.5092,5.9472,3.9816,2.9772,1.9858,1.4879,1.192,0.85092,0.59472,0.29772,0.19858,0.1192,0.059472,0
4,3304,2828,2366,1713.6,1324.4,1075.2,778.4,548.8,366.8,275.8,183.96,138.04,110.6,78.96,55.16,36.96,27.636,18.424,13.804,11.06,7.896,5.516,3.696,2.7636,1.8424,1.3804,1.106,0.7896,0.5516,0.27636,0.18424,0.1106,0.05516,0
4.1,3220.8,2743.2,2289,1654.8,1278.2,1037.1,750.68,529.2,353.67,265.89,177.35,133.08,106.62,76.104,53.172,35.622,26.642,17.76,13.308,10.662,7.6104,5.3172,3.5622,2.6642,1.776,1.3308,1.0662,0.76104,0.53172,0.26642,0.1776,0.10662,0.053172,0
4.2,3137.7,2658.3,2212,1596,1232,999.04,722.96,509.6,340.54,255.98,170.74,128.13,102.65,73.248,51.184,34.283,25.648,17.097,12.813,10.265,7.3248,5.1184,3.4283,2.5648,1.7097,1.2813,1.0265,0.73248,0.51184,0.25648,0.17097,0.10265,0.051184,0
4.3,3054.5,2573.5,2135,1537.2,1185.8,960.96,695.24,490,327.4,246.06,164.14,123.17,98.672,70.392,49.196,32.945,24.654,16.433,12.317,9.8672,7.0392,4.9196,3.2945,2.4654,1.6433,1.2317,0.98672,0.70392,0.49196,0.24654,0.16433,0.098672,0.049196,0
4.4,2971.4,2488.6,2058,1478.4,1139.6,922.88,667.52,470.4,314.27,236.15,157.53,118.22,94.696,67.536,47.208,31.606,23.66,15.77,11.822,9.4696,6.7536,4.7208,3.1606,2.366,1.577,1.1822,0.94696,0.67536,0.47208,0.2366,0.1577,0.094696,0.047208,0
4.5,2888.2,2403.8,1981,1419.6,1093.4,884.8,639.8,450.8,301.14,226.24,150.92,113.26,90.72,64.68,45.22,30.268,22.666,15.106,11.326,9.072,6.468,4.522,3.0268,2.2666,1.5106,1.1326,0.9072,0.6468,0.4522,0.22666,0.15106,0.09072,0.04522,0
4.6,2805,2319,1904,1360.8,1047.2,846.72,612.08,431.2,288.01,216.33,144.31,108.3,86.744,61.824,43.232,28.93,21.672,14.442,10.83,8.6744,6.1824,4.3232,2.893,2.1672,1.4442,1.083,0.86744,0.61824,0.43232,0.21672,0.14442,0.086744,0.043232,0
4.7,2721.9,2234.1,1827,1302,1001,808.64,584.36,411.6,274.88,206.42,137.7,103.35,82.768,58.968,41.244,27.591,20.678,13.779,10.335,8.2768,5.8968,4.1244,2.7591,2.0678,1.3779,1.0335,0.82768,0.58968,0.41244,0.20678,0.13779,0.082768,0.041244,0
4.8,2638.7,2149.3,1750,1243.2,954.8,770.56,556.64,392,261.74,196.5,131.1,98.392,78.792,56.112,39.256,26.253,19.684,13.115,9.8392,7.8792,5.6112,3.9256,2.6253,1.9684,1.3115,0.98392,0.78792,0.56112,0.39256,0.19684,0.13115,0.078792,0.039256,0
4.9,2555.6,2064.4,1673,1184.4,908.6,732.48,528.92,372.4,248.61,186.59,124.49,93.436,74.816,53.256,37.268,24.914,18.69,12.452,9.3436,7.4816,5.3256,3.7268,2.4914,1.869,1.2452,0.93436,0.74816,0.53256,0.37268,0.1869,0.12452,0.074816,0.037268,0
5,2472.4,1979.6,1596,1125.6,862.4,694.4,501.2,352.8,235.48,176.68,117.88,88.48,70.84,50.4,35.28,23.576,17.696,11.788,8.848,7.084,5.04,3.528,2.3576,1.7696,1.1788,0.8848,0.7084,0.504,0.3528,0.17696,0.11788,0.07084,0.03528,0
5.1,2414.2,1926.1,1550.6,1092.3,836.36,673.4,486.08,342.02,228.28,171.28,114.27,85.764,68.656,48.86,34.208,22.856,17.156,11.427,8.5764,6.8656,4.886,3.4208,2.2856,1.7156,1.1427,0.85764,0.68656,0.4886,0.34208,0.17156,0.11427,0.068656,0.034208,0
5.2,2355.9,1872.6,1505.3,1059,810.32,652.4,470.96,331.24,221.09,165.87,110.66,83.048,66.472,47.32,33.135,22.137,16.615,11.066,8.3048,6.6472,4.732,3.3135,2.2137,1.6615,1.1066,0.83048,0.66472,0.4732,0.33135,0.16615,0.11066,0.066472,0.033135,0
5.3,2297.7,1819.2,1459.9,1025.6,784.28,631.4,455.84,320.46,213.89,160.47,107.04,80.332,64.288,45.78,32.063,21.417,16.075,10.704,8.0332,6.4288,4.578,3.2063,2.1417,1.6075,1.0704,0.80332,0.64288,0.4578,0.32063,0.16075,0.10704,0.064288,0.032063,0
5.4,2239.4,1765.7,1414.6,992.32,758.24,610.4,440.72,309.68,206.7,155.06,103.43,77.616,62.104,44.24,30.99,20.698,15.534,10.343,7.7616,6.2104,4.424,3.099,2.0698,1.5534,1.0343,0.77616,0.62104,0.4424,0.3099,0.15534,0.10343,0.062104,0.03099,0
5.5,2181.2,1712.2,1369.2,959,732.2,589.4,425.6,298.9,199.5,149.66,99.82,74.9,59.92,42.7,29.918,19.978,14.994,9.982,7.49,5.992,4.27,2.9918,1.9978,1.4994,0.9982,0.749,0.5992,0.427,0.29918,0.14994,0.09982,0.05992,0.029918,0
5.6,2123,1658.7,1323.8,925.68,706.16,568.4,410.48,288.12,192.3,144.26,96.208,72.184,57.736,41.16,28.846,19.258,14.454,9.6208,7.2184,5.7736,4.116,2.8846,1.9258,1.4454,0.96208,0.72184,0.57736,0.4116,0.28846,0.14454,0.096208,0.057736,0.028846,0
5.7,2064.7,1605.2,1278.5,892.36,680.12,547.4,395.36,277.34,185.11,138.85,92.596,69.468,55.552,39.62,27.773,18.539,13.913,9.2596,6.9468,5.5552,3.962,2.7773,1.8539,1.3913,0.92596,0.69468,0.55552,0.3962,0.27773,0.13913,0.092596,0.055552,0.027773,0
5.8,2006.5,1551.8,1233.1,859.04,654.08,526.4,380.24,266.56,177.91,133.45,88.984,66.752,53.368,38.08,26.701,17.819,13.373,8.8984,6.6752,5.3368,3.808,2.6701,1.7819,1.3373,0.88984,0.66752,0.53368,0.3808,0.26701,0.13373,0.088984,0.053368,0.026701,0
5.9,1948.2,1498.3,1187.8,825.72,628.04,505.4,365.12,255.78,170.72,128.04,85.372,64.036,51.184,36.54,25.628,17.1,12.832,8.5372,6.4036,5.1184,3.654,2.5628,1.71,1.2832,0.85372,0.64036,0.51184,0.3654,0.25628,0.12832,0.085372,0.051184,0.025628,0
6,1890,1444.8,1142.4,792.4,602,484.4,350,245,163.52,122.64,81.76,61.32,49,35,24.556,16.38,12.292,8.176,6.132,4.9,3.5,2.4556,1.638,1.2292,0.8176,0.6132,0.49,0.35,0.24556,0.12292,0.08176,0.049,0.024556,0
6.1,1849.1,1410.1,1113.8,771.96,586.32,471.8,340.68,238.5,159.21,119.39,79.604,59.696,47.712,34.079,23.906,15.946,11.964,7.9604,5.9696,4.7712,3.4079,2.3906,1.5946,1.1964,0.79604,0.59696,0.47712,0.34079,0.23906,0.11964,0.079604,0.047712,0.023906,0
6.2,1808.2,1375.4,1085.3,751.52,570.64,459.2,331.35,232.01,154.9,116.14,77.448,58.072,46.424,33.158,23.257,15.512,11.637,7.7448,5.8072,4.6424,3.3158,2.3257,1.5512,1.1637,0.77448,0.58072,0.46424,0.33158,0.23257,0.11637,0.077448,0.046424,0.023257,0
6.3,1767.4,1340.6,1056.7,731.08,554.96,446.6,322.03,225.51,150.58,112.9,75.292,56.448,45.136,32.236,22.607,15.078,11.309,7.5292,5.6448,4.5136,3.2236,2.2607,1.5078,1.1309,0.75292,0.56448,0.45136,0.32236,0.22607,0.11309,0.075292,0.045136,0.022607,0
6.4,1726.5,1305.9,1028.2,710.64,539.28,434,312.7,219.02,146.27,109.65,73.136,54.824,43.848,31.315,21.958,14.644,10.982,7.3136,5.4824,4.3848,3.1315,2.1958,1.4644,1.0982,0.73136,0.54824,0.43848,0.31315,0.21958,0.10982,0.073136,0.043848,0.021958,0
6.5,1685.6,1271.2,999.6,690.2,523.6,421.4,303.38,212.52,141.96,106.4,70.98,53.2,42.56,30.394,21.308,14.21,10.654,7.098,5.32,4.256,3.0394,2.1308,1.421,1.0654,0.7098,0.532,0.4256,0.30394,0.21308,0.10654,0.07098,0.04256,0.021308,0
6.6,1644.7,1236.5,971.04,669.76,507.92,408.8,294.06,206.02,137.65,103.15,68.824,51.576,41.272,29.473,20.658,13.776,10.326,6.8824,5.1576,4.1272,2.9473,2.0658,1.3776,1.0326,0.68824,0.51576,0.41272,0.29473,0.20658,0.10326,0.068824,0.041272,0.020658,0
6.7,1603.8,1201.8,942.48,649.32,492.24,396.2,284.73,199.53,133.34,99.904,66.668,49.952,39.984,28.552,20.009,13.342,9.9988,6.6668,4.9952,3.9984,2.8552,2.0009,1.3342,0.99988,0.66668,0.49952,0.39984,0.28552,0.20009,0.099988,0.066668,0.039984,0.020009,0
6.8,1563,1167,913.92,628.88,476.56,383.6,275.41,193.03,129.02,96.656,64.512,48.328,38.696,27.63,19.359,12.908,9.6712,6.4512,4.8328,3.8696,2.763,1.9359,1.2908,0.96712,0.64512,0.48328,0.38696,0.2763,0.19359,0.096712,0.064512,0.038696,0.019359,0
6.9,1522.1,1132.3,885.36,608.44,460.88,371,266.08,186.54,124.71,93.408,62.356,46.704,37.408,26.709,18.71,12.474,9.3436,6.2356,4.6704,3.7408,2.6709,1.871,1.2474,0.93436,0.62356,0.46704,0.37408,0.26709,0.1871,0.093436,0.062356,0.037408,0.01871,0
7,1481.2,1097.6,856.8,588,445.2,358.4,256.76,180.04,120.4,90.16,60.2,45.08,36.12,25.788,18.06,12.04,9.016,6.02,4.508,3.612,2.5788,1.806,1.204,0.9016,0.602,0.4508,0.3612,0.25788,0.1806,0.09016,0.0602,0.03612,0.01806,0
7.1,1451.5,1073.5,837.48,574.56,434.84,350.03,250.77,175.84,117.57,88.06,58.8,44.016,35.274,25.186,17.637,11.757,8.806,5.88,4.4016,3.5274,2.5186,1.7637,1.1757,0.8806,0.588,0.44016,0.35274,0.25186,0.17637,0.08806,0.0588,0.035274,0.017637,0
7.2,1421.8,1049.4,818.16,561.12,424.48,341.66,244.78,171.64,114.74,85.96,57.4,42.952,34.429,24.584,17.214,11.474,8.596,5.74,4.2952,3.4429,2.4584,1.7214,1.1474,0.8596,0.574,0.42952,0.34429,0.24584,0.17214,0.08596,0.0574,0.034429,0.017214,0
7.3,1392.2,1025.4,798.84,547.68,414.12,333.28,238.78,167.44,111.92,83.86,56,41.888,33.583,23.982,16.792,11.192,8.386,5.6,4.1888,3.3583,2.3982,1.6792,1.1192,0.8386,0.56,0.41888,0.33583,0.23982,0.16792,0.08386,0.056,0.033583,0.016792,0
7.4,1362.5,1001.3,779.52,534.24,403.76,324.91,232.79,163.24,109.09,81.76,54.6,40.824,32.738,23.38,16.369,10.909,8.176,5.46,4.0824,3.2738,2.338,1.6369,1.0909,0.8176,0.546,0.40824,0.32738,0.2338,0.16369,0.08176,0.0546,0.032738,0.016369,0
7.5,1332.8,977.2,760.2,520.8,393.4,316.54,226.8,159.04,106.26,79.66,53.2,39.76,31.892,22.778,15.946,10.626,7.966,5.32,3.976,3.1892,2.2778,1.5946,1.0626,0.7966,0.532,0.3976,0.31892,0.22778,0.15946,0.07966,0.0532,0.031892,0.015946,0
7.6,1303.1,953.12,740.88,507.36,383.04,308.17,220.81,154.84,103.43,77.56,51.8,38.696,31.046,22.176,15.523,10.343,7.756,5.18,3.8696,3.1046,2.2176,1.5523,1.0343,0.7756,0.518,0.38696,0.31046,0.22176,0.15523,0.07756,0.0518,0.031046,0.015523,0
7.7,1273.4,929.04,721.56,493.92,372.68,299.8,214.82,150.64,100.6,75.46,50.4,37.632,30.201,21.574,15.1,10.06,7.546,5.04,3.7632,3.0201,2.1574,1.51,1.006,0.7546,0.504,0.37632,0.30201,0.21574,0.151,0.07546,0.0504,0.030201,0.0151,0
7.8,1243.8,904.96,702.24,480.48,362.32,291.42,208.82,146.44,97.776,73.36,49,36.568,29.355,20.972,14.678,9.7776,7.336,4.9,3.6568,2.9355,2.0972,1.4678,0.97776,0.7336,0.49,0.36568,0.29355,0.20972,0.14678,0.07336,0.049,0.029355,0.014678,0
7.9,1214.1,880.88,682.92,467.04,351.96,283.05,202.83,142.24,94.948,71.26,47.6,35.504,28.51,20.37,14.255,9.4948,7.126,4.76,3.5504,2.851,2.037,1.4255,0.94948,0.7126,0.476,0.35504,0.2851,0.2037,0.14255,0.07126,0.0476,0.02851,0.014255,0
8,1184.4,856.8,663.6,453.6,341.6,274.68,196.84,138.04,92.12,69.16,46.2,34.44,27.664,19.768,13.832,9.212,6.916,4.62,3.444,2.7664,1.9768,1.3832,0.9212,0.6916,0.462,0.3444,0.27664,0.19768,0.13832,0.06916,0.0462,0.027664,0.013832,0
8.1,1162.6,840,650.16,444.08,334.54,268.97,192.72,135.16,90.188,67.704,45.22,33.729,27.084,19.354,13.541,9.0188,6.7704,4.522,3.3729,2.7084,1.9354,1.3541,0.90188,0.67704,0.4522,0.33729,0.27084,0.19354,0.13541,0.067704,0.04522,0.027084,0.013541,0
8.2,1140.7,823.2,636.72,434.56,327.49,263.26,188.61,132.27,88.256,66.248,44.24,33.018,26.505,18.939,13.25,8.8256,6.6248,4.424,3.3018,2.6505,1.8939,1.325,0.88256,0.66248,0.4424,0.33018,0.26505,0.18939,0.1325,0.066248,0.04424,0.026505,0.01325,0
8.3,1118.9,806.4,623.28,425.04,320.43,257.54,184.49,129.39,86.324,64.792,43.26,32.306,25.925,18.525,12.958,8.6324,6.4792,4.326,3.2306,2.5925,1.8525,1.2958,0.86324,0.64792,0.4326,0.32306,0.25925,0.18525,0.12958,0.064792,0.04326,0.025925,0.012958,0
8.4,1097,789.6,609.84,415.52,313.38,251.83,180.38,126.5,84.392,63.336,42.28,31.595,25.346,18.11,12.667,8.4392,6.3336,4.228,3.1595,2.5346,1.811,1.2667,0.84392,0.63336,0.4228,0.31595,0.25346,0.1811,0.12667,0.063336,0.04228,0.025346,0.012667,0
8.5,1075.2,772.8,596.4,406,306.32,246.12,176.26,123.62,82.46,61.88,41.3,30.884,24.766,17.696,12.376,8.246,6.188,4.13,3.0884,2.4766,1.7696,1.2376,0.8246,0.6188,0.413,0.30884,0.24766,0.17696,0.12376,0.06188,0.0413,0.024766,0.012376,0
8.6,1053.4,756,582.96,396.48,299.26,240.41,172.14,120.74,80.528,60.424,40.32,30.173,24.186,17.282,12.085,8.0528,6.0424,4.032,3.0173,2.4186,1.7282,1.2085,0.80528,0.60424,0.4032,0.30173,0.24186,0.17282,0.12085,0.060424,0.04032,0.024186,0.012085,0
8.7,1031.5,739.2,569.52,386.96,292.21,234.7,168.03,117.85,78.596,58.968,39.34,29.462,23.607,16.867,11.794,7.8596,5.8968,3.934,2.9462,2.3607,1.6867,1.1794,0.78596,0.58968,0.3934,0.29462,0.23607,0.16867,0.11794,0.058968,0.03934,0.023607,0.011794,0
8.8,1009.7,722.4,556.08,377.44,285.15,228.98,163.91,114.97,76.664,57.512,38.36,28.75,23.027,16.453,11.502,7.6664,5.7512,3.836,2.875,2.3027,1.6453,1.1502,0.76664,0.57512,0.3836,0.2875,0.23027,0.16453,0.11502,0.057512,0.03836,0.023027,0.011502,0
8.9,987.84,705.6,542.64,367.92,278.1,223.27,159.8,112.08,74.732,56.056,37.38,28.039,22.448,16.038,11.211,7.4732,5.6056,3.738,2.8039,2.2448,1.6038,1.1211,0.74732,0.56056,0.3738,0.28039,0.22448,0.16038,0.11211,0.056056,0.03738,0.022448,0.011211,0
9,966,688.8,529.2,358.4,271.04,217.56,155.68,109.2,72.8,54.6,36.4,27.328,21.868,15.624,10.92,7.28,5.46,3.64,2.7328,2.1868,1.5624,1.092,0.728,0.546,0.364,0.27328,0.21868,0.15624,0.1092,0.0546,0.0364,0.021868,0.01092,0
9.1,949.48,676.2,519.4,351.68,265.94,213.44,152.74,107.13,71.428,53.564,35.7,26.81,21.454,15.327,10.713,7.1428,5.3564,3.57,2.681,2.1454,1.5327,1.0713,0.71428,0.53564,0.357,0.2681,0.21454,0.15327,0.10713,0.053564,0.0357,0.021454,0.010713,0
9.2,932.96,663.6,509.6,344.96,260.85,209.33,149.8,105.06,70.056,52.528,35,26.292,21.039,15.03,10.506,7.0056,5.2528,3.5,2.6292,2.1039,1.503,1.0506,0.70056,0.52528,0.35,0.26292,0.21039,0.1503,0.10506,0.052528,0.035,0.021039,0.010506,0
9.3,916.44,651,499.8,338.24,255.75,205.21,146.86,102.98,68.684,51.492,34.3,25.774,20.625,14.734,10.298,6.8684,5.1492,3.43,2.5774,2.0625,1.4734,1.0298,0.68684,0.51492,0.343,0.25774,0.20625,0.14734,0.10298,0.051492,0.0343,0.020625,0.010298,0
9.4,899.92,638.4,490,331.52,250.66,201.1,143.92,100.91,67.312,50.456,33.6,25.256,20.21,14.437,10.091,6.7312,5.0456,3.36,2.5256,2.021,1.4437,1.0091,0.67312,0.50456,0.336,0.25256,0.2021,0.14437,0.10091,0.050456,0.0336,0.02021,0.010091,0
9.5,883.4,625.8,480.2,324.8,245.56,196.98,140.98,98.84,65.94,49.42,32.9,24.738,19.796,14.14,9.884,6.594,4.942,3.29,2.4738,1.9796,1.414,0.9884,0.6594,0.4942,0.329,0.24738,0.19796,0.1414,0.09884,0.04942,0.0329,0.019796,0.009884,0
9.6,866.88,613.2,470.4,318.08,240.46,192.86,138.04,96.768,64.568,48.384,32.2,24.22,19.382,13.843,9.6768,6.4568,4.8384,3.22,2.422,1.9382,1.3843,0.96768,0.64568,0.48384,0.322,0.2422,0.19382,0.13843,0.096768,0.048384,0.0322,0.019382,0.0096768,0
9.7,850.36,600.6,460.6,311.36,235.37,188.75,135.1,94.696,63.196,47.348,31.5,23.702,18.967,13.546,9.4696,6.3196,4.7348,3.15,2.3702,1.8967,1.3546,0.94696,0.63196,0.47348,0.315,0.23702,0.18967,0.13546,0.094696,0.047348,0.0315,0.018967,0.0094696,0
9.8,833.84,588,450.8,304.64,230.27,184.63,132.16,92.624,61.824,46.312,30.8,23.184,18.553,13.25,9.2624,6.1824,4.6312,3.08,2.3184,1.8553,1.325,0.92624,0.61824,0.46312,0.308,0.23184,0.18553,0.1325,0.092624,0.046312,0.0308,0.018553,0.0092624,0
9.9,817.32,575.4,441,297.92,225.18,180.52,129.22,90.552,60.452,45.276,30.1,22.666,18.138,12.953,9.0552,6.0452,4.5276,3.01,2.2666,1.8138,1.2953,0.90552,0.60452,0.45276,0.301,0.22666,0.18138,0.12953,0.090552,0.045276,0.0301,0.018138,0.0090552,0
10,800.8,562.8,431.2,291.2,220.08,176.4,126.28,88.48,59.08,44.24,29.4,22.148,17.724,12.656,8.848,5.908,4.424,2.94,2.2148,1.7724,1.2656,0.8848,0.5908,0.4424,0.294,0.22148,0.17724,0.12656,0.08848,0.04424,0.0294,0.017724,0.008848,0
10.1,787.92,553.56,423.92,286.27,216.27,173.35,124.1,86.94,58.044,43.484,28.902,21.764,17.416,12.438,8.6968,5.8044,4.3484,2.8902,2.1764,1.7416,1.2438,0.86968,0.58044,0.43484,0.28902,0.21764,0.17416,0.12438,0.086968,0.043484,0.028902,0.017416,0.0086968,0
10.2,775.04,544.32,416.64,281.34,212.46,170.3,121.91,85.4,57.008,42.728,28.403,21.381,17.108,12.219,8.5456,5.7008,4.2728,2.8403,2.1381,1.7108,1.2219,0.85456,0.57008,0.42728,0.28403,0.21381,0.17108,0.12219,0.085456,0.042728,0.028403,0.017108,0.0085456,0
10.3,762.16,535.08,409.36,276.42,208.66,167.24,119.73,83.86,55.972,41.972,27.905,20.997,16.8,12.001,8.3944,5.5972,4.1972,2.7905,2.0997,1.68,1.2001,0.83944,0.55972,0.41972,0.27905,0.20997,0.168,0.12001,0.083944,0.041972,0.027905,0.0168,0.0083944,0
10.4,749.28,525.84,402.08,271.49,204.85,164.19,117.54,82.32,54.936,41.216,27.406,20.614,16.492,11.782,8.2432,5.4936,4.1216,2.7406,2.0614,1.6492,1.1782,0.82432,0.54936,0.41216,0.27406,0.20614,0.16492,0.11782,0.082432,0.041216,0.027406,0.016492,0.0082432,0
10.5,736.4,516.6,394.8,266.56,201.04,161.14,115.36,80.78,53.9,40.46,26.908,20.23,16.184,11.564,8.092,5.39,4.046,2.6908,2.023,1.6184,1.1564,0.8092,0.539,0.4046,0.26908,0.2023,0.16184,0.11564,0.08092,0.04046,0.026908,0.016184,0.008092,0
10.6,723.52,507.36,387.52,261.63,197.23,158.09,113.18,79.24,52.864,39.704,26.41,19.846,15.876,11.346,7.9408,5.2864,3.9704,2.641,1.9846,1.5876,1.1346,0.79408,0.52864,0.39704,0.2641,0.19846,0.15876,0.11346,0.079408,0.039704,0.02641,0.015876,0.0079408,0
10.7,710.64,498.12,380.24,256.7,193.42,155.04,110.99,77.7,51.828,38.948,25.911,19.463,15.568,11.127,7.7896,5.1828,3.8948,2.5911,1.9463,1.5568,1.1127,0.77896,0.51828,0.38948,0.25911,0.19463,0.15568,0.11127,0.077896,0.038948,0.025911,0.015568,0.0077896,0
10.8,697.76,488.88,372.96,251.78,189.62,151.98,108.81,76.16,50.792,38.192,25.413,19.079,15.26,10.909,7.6384,5.0792,3.8192,2.5413,1.9079,1.526,1.0909,0.76384,0.50792,0.38192,0.25413,0.19079,0.1526,0.10909,0.076384,0.038192,0.025413,0.01526,0.0076384,0
10.9,684.88,479.64,365.68,246.85,185.81,148.93,106.62,74.62,49.756,37.436,24.914,18.696,14.952,10.69,7.4872,4.9756,3.7436,2.4914,1.8696,1.4952,1.069,0.74872,0.49756,0.37436,0.24914,0.18696,0.14952,0.1069,0.074872,0.037436,0.024914,0.014952,0.0074872,0
11,672,470.4,358.4,241.92,182,145.88,104.44,73.08,48.72,36.68,24.416,18.312,14.644,10.472,7.336,4.872,3.668,2.4416,1.8312,1.4644,1.0472,0.7336,0.4872,0.3668,0.24416,0.18312,0.14644,0.10472,0.07336,0.03668,0.024416,0.014644,0.007336,0
12,574,397.6,302.4,203.56,153.16,122.92,87.92,61.6,41.16,30.8,20.524,15.4,12.32,8.792,6.16,4.116,3.08,2.0524,1.54,1.232,0.8792,0.616,0.4116,0.308,0.20524,0.154,0.1232,0.08792,0.0616,0.0308,0.020524,0.01232,0.00616,0
13,492.8,341.6,258.44,173.88,130.76,104.72,75.04,52.36,35,26.264,17.5,13.132,10.5,7.504,5.264,3.5,2.6264,1.75,1.3132,1.05,0.7504,0.5264,0.35,0.26264,0.175,0.13132,0.105,0.07504,0.05264,0.026264,0.0175,0.0105,0.005264,0
14,428.4,294,223.44,150.08,112.84,90.44,64.68,45.36,30.24,22.652,15.092,11.34,9.072,6.468,4.536,3.024,2.2652,1.5092,1.134,0.9072,0.6468,0.4536,0.3024,0.22652,0.15092,0.1134,0.09072,0.06468,0.04536,0.022652,0.015092,0.009072,0.004536,0
15,378,257.88,195.16,131.04,98.56,78.96,56.28,39.48,26.32,19.74,13.16,9.884,7.896,5.656,3.948,2.632,1.974,1.316,0.9884,0.7896,0.5656,0.3948,0.2632,0.1974,0.1316,0.09884,0.07896,0.05656,0.03948,0.01974,0.01316,0.007896,0.003948,0
16,333.2,227.36,171.92,115.36,86.52,69.44,49.56,34.72,23.156,17.36,11.592,8.68,6.944,4.956,3.472,2.3156,1.736,1.1592,0.868,0.6944,0.4956,0.3472,0.23156,0.1736,0.11592,0.0868,0.06944,0.04956,0.03472,0.01736,0.011592,0.006944,0.003472,0
17,296.8,201.88,152.6,102.2,76.72,61.6,43.96,30.8,20.524,15.4,10.276,7.7,6.16,4.396,3.08,2.0524,1.54,1.0276,0.77,0.616,0.4396,0.308,0.20524,0.154,0.10276,0.077,0.0616,0.04396,0.0308,0.0154,0.010276,0.00616,0.00308,0
18,266,180.6,136.36,91.28,68.6,54.88,39.2,27.496,18.34,13.748,9.156,6.888,5.488,3.92,2.7496,1.834,1.3748,0.9156,0.6888,0.5488,0.392,0.27496,0.1834,0.13748,0.09156,0.06888,0.05488,0.0392,0.027496,0.013748,0.009156,0.005488,0.0027496,0
19,239.96,162.4,122.64,82.04,61.6,49.28,35.28,24.696,16.464,12.348,8.232,6.188,4.928,3.528,2.4696,1.6464,1.2348,0.8232,0.6188,0.4928,0.3528,0.24696,0.16464,0.12348,0.08232,0.06188,0.04928,0.03528,0.024696,0.012348,0.008232,0.004928,0.0024696,0
20,217.28,147,110.88,74.2,55.72,44.52,31.92,22.316,14.868,11.172,7.448,5.572,4.452,3.192,2.2316,1.4868,1.1172,0.7448,0.5572,0.4452,0.3192,0.22316,0.14868,0.11172,0.07448,0.05572,0.04452,0.03192,0.022316,0.011172,0.007448,0.004452,0.0022316,0
21,197.68,133.56,100.8,67.48,50.68,40.6,28.84,20.272,13.496,10.136,6.748,5.068,4.06,2.884,2.0272,1.3496,1.0136,0.6748,0.5068,0.406,0.2884,0.20272,0.13496,0.10136,0.06748,0.05068,0.0406,0.02884,0.020272,0.010136,0.006748,0.00406,0.0020272,0
22,180.88,122.08,91.84,61.6,46.2,36.96,26.404,18.48,12.32,9.24,6.16,4.62,3.696,2.6404,1.848,1.232,0.924,0.616,0.462,0.3696,0.26404,0.1848,0.1232,0.0924,0.0616,0.0462,0.03696,0.026404,0.01848,0.00924,0.00616,0.003696,0.001848,0
23,165.76,111.72,84.28,56.28,42.28,33.88,24.164,16.94,11.284,8.456,5.656,4.228,3.388,2.4192,1.694,1.1284,0.8456,0.5656,0.4228,0.3388,0.24192,0.1694,0.11284,0.08456,0.05656,0.04228,0.03388,0.024192,0.01694,0.008456,0.005656,0.003388,0.001694,0
24,152.88,103.04,77.56,51.8,38.92,31.08,22.232,15.568,10.388,7.784,5.18,3.892,3.108,2.2232,1.5568,1.0388,0.7784,0.518,0.3892,0.3108,0.22232,0.15568,0.10388,0.07784,0.0518,0.03892,0.03108,0.022232,0.015568,0.007784,0.00518,0.003108,0.0015568,0
25,141.12,94.92,71.4,47.88,35.84,28.84,20.524,14.364,9.576,7.196,4.788,3.584,2.884,2.0524,1.4364,0.9576,0.7196,0.4788,0.3584,0.2884,0.20524,0.14364,0.09576,0.07196,0.04788,0.03584,0.02884,0.020524,0.014364,0.007196,0.004788,0.002884,0.0014364,0
26,130.76,87.92,66.36,44.24,33.32,26.572,18.984,13.3,8.876,6.636,4.424,3.332,2.66,1.9012,1.33,0.8876,0.6636,0.4424,0.3332,0.266,0.19012,0.133,0.08876,0.06636,0.04424,0.03332,0.0266,0.019012,0.0133,0.006636,0.004424,0.00266,0.00133,0
27,121.52,81.76,61.6,41.16,30.8,24.696,17.64,12.348,8.232,6.188,4.116,3.08,2.4696,1.764,1.2348,0.8232,0.6188,0.4116,0.308,0.24696,0.1764,0.12348,0.08232,0.06188,0.04116,0.0308,0.024696,0.01764,0.012348,0.006188,0.004116,0.0024696,0.0012348,0
28,113.4,76.16,57.4,38.36,28.84,22.988,16.436,11.508,7.672,5.74,3.836,2.884,2.2988,1.6436,1.1508,0.7672,0.574,0.3836,0.2884,0.22988,0.16436,0.11508,0.07672,0.0574,0.03836,0.02884,0.022988,0.016436,0.011508,0.00574,0.003836,0.0022988,0.0011508,0
29,105.84,71.12,53.48,35.84,26.824,21.448,15.344,10.724,7.168,5.376,3.584,2.6824,2.1476,1.5344,1.0724,0.7168,0.5376,0.3584,0.26824,0.21476,0.15344,0.10724,0.07168,0.05376,0.03584,0.026824,0.021476,0.015344,0.010724,0.005376,0.003584,0.0021476,0.0010724,0
30,99.12,66.64,50.12,33.32,25.088,20.076,14.336,10.052,6.692,5.012,3.36,2.5116,2.0104,1.4364,1.0052,0.6692,0.5012,0.336,0.25116,0.20104,0.14364,0.10052,0.06692,0.05012,0.0336,0.025116,0.020104,0.014364,0.010052,0.005012,0.00336,0.0020104,0.0010052,0
31,93.24,62.44,47.04,31.36,23.548,18.844,13.468,9.436,6.272,4.704,3.136,2.3548,1.8844,1.3468,0.9436,0.6272,0.4704,0.3136,0.23548,0.18844,0.13468,0.09436,0.06272,0.04704,0.03136,0.023548,0.018844,0.013468,0.009436,0.004704,0.003136,0.0018844,0.0009436,0
32,87.64,58.8,44.24,29.4,22.12,17.696,12.656,8.848,5.908,4.424,2.94,2.2148,1.7724,1.2656,0.8848,0.5908,0.4424,0.294,0.22148,0.17724,0.12656,0.08848,0.05908,0.04424,0.0294,0.022148,0.017724,0.012656,0.008848,0.004424,0.00294,0.0017724,0.0008848,0
33,82.6,55.44,41.72,27.776,20.832,16.688,11.928,8.344,5.572,4.172,2.7804,2.086,1.6688,1.1928,0.8344,0.5572,0.4172,0.27804,0.2086,0.16688,0.11928,0.08344,0.05572,0.04172,0.027804,0.02086,0.016688,0.011928,0.008344,0.004172,0.0027804,0.0016688,0.0008344,0
34,78.12,52.36,39.2,26.208,19.684,15.736,11.256,7.868,5.236,3.948,2.6236,1.9684,1.5736,1.1256,0.7868,0.5236,0.3948,0.26236,0.19684,0.15736,0.11256,0.07868,0.05236,0.03948,0.026236,0.019684,0.015736,0.011256,0.007868,0.003948,0.0026236,0.0015736,0.0007868,0
35,73.64,49.28,37.24,24.78,18.592,14.868,10.64,7.448,4.956,3.724,2.4808,1.862,1.4896,1.064,0.7448,0.4956,0.3724,0.24808,0.1862,0.14896,0.1064,0.07448,0.04956,0.03724,0.024808,0.01862,0.014896,0.01064,0.007448,0.003724,0.0024808,0.0014896,0.0007448,0
36,70,46.76,35.28,23.464,17.612,14.084,10.08,7.056,4.704,3.528,2.3492,1.7612,1.4084,1.008,0.7056,0.4704,0.3528,0.23492,0.17612,0.14084,0.1008,0.07056,0.04704,0.03528,0.023492,0.017612,0.014084,0.01008,0.007056,0.003528,0.0023492,0.0014084,0.0007056,0
37,66.36,44.52,33.32,22.26,16.688,13.356,9.548,6.692,4.452,3.332,2.2288,1.6716,1.3356,0.9548,0.6692,0.4452,0.3332,0.22288,0.16716,0.13356,0.09548,0.06692,0.04452,0.03332,0.022288,0.016716,0.013356,0.009548,0.006692,0.003332,0.0022288,0.0013356,0.0006692,0
38,63,42.28,31.64,21.14,15.876,12.684,9.072,6.356,4.228,3.164,2.1168,1.5876,1.2712,0.9072,0.6356,0.4228,0.3164,0.21168,0.15876,0.12712,0.09072,0.06356,0.04228,0.03164,0.021168,0.015876,0.012712,0.009072,0.006356,0.003164,0.0021168,0.0012712,0.0006356,0
39,59.92,40.04,30.24,20.104,15.092,12.068,8.624,6.048,4.032,3.024,2.0132,1.5092,1.2068,0.8624,0.6048,0.4032,0.3024,0.20132,0.15092,0.12068,0.08624,0.06048,0.04032,0.03024,0.020132,0.015092,0.012068,0.008624,0.006048,0.003024,0.0020132,0.0012068,0.0006048,0
40,57.12,38.36,28.84,19.152,14.364,11.508,8.204,5.74,3.836,2.884,1.918,1.4392,1.1508,0.8232,0.574,0.3836,0.2884,0.1918,0.14392,0.11508,0.08232,0.0574,0.03836,0.02884,0.01918,0.014392,0.011508,0.008232,0.00574,0.002884,0.001918,0.0011508,0.000574,0
41,54.6,36.4,27.384,18.284,13.72,10.976,7.84,5.488,3.668,2.744,1.8284,1.372,1.0976,0.784,0.5488,0.3668,0.2744,0.18284,0.1372,0.10976,0.0784,0.05488,0.03668,0.02744,0.018284,0.01372,0.010976,0.00784,0.005488,0.002744,0.0018284,0.0010976,0.0005488,0
42,52.08,34.72,26.152,17.444,13.104,10.472,7.476,5.236,3.5,2.6208,1.7472,1.3104,1.0472,0.7476,0.5236,0.35,0.26208,0.17472,0.13104,0.10472,0.07476,0.05236,0.035,0.026208,0.017472,0.013104,0.010472,0.007476,0.005236,0.0026208,0.0017472,0.0010472,0.0005236,0
43,49.84,33.32,25.004,16.688,12.516,10.024,7.168,5.012,3.332,2.506,1.6688,1.2516,1.0024,0.7168,0.5012,0.3332,0.2506,0.16688,0.12516,0.10024,0.07168,0.05012,0.03332,0.02506,0.016688,0.012516,0.010024,0.007168,0.005012,0.002506,0.0016688,0.0010024,0.0005012,0
44,47.6,31.92,23.94,15.988,11.984,9.576,6.86,4.788,3.192,2.3968,1.5988,1.1984,0.9604,0.686,0.4788,0.3192,0.23968,0.15988,0.11984,0.09604,0.0686,0.04788,0.03192,0.023968,0.015988,0.011984,0.009604,0.00686,0.004788,0.0023968,0.0015988,0.0009604,0.0004788,0
45,45.64,30.52,22.932,15.316,11.48,9.184,6.552,4.592,3.052,2.2988,1.5316,1.148,0.9184,0.6552,0.4592,0.3052,0.22988,0.15316,0.1148,0.09184,0.06552,0.04592,0.03052,0.022988,0.015316,0.01148,0.009184,0.006552,0.004592,0.0022988,0.0015316,0.0009184,0.0004592,0
46,43.96,29.4,22.008,14.672,11.004,8.82,6.3,4.396,2.94,2.2036,1.47,1.1032,0.882,0.63,0.4396,0.294,0.22036,0.147,0.11032,0.0882,0.063,0.04396,0.0294,0.022036,0.0147,0.011032,0.00882,0.0063,0.004396,0.0022036,0.00147,0.000882,0.0004396,0
47,42,28.28,21.14,14.112,10.584,8.456,6.048,4.228,2.828,2.1168,1.4112,1.0584,0.8456,0.6048,0.4228,0.2828,0.21168,0.14112,0.10584,0.08456,0.06048,0.04228,0.02828,0.021168,0.014112,0.010584,0.008456,0.006048,0.004228,0.0021168,0.0014112,0.0008456,0.0004228,0
48,40.32,26.908,20.216,13.468,10.108,8.092,5.768,4.06,2.6964,2.0244,1.3496,1.0108,0.8092,0.5768,0.406,0.26964,0.20244,0.13496,0.10108,0.08092,0.05768,0.0406,0.026964,0.020244,0.013496,0.010108,0.008092,0.005768,0.00406,0.0020244,0.0013496,0.0008092,0.000406,0
49,38.08,25.396,19.068,12.712,9.548,7.644,5.46,3.808,2.5452,1.9096,1.274,0.9548,0.7644,0.546,0.3808,0.25452,0.19096,0.1274,0.09548,0.07644,0.0546,0.03808,0.025452,0.019096,0.01274,0.009548,0.007644,0.00546,0.003808,0.0019096,0.001274,0.0007644,0.0003808,0
50,35.84,23.996,18.004,12.012,9.016,7.224,5.152,3.612,2.4052,1.8032,1.2012,0.9016,0.7224,0.5152,0.3612,0.24052,0.18032,0.12012,0.09016,0.07224,0.05152,0.03612,0.024052,0.018032,0.012012,0.009016,0.007224,0.005152,0.003612,0.0018032,0.0012012,0.0007224,0.0003612,0
51,33.88,22.708,17.052,11.368,8.54,6.832,4.872,3.416,2.2736,1.7052,1.1368,0.854,0.6832,0.4872,0.3416,0.22736,0.17052,0.11368,0.0854,0.06832,0.04872,0.03416,0.022736,0.017052,0.011368,0.00854,0.006832,0.004872,0.003416,0.0017052,0.0011368,0.0006832,0.0003416,0
52,32.2,21.504,16.156,10.78,8.064,6.468,4.62,3.22,2.156,1.6156,1.078,0.8092,0.6468,0.462,0.322,0.2156,0.16156,0.1078,0.08092,0.06468,0.0462,0.0322,0.02156,0.016156,0.01078,0.008092,0.006468,0.00462,0.00322,0.0016156,0.001078,0.0006468,0.000322,0
53,30.52,20.384,15.316,10.22,7.672,6.132,4.368,3.052,2.044,1.5316,1.022,0.7672,0.6132,0.4368,0.3052,0.2044,0.15316,0.1022,0.07672,0.06132,0.04368,0.03052,0.02044,0.015316,0.01022,0.007672,0.006132,0.004368,0.003052,0.0015316,0.001022,0.0006132,0.0003052,0
54,29.12,19.376,14.532,9.688,7.28,5.824,4.144,2.912,1.9404,1.456,0.9688,0.728,0.5824,0.4144,0.2912,0.19404,0.1456,0.09688,0.0728,0.05824,0.04144,0.02912,0.019404,0.01456,0.009688,0.00728,0.005824,0.004144,0.002912,0.001456,0.0009688,0.0005824,0.0002912,0
55,27.552,18.396,13.804,9.212,6.916,5.544,3.948,2.7664,1.8424,1.3832,0.9212,0.6916,0.5544,0.3948,0.27664,0.18424,0.13832,0.09212,0.06916,0.05544,0.03948,0.027664,0.018424,0.013832,0.009212,0.006916,0.005544,0.003948,0.0027664,0.0013832,0.0009212,0.0005544,0.00027664,0
56,26.208,17.5,13.132,8.764,6.58,5.264,3.752,2.632,1.7528,1.316,0.8764,0.658,0.5264,0.3752,0.2632,0.17556,0.1316,0.08764,0.0658,0.05264,0.03752,0.02632,0.017556,0.01316,0.008764,0.00658,0.005264,0.003752,0.002632,0.001316,0.0008764,0.0005264,0.0002632,0
57,24.976,16.688,12.516,8.344,6.272,5.012,3.584,2.506,1.6716,1.2544,0.8344,0.6272,0.5012,0.3584,0.2506,0.16716,0.12544,0.08344,0.06272,0.05012,0.03584,0.02506,0.016716,0.012544,0.008344,0.006272,0.005012,0.003584,0.002506,0.0012544,0.0008344,0.0005012,0.0002506,0
58,23.8,15.904,11.928,7.952,5.964,4.788,3.416,2.3884,1.5932,1.1956,0.7952,0.5964,0.4788,0.3416,0.23884,0.15932,0.11956,0.07952,0.05964,0.04788,0.03416,0.023884,0.015932,0.011956,0.007952,0.005964,0.004788,0.003416,0.0023884,0.0011956,0.0007952,0.0004788,0.00023884,0
59,22.736,15.176,11.396,7.588,5.712,4.564,3.248,2.2792,1.5204,1.1396,0.7588,0.5712,0.4564,0.3248,0.22792,0.15204,0.11396,0.07588,0.05712,0.04564,0.03248,0.022792,0.015204,0.011396,0.007588,0.005712,0.004564,0.003248,0.0022792,0.0011396,0.0007588,0.0004564,0.00022792,0
60,21.7,14.504,10.892,7.252,5.432,4.368,3.108,2.1784,1.4532,1.0892,0.7252,0.5432,0.4368,0.3108,0.21784,0.14532,0.10892,0.07252,0.05432,0.04368,0.03108,0.021784,0.014532,0.010892,0.007252,0.005432,0.004368,0.003108,0.0021784,0.0010892,0.0007252,0.0004368,0.00021784,0
61,20.748,13.86,10.416,6.944,5.208,4.172,2.968,2.0832,1.3888,1.0416,0.6944,0.5208,0.4172,0.2968,0.20832,0.13888,0.10416,0.06944,0.05208,0.04172,0.02968,0.020832,0.013888,0.010416,0.006944,0.005208,0.004172,0.002968,0.0020832,0.0010416,0.0006944,0.0004172,0.00020832,0
62,19.88,13.272,9.968,6.636,4.984,3.976,2.856,1.9936,1.3272,0.9968,0.6636,0.4984,0.3976,0.2856,0.19936,0.133,0.09968,0.06636,0.04984,0.03976,0.02856,0.019936,0.0133,0.009968,0.006636,0.004984,0.003976,0.002856,0.0019936,0.0009968,0.0006636,0.0003976,0.00019936,0
63,19.04,12.712,9.548,6.356,4.76,3.808,2.7272,1.9096,1.2712,0.9548,0.6356,0.476,0.3808,0.27272,0.19096,0.12712,0.09548,0.06356,0.0476,0.03808,0.027272,0.019096,0.012712,0.009548,0.006356,0.00476,0.003808,0.0027272,0.0019096,0.0009548,0.0006356,0.0003808,0.00019096,0
64,18.256,12.18,9.128,6.104,4.564,3.668,2.6124,1.8284,1.2208,0.9156,0.6104,0.4564,0.3668,0.26152,0.18284,0.12208,0.09156,0.06104,0.04564,0.03668,0.026152,0.018284,0.012208,0.009156,0.006104,0.004564,0.003668,0.0026152,0.0018284,0.0009156,0.0006104,0.0003668,0.00018284,0
65,17.5,11.676,8.764,5.852,4.396,3.5,2.5088,1.7556,1.1704,0.8764,0.5852,0.4396,0.35,0.25088,0.17556,0.11704,0.08764,0.05852,0.04396,0.035,0.025088,0.017556,0.011704,0.008764,0.005852,0.004396,0.0035,0.0025088,0.0017556,0.0008764,0.0005852,0.00035,0.00017556,0
66,16.8,11.228,8.428,5.628,4.2,3.36,2.408,1.6856,1.1228,0.8428,0.5628,0.42,0.336,0.2408,0.16856,0.11228,0.08428,0.05628,0.042,0.0336,0.02408,0.016856,0.011228,0.008428,0.005628,0.0042,0.00336,0.002408,0.0016856,0.0008428,0.0005628,0.000336,0.00016856,0
67,16.156,10.78,8.092,5.404,4.06,3.248,2.3128,1.6184,1.0808,0.8092,0.5404,0.406,0.3248,0.23128,0.16184,0.10808,0.08092,0.05404,0.0406,0.03248,0.023128,0.016184,0.010808,0.008092,0.005404,0.00406,0.003248,0.0023128,0.0016184,0.0008092,0.0005404,0.0003248,0.00016184,0
68,15.54,10.36,7.784,5.18,3.892,3.108,2.2232,1.5568,1.0388,0.7784,0.518,0.3892,0.3108,0.22232,0.15568,0.10388,0.07784,0.0518,0.03892,0.03108,0.022232,0.015568,0.010388,0.007784,0.00518,0.003892,0.003108,0.0022232,0.0015568,0.0007784,0.000518,0.0003108,0.00015568,0
69,14.952,9.968,7.476,4.984,3.752,2.996,2.1392,1.498,0.9996,0.7504,0.4984,0.3752,0.2996,0.21392,0.1498,0.09996,0.07504,0.04984,0.03752,0.02996,0.021392,0.01498,0.009996,0.007504,0.004984,0.003752,0.002996,0.0021392,0.001498,0.0007504,0.0004984,0.0002996,0.0001498,0
70,14.392,9.604,7.196,4.816,3.612,2.884,2.0608,1.442,0.9632,0.7224,0.4816,0.3612,0.2884,0.20608,0.1442,0.09632,0.07224,0.04816,0.03612,0.02884,0.020608,0.01442,0.009632,0.007224,0.004816,0.003612,0.002884,0.0020608,0.001442,0.0007224,0.0004816,0.0002884,0.0001442,0
71,13.86,9.268,6.944,4.62,3.472,2.7804,1.9852,1.3916,0.9268,0.6944,0.4648,0.3472,0.27804,0.19852,0.13916,0.09268,0.06944,0.04648,0.03472,0.027804,0.019852,0.013916,0.009268,0.006944,0.004648,0.003472,0.0027804,0.0019852,0.0013916,0.0006944,0.0004648,0.00027804,0.00013916,0
72,13.384,8.932,6.692,4.48,3.36,2.6824,1.9152,1.3412,0.8932,0.6692,0.448,0.336,0.26824,0.19152,0.13412,0.08932,0.06692,0.0448,0.0336,0.026824,0.019152,0.013412,0.008932,0.006692,0.00448,0.00336,0.0026824,0.0019152,0.0013412,0.0006692,0.000448,0.00026824,0.00013412,0
73,12.908,8.624,6.468,4.312,3.22,2.5872,1.848,1.2936,0.8624,0.6468,0.4312,0.3248,0.25872,0.1848,0.12936,0.08624,0.06468,0.04312,0.03248,0.025872,0.01848,0.012936,0.008624,0.006468,0.004312,0.003248,0.0025872,0.001848,0.0012936,0.0006468,0.0004312,0.00025872,0.00012936,0
74,12.46,8.316,6.244,4.172,3.136,2.4976,1.7836,1.2488,0.8316,0.6244,0.4172,0.3136,0.24976,0.17836,0.12488,0.08316,0.06244,0.04172,0.03136,0.024976,0.017836,0.012488,0.008316,0.006244,0.004172,0.003136,0.0024976,0.0017836,0.0012488,0.0006244,0.0004172,0.00024976,0.00012488,0
75,12.04,8.036,6.02,4.032,3.024,2.4136,1.7248,1.2068,0.8036,0.6048,0.4032,0.3024,0.24136,0.17248,0.12068,0.08036,0.06048,0.04032,0.03024,0.024136,0.017248,0.012068,0.008036,0.006048,0.004032,0.003024,0.0024136,0.0017248,0.0012068,0.0006048,0.0004032,0.00024136,0.00012068,0
76,11.648,7.784,5.824,3.892,2.912,2.3324,1.666,1.1676,0.7784,0.5824,0.3892,0.2912,0.23324,0.1666,0.11676,0.07784,0.05824,0.03892,0.02912,0.023324,0.01666,0.011676,0.007784,0.005824,0.003892,0.002912,0.0023324,0.001666,0.0011676,0.0005824,0.0003892,0.00023324,0.00011676,0
77,11.256,7.504,5.628,3.752,2.828,2.2568,1.6128,1.1284,0.7532,0.5656,0.3752,0.2828,0.22568,0.16128,0.11284,0.07532,0.05656,0.03752,0.02828,0.022568,0.016128,0.011284,0.007532,0.005656,0.003752,0.002828,0.0022568,0.0016128,0.0011284,0.0005656,0.0003752,0.00022568,0.00011284,0
78,10.892,7.28,5.46,3.64,2.73,2.184,1.5596,1.092,0.728,0.546,0.364,0.273,0.2184,0.15596,0.1092,0.0728,0.0546,0.0364,0.0273,0.02184,0.015596,0.01092,0.00728,0.00546,0.00364,0.00273,0.002184,0.0015596,0.001092,0.000546,0.000364,0.0002184,0.0001092,0
79,10.556,7.056,5.292,3.528,2.6432,2.1168,1.512,1.0584,0.7056,0.5292,0.3528,0.2646,0.21168,0.1512,0.10584,0.07056,0.05292,0.03528,0.02646,0.021168,0.01512,0.010584,0.007056,0.005292,0.003528,0.002646,0.0021168,0.001512,0.0010584,0.0005292,0.0003528,0.00021168,0.00010584,0
80,10.22,6.832,5.124,3.416,2.562,2.0496,1.4644,1.0248,0.6832,0.5124,0.3416,0.2562,0.20496,0.14644,0.10248,0.06832,0.05124,0.03416,0.02562,0.020496,0.014644,0.010248,0.006832,0.005124,0.003416,0.002562,0.0020496,0.0014644,0.0010248,0.0005124,0.0003416,0.00020496,0.00010248,0
81,9.912,6.608,4.956,3.304,2.4836,1.988,1.4196,0.994,0.6636,0.4956,0.3304,0.24836,0.1988,0.14196,0.0994,0.06636,0.04956,0.03304,0.024836,0.01988,0.014196,0.00994,0.006636,0.004956,0.003304,0.0024836,0.001988,0.0014196,0.000994,0.0004956,0.0003304,0.0001988,9.94E-05,0
82,9.632,6.412,4.816,3.22,2.4108,1.9292,1.3776,0.9632,0.644,0.4816,0.322,0.24108,0.19292,0.13776,0.09632,0.0644,0.04816,0.0322,0.024108,0.019292,0.013776,0.009632,0.00644,0.004816,0.00322,0.0024108,0.0019292,0.0013776,0.0009632,0.0004816,0.000322,0.00019292,9.632E-05,0
83,9.352,6.244,4.676,3.108,2.338,1.8704,1.3356,0.9352,0.6244,0.4676,0.3108,0.23408,0.18704,0.13356,0.09352,0.06244,0.04676,0.03108,0.023408,0.018704,0.013356,0.009352,0.006244,0.004676,0.003108,0.0023408,0.0018704,0.0013356,0.0009352,0.0004676,0.0003108,0.00018704,9.352E-05,0
84,9.072,6.048,4.536,3.024,2.2708,1.8172,1.2992,0.91,0.6048,0.4536,0.3024,0.22708,0.18172,0.12992,0.091,0.06048,0.04536,0.03024,0.022708,0.018172,0.012992,0.0091,0.006048,0.004536,0.003024,0.0022708,0.0018172,0.0012992,0.00091,0.0004536,0.0003024,0.00018172,9.1E-05,0
85,8.82,5.88,4.424,2.94,2.2064,1.7668,1.26,0.882,0.588,0.4424,0.294,0.22064,0.17668,0.12628,0.0882,0.0588,0.04424,0.0294,0.022064,0.017668,0.012628,0.00882,0.00588,0.004424,0.00294,0.0022064,0.0017668,0.0012628,0.000882,0.0004424,0.000294,0.00017668,8.82E-05,0
86,8.568,5.712,4.284,2.856,2.1448,1.7164,1.2264,0.8596,0.5712,0.4284,0.2856,0.21448,0.17164,0.12264,0.08596,0.05712,0.04284,0.02856,0.021448,0.017164,0.012264,0.008596,0.005712,0.004284,0.002856,0.0021448,0.0017164,0.0012264,0.0008596,0.0004284,0.0002856,0.00017164,8.596E-05,0
87,8.344,5.572,4.172,2.7832,2.086,1.6688,1.1928,0.8344,0.5572,0.4172,0.27832,0.2086,0.16688,0.11928,0.08344,0.05572,0.04172,0.027832,0.02086,0.016688,0.011928,0.008344,0.005572,0.004172,0.0027832,0.002086,0.0016688,0.0011928,0.0008344,0.0004172,0.00027832,0.00016688,8.344E-05,0
88,8.12,5.404,4.06,2.7076,2.03,1.624,1.1592,0.812,0.5404,0.406,0.27076,0.203,0.1624,0.11592,0.0812,0.05404,0.0406,0.027076,0.0203,0.01624,0.011592,0.00812,0.005404,0.00406,0.0027076,0.00203,0.001624,0.0011592,0.000812,0.000406,0.00027076,0.0001624,8.12E-05,0
89,7.896,5.264,3.948,2.6348,1.9768,1.582,1.1284,0.7896,0.5264,0.3948,0.26348,0.19768,0.1582,0.11284,0.07896,0.05264,0.03948,0.026348,0.019768,0.01582,0.011284,0.007896,0.005264,0.003948,0.0026348,0.0019768,0.001582,0.0011284,0.0007896,0.0003948,0.00026348,0.0001582,7.896E-05,0
90,7.7,5.124,3.836,2.5676,1.9264,1.54,1.1004,0.77,0.5124,0.3864,0.25676,0.19264,0.154,0.11004,0.077,0.05124,0.03864,0.025676,0.019264,0.0154,0.011004,0.0077,0.005124,0.003864,0.0025676,0.0019264,0.00154,0.0011004,0.00077,0.0003864,0.00025676,0.000154,7.7E-05,0
91,7.504,5.012,3.752,2.5004,1.876,1.5008,1.0724,0.7504,0.5012,0.3752,0.25004,0.1876,0.15008,0.10724,0.07504,0.05012,0.03752,0.025004,0.01876,0.015008,0.010724,0.007504,0.005012,0.003752,0.0025004,0.001876,0.0015008,0.0010724,0.0007504,0.0003752,0.00025004,0.00015008,7.504E-05,0
92,7.308,4.872,3.668,2.4388,1.8284,1.4616,1.0444,0.7308,0.4872,0.3668,0.24388,0.18284,0.14616,0.10444,0.07308,0.04872,0.03668,0.024388,0.018284,0.014616,0.010444,0.007308,0.004872,0.003668,0.0024388,0.0018284,0.0014616,0.0010444,0.0007308,0.0003668,0.00024388,0.00014616,7.308E-05,0
93,7.112,4.76,3.556,2.3772,1.7836,1.428,1.0192,0.714,0.476,0.3556,0.23772,0.17836,0.1428,0.10192,0.0714,0.0476,0.03556,0.023772,0.017836,0.01428,0.010192,0.00714,0.00476,0.003556,0.0023772,0.0017836,0.001428,0.0010192,0.000714,0.0003556,0.00023772,0.0001428,7.14E-05,0
94,6.944,4.648,3.472,2.3184,1.7388,1.3916,0.994,0.6972,0.4648,0.3472,0.23212,0.17388,0.13916,0.0994,0.06972,0.04648,0.03472,0.023212,0.017388,0.013916,0.00994,0.006972,0.004648,0.003472,0.0023212,0.0017388,0.0013916,0.000994,0.0006972,0.0003472,0.00023212,0.00013916,6.972E-05,0
95,6.776,4.536,3.388,2.2652,1.6996,1.358,0.9716,0.6804,0.4536,0.3388,0.22652,0.16996,0.1358,0.09716,0.06804,0.04536,0.03388,0.022652,0.016996,0.01358,0.009716,0.006804,0.004536,0.003388,0.0022652,0.0016996,0.001358,0.0009716,0.0006804,0.0003388,0.00022652,0.0001358,6.804E-05,0
96,6.636,4.424,3.304,2.212,1.6576,1.3272,0.9464,0.6636,0.4424,0.3304,0.2212,0.16576,0.13272,0.09464,0.06636,0.04424,0.03304,0.02212,0.016576,0.013272,0.009464,0.006636,0.004424,0.003304,0.002212,0.0016576,0.0013272,0.0009464,0.0006636,0.0003304,0.0002212,0.00013272,6.636E-05,0
97,6.468,4.312,3.248,2.1588,1.6212,1.2964,0.9268,0.6468,0.4312,0.3248,0.21616,0.16212,0.12964,0.09268,0.06468,0.04312,0.03248,0.021616,0.016212,0.012964,0.009268,0.006468,0.004312,0.003248,0.0021616,0.0016212,0.0012964,0.0009268,0.0006468,0.0003248,0.00021616,0.00012964,6.468E-05,0
98,6.328,4.228,3.164,2.1112,1.582,1.2656,0.9044,0.6328,0.4228,0.3164,0.21112,0.15848,0.12656,0.09044,0.06328,0.04228,0.03164,0.021112,0.015848,0.012656,0.009044,0.006328,0.004228,0.003164,0.0021112,0.0015848,0.0012656,0.0009044,0.0006328,0.0003164,0.00021112,0.00012656,6.328E-05,0
99,6.188,4.116,3.108,2.0636,1.5484,1.2376,0.8848,0.6188,0.4116,0.3108,0.20636,0.15484,0.12376,0.08848,0.06188,0.04116,0.03108,0.020636,0.015484,0.012376,0.008848,0.006188,0.004116,0.003108,0.0020636,0.0015484,0.0012376,0.0008848,0.0006188,0.0003108,0.00020636,0.00012376,6.188E-05,0
100,6.048,4.032,3.024,2.0188,1.5148,1.2124,0.8652,0.6048,0.4032,0.3024,0.20188,0.15148,0.12124,0.08652,0.06048,0.04032,0.03024,0.020188,0.015148,0.012124,0.008652,0.006048,0.004032,0.003024,0.0020188,0.0015148,0.0012124,0.0008652,0.0006048,0.0003024,0.00020188,0.00012124,6.048E-05,0
101,5.908,3.948,2.968,1.974,1.4812,1.1844,0.8456,0.5936,0.3948,0.2968,0.19768,0.14812,0.11844,0.08456,0.05936,0.03948,0.02968,0.019768,0.014812,0.011844,0.008456,0.005936,0.003948,0.002968,0.0019768,0.0014812,0.0011844,0.0008456,0.0005936,0.0002968,0.00019768,0.00011844,5.936E-05,0
102,5.796,3.864,2.912,1.932,1.4504,1.1592,0.8288,0.5796,0.3864,0.2912,0.19348,0.14504,0.11592,0.08288,0.05796,0.03864,0.02912,0.019348,0.014504,0.011592,0.008288,0.005796,0.003864,0.002912,0.0019348,0.0014504,0.0011592,0.0008288,0.0005796,0.0002912,0.00019348,0.00011592,5.796E-05,0
103,5.684,3.78,2.828,1.8928,1.4196,1.1368,0.812,0.5684,0.378,0.2828,0.18928,0.14196,0.11368,0.0812,0.05684,0.0378,0.02828,0.018928,0.014196,0.011368,0.00812,0.005684,0.00378,0.002828,0.0018928,0.0014196,0.0011368,0.000812,0.0005684,0.0002828,0.00018928,0.00011368,5.684E-05,0
104,5.544,3.696,2.7804,1.8536,1.3916,1.1116,0.7952,0.5572,0.3696,0.27832,0.18536,0.13916,0.11116,0.07952,0.05572,0.03696,0.027832,0.018536,0.013916,0.011116,0.007952,0.005572,0.003696,0.0027832,0.0018536,0.0013916,0.0011116,0.0007952,0.0005572,0.00027832,0.00018536,0.00011116,5.572E-05,0
105,5.432,3.64,2.7244,1.8172,1.3636,1.0892,0.7784,0.546,0.364,0.27272,0.18172,0.13636,0.10892,0.07784,0.0546,0.0364,0.027272,0.018172,0.013636,0.010892,0.007784,0.00546,0.00364,0.0027272,0.0018172,0.0013636,0.0010892,0.0007784,0.000546,0.00027272,0.00018172,0.00010892,5.46E-05,0
106,5.348,3.556,2.6712,1.7808,1.3356,1.0696,0.7644,0.5348,0.3556,0.26712,0.17808,0.13356,0.10696,0.07644,0.05348,0.03556,0.026712,0.017808,0.013356,0.010696,0.007644,0.005348,0.003556,0.0026712,0.0017808,0.0013356,0.0010696,0.0007644,0.0005348,0.00026712,0.00017808,0.00010696,5.348E-05,0
107,5.236,3.5,2.6208,1.7472,1.3104,1.0472,0.7476,0.5236,0.35,0.26208,0.17472,0.13104,0.10472,0.07476,0.05236,0.035,0.026208,0.017472,0.013104,0.010472,0.007476,0.005236,0.0035,0.0026208,0.0017472,0.0013104,0.0010472,0.0007476,0.0005236,0.00026208,0.00017472,0.00010472,5.236E-05,0
108,5.124,3.416,2.5704,1.7136,1.2852,1.0276,0.7336,0.5152,0.3416,0.25704,0.17136,0.12852,0.10276,0.07336,0.05152,0.03416,0.025704,0.017136,0.012852,0.010276,0.007336,0.005152,0.003416,0.0025704,0.0017136,0.0012852,0.0010276,0.0007336,0.0005152,0.00025704,0.00017136,0.00010276,5.152E-05,0
109,5.04,3.36,2.5228,1.6828,1.2628,1.008,0.7196,0.504,0.336,0.25228,0.16828,0.12628,0.1008,0.07196,0.0504,0.0336,0.025228,0.016828,0.012628,0.01008,0.007196,0.00504,0.00336,0.0025228,0.0016828,0.0012628,0.001008,0.0007196,0.000504,0.00025228,0.00016828,0.0001008,5.04E-05,0
110,4.956,3.304,2.4752,1.652,1.2376,0.9912,0.7084,0.4956,0.3304,0.2478,0.1652,0.12376,0.09912,0.07084,0.04956,0.03304,0.02478,0.01652,0.012376,0.009912,0.007084,0.004956,0.003304,0.002478,0.001652,0.0012376,0.0009912,0.0007084,0.0004956,0.0002478,0.0001652,9.912E-05,4.956E-05,0
111,4.872,3.248,2.4304,1.6212,1.2152,0.9716,0.6944,0.4872,0.3248,0.24332,0.16212,0.12152,0.09716,0.06944,0.04872,0.03248,0.024332,0.016212,0.012152,0.009716,0.006944,0.004872,0.003248,0.0024332,0.0016212,0.0012152,0.0009716,0.0006944,0.0004872,0.00024332,0.00016212,9.716E-05,4.872E-05,0
112,4.76,3.192,2.3884,1.5932,1.1956,0.9548,0.6832,0.4788,0.3192,0.23884,0.15932,0.11956,0.09548,0.06832,0.04788,0.03192,0.023884,0.015932,0.011956,0.009548,0.006832,0.004788,0.003192,0.0023884,0.0015932,0.0011956,0.0009548,0.0006832,0.0004788,0.00023884,0.00015932,9.548E-05,4.788E-05,0
113,4.704,3.136,2.3464,1.5652,1.1732,0.938,0.672,0.4704,0.3136,0.23464,0.15652,0.11732,0.0938,0.0672,0.04704,0.03136,0.023464,0.015652,0.011732,0.00938,0.00672,0.004704,0.003136,0.0023464,0.0015652,0.0011732,0.000938,0.000672,0.0004704,0.00023464,0.00015652,9.38E-05,4.704E-05,0
114,4.62,3.08,2.3072,1.5372,1.1536,0.924,0.658,0.462,0.308,0.23072,0.15372,0.11536,0.0924,0.0658,0.0462,0.0308,0.023072,0.015372,0.011536,0.00924,0.00658,0.00462,0.00308,0.0023072,0.0015372,0.0011536,0.000924,0.000658,0.000462,0.00023072,0.00015372,9.24E-05,4.62E-05,0
115,4.536,3.024,2.268,1.512,1.134,0.9072,0.6496,0.4536,0.3024,0.2268,0.1512,0.1134,0.09072,0.06496,0.04536,0.03024,0.02268,0.01512,0.01134,0.009072,0.006496,0.004536,0.003024,0.002268,0.001512,0.001134,0.0009072,0.0006496,0.0004536,0.0002268,0.0001512,9.072E-05,4.536E-05,0
116,4.452,2.968,2.2316,1.4868,1.1172,0.8932,0.6384,0.4452,0.2968,0.22316,0.14868,0.11172,0.08932,0.06384,0.04452,0.02968,0.022316,0.014868,0.011172,0.008932,0.006384,0.004452,0.002968,0.0022316,0.0014868,0.0011172,0.0008932,0.0006384,0.0004452,0.00022316,0.00014868,8.932E-05,4.452E-05,0
117,4.396,2.94,2.1952,1.4644,1.0976,0.8792,0.6272,0.4396,0.294,0.21952,0.14644,0.10976,0.08792,0.06272,0.04396,0.0294,0.021952,0.014644,0.010976,0.008792,0.006272,0.004396,0.00294,0.0021952,0.0014644,0.0010976,0.0008792,0.0006272,0.0004396,0.00021952,0.00014644,8.792E-05,4.396E-05,0
118,4.312,2.884,2.1616,1.442,1.0808,0.8652,0.6188,0.4312,0.2884,0.21616,0.1442,0.10808,0.08652,0.06188,0.04312,0.02884,0.021616,0.01442,0.010808,0.008652,0.006188,0.004312,0.002884,0.0021616,0.001442,0.0010808,0.0008652,0.0006188,0.0004312,0.00021616,0.0001442,8.652E-05,4.312E-05,0
119,4.256,2.828,2.128,1.4196,1.064,0.8512,0.6076,0.4256,0.2828,0.2128,0.14196,0.1064,0.08512,0.06076,0.04256,0.02828,0.02128,0.014196,0.01064,0.008512,0.006076,0.004256,0.002828,0.002128,0.0014196,0.001064,0.0008512,0.0006076,0.0004256,0.0002128,0.00014196,8.512E-05,4.256E-05,0
120,4.2,2.7944,2.0944,1.3972,1.0472,0.8372,0.5992,0.42,0.27944,0.20972,0.13972,0.10472,0.08372,0.05992,0.042,0.027944,0.020972,0.013972,0.010472,0.008372,0.005992,0.0042,0.0027944,0.0020972,0.0013972,0.0010472,0.0008372,0.0005992,0.00042,0.00020972,0.00013972,8.372E-05,4.2E-05,0
121,4.116,2.7524,2.0636,1.3776,1.0332,0.826,0.5908,0.4116,0.27524,0.20636,0.13776,0.10332,0.0826,0.05908,0.04116,0.027524,0.020636,0.013776,0.010332,0.00826,0.005908,0.004116,0.0027524,0.0020636,0.0013776,0.0010332,0.000826,0.0005908,0.0004116,0.00020636,0.00013776,8.26E-05,4.116E-05,0
122,4.06,2.7104,2.0356,1.3552,1.0164,0.8148,0.5824,0.406,0.27132,0.20356,0.13552,0.10164,0.08148,0.05824,0.0406,0.027132,0.020356,0.013552,0.010164,0.008148,0.005824,0.00406,0.0027132,0.0020356,0.0013552,0.0010164,0.0008148,0.0005824,0.000406,0.00020356,0.00013552,8.148E-05,4.06E-05,0
123,4.004,2.674,2.0048,1.3384,1.0024,0.8036,0.574,0.4004,0.2674,0.20048,0.13384,0.10024,0.08036,0.0574,0.04004,0.02674,0.020048,0.013384,0.010024,0.008036,0.00574,0.004004,0.002674,0.0020048,0.0013384,0.0010024,0.0008036,0.000574,0.0004004,0.00020048,0.00013384,8.036E-05,4.004E-05,0
124,3.948,2.6348,1.9768,1.3188,0.9884,0.7924,0.5656,0.3948,0.26376,0.19768,0.13188,0.09884,0.07924,0.05656,0.03948,0.026376,0.019768,0.013188,0.009884,0.007924,0.005656,0.003948,0.0026376,0.0019768,0.0013188,0.0009884,0.0007924,0.0005656,0.0003948,0.00019768,0.00013188,7.924E-05,3.948E-05,0
125,3.892,2.5984,1.9488,1.2992,0.9744,0.7812,0.5572,0.3892,0.26012,0.19516,0.12992,0.09744,0.07812,0.05572,0.03892,0.026012,0.019516,0.012992,0.009744,0.007812,0.005572,0.003892,0.0026012,0.0019516,0.0012992,0.0009744,0.0007812,0.0005572,0.0003892,0.00019516,0.00012992,7.812E-05,3.892E-05,0
126,3.836,2.5648,1.9236,1.2824,0.9632,0.77,0.5488,0.3836,0.25648,0.19236,0.12824,0.09632,0.077,0.05488,0.03836,0.025648,0.019236,0.012824,0.009632,0.0077,0.005488,0.003836,0.0025648,0.0019236,0.0012824,0.0009632,0.00077,0.0005488,0.0003836,0.00019236,0.00012824,7.7E-05,3.836E-05,0
127,3.808,2.5312,1.8984,1.2656,0.9492,0.7588,0.5432,0.3808,0.25312,0.18984,0.12656,0.09492,0.07588,0.05432,0.03808,0.025312,0.018984,0.012656,0.009492,0.007588,0.005432,0.003808,0.0025312,0.0018984,0.0012656,0.0009492,0.0007588,0.0005432,0.0003808,0.00018984,0.00012656,7.588E-05,3.808E-05,0
128,3.752,2.4976,1.8732,1.2488,0.938,0.7504,0.5348,0.3752,0.25004,0.1876,0.12488,0.0938,0.07504,0.05348,0.03752,0.025004,0.01876,0.012488,0.00938,0.007504,0.005348,0.003752,0.0025004,0.001876,0.0012488,0.000938,0.0007504,0.0005348,0.0003752,0.0001876,0.00012488,7.504E-05,3.752E-05,0
129,3.696,2.4668,1.8508,1.2348,0.9268,0.7392,0.5292,0.3696,0.24696,0.18508,0.12348,0.09268,0.07392,0.05292,0.03696,0.024696,0.018508,0.012348,0.009268,0.007392,0.005292,0.003696,0.0024696,0.0018508,0.0012348,0.0009268,0.0007392,0.0005292,0.0003696,0.00018508,0.00012348,7.392E-05,3.696E-05,0
130,3.64,2.436,1.8284,1.218,0.9156,0.7308,0.5236,0.3668,0.24388,0.18284,0.1218,0.09156,0.07308,0.05236,0.03668,0.024388,0.018284,0.01218,0.009156,0.007308,0.005236,0.003668,0.0024388,0.0018284,0.001218,0.0009156,0.0007308,0.0005236,0.0003668,0.00018284,0.0001218,7.308E-05,3.668E-05,0
131,3.612,2.408,1.806,1.204,0.9044,0.7224,0.5152,0.3612,0.2408,0.1806,0.1204,0.09044,0.07224,0.05152,0.03612,0.02408,0.01806,0.01204,0.009044,0.007224,0.005152,0.003612,0.002408,0.001806,0.001204,0.0009044,0.0007224,0.0005152,0.0003612,0.0001806,0.0001204,7.224E-05,3.612E-05,0
132,3.556,2.38,1.7864,1.19,0.8932,0.714,0.5096,0.3584,0.238,0.17864,0.119,0.08932,0.0714,0.05096,0.03584,0.0238,0.017864,0.0119,0.008932,0.00714,0.005096,0.003584,0.00238,0.0017864,0.00119,0.0008932,0.000714,0.0005096,0.0003584,0.00017864,0.000119,7.14E-05,3.584E-05,0
133,3.528,2.352,1.764,1.176,0.882,0.7056,0.504,0.3528,0.23548,0.1764,0.1176,0.0882,0.07056,0.0504,0.03528,0.023548,0.01764,0.01176,0.00882,0.007056,0.00504,0.003528,0.0023548,0.001764,0.001176,0.000882,0.0007056,0.000504,0.0003528,0.0001764,0.0001176,7.056E-05,3.528E-05,0
134,3.5,2.3268,1.7444,1.1648,0.8736,0.6972,0.4984,0.35,0.23268,0.17444,0.11648,0.08736,0.06972,0.04984,0.035,0.023268,0.017444,0.011648,0.008736,0.006972,0.004984,0.0035,0.0023268,0.0017444,0.0011648,0.0008736,0.0006972,0.0004984,0.00035,0.00017444,0.00011648,6.972E-05,3.5E-05,0
135,3.444,2.3016,1.7248,1.1508,0.8624,0.6916,0.4928,0.3444,0.23016,0.17276,0.11508,0.08624,0.06916,0.04928,0.03444,0.023016,0.017276,0.011508,0.008624,0.006916,0.004928,0.003444,0.0023016,0.0017276,0.0011508,0.0008624,0.0006916,0.0004928,0.0003444,0.00017276,0.00011508,6.916E-05,3.444E-05,0
136,3.416,2.2764,1.708,1.1396,0.854,0.6832,0.4872,0.3416,0.22764,0.1708,0.11396,0.0854,0.06832,0.04872,0.03416,0.022764,0.01708,0.011396,0.00854,0.006832,0.004872,0.003416,0.0022764,0.001708,0.0011396,0.000854,0.0006832,0.0004872,0.0003416,0.0001708,0.00011396,6.832E-05,3.416E-05,0
137,3.388,2.254,1.6912,1.1256,0.8456,0.6748,0.4816,0.3388,0.2254,0.16912,0.11256,0.08456,0.06748,0.04816,0.03388,0.02254,0.016912,0.011256,0.008456,0.006748,0.004816,0.003388,0.002254,0.0016912,0.0011256,0.0008456,0.0006748,0.0004816,0.0003388,0.00016912,0.00011256,6.748E-05,3.388E-05,0
138,3.332,2.2288,1.6716,1.1144,0.8372,0.6692,0.4788,0.336,0.22316,0.16744,0.11144,0.08372,0.06692,0.04788,0.0336,0.022316,0.016744,0.011144,0.008372,0.006692,0.004788,0.00336,0.0022316,0.0016744,0.0011144,0.0008372,0.0006692,0.0004788,0.000336,0.00016744,0.00011144,6.692E-05,3.36E-05,0
139,3.304,2.2092,1.6548,1.1032,0.8288,0.6636,0.4732,0.3304,0.22092,0.16576,0.11032,0.08288,0.06636,0.04732,0.03304,0.022092,0.016576,0.011032,0.008288,0.006636,0.004732,0.003304,0.0022092,0.0016576,0.0011032,0.0008288,0.0006636,0.0004732,0.0003304,0.00016576,0.00011032,6.636E-05,3.304E-05,0
140,3.276,2.1868,1.6408,1.0948,0.8204,0.6552,0.4676,0.3276,0.21868,0.16408,0.10948,0.08204,0.06552,0.04676,0.03276,0.021868,0.016408,0.010948,0.008204,0.006552,0.004676,0.003276,0.0021868,0.0016408,0.0010948,0.0008204,0.0006552,0.0004676,0.0003276,0.00016408,0.00010948,6.552E-05,3.276E-05,0
141,3.248,2.1672,1.624,1.0836,0.812,0.6496,0.4648,0.3248,0.21672,0.1624,0.10836,0.0812,0.06496,0.04648,0.03248,0.021672,0.01624,0.010836,0.00812,0.006496,0.004648,0.003248,0.0021672,0.001624,0.0010836,0.000812,0.0006496,0.0004648,0.0003248,0.0001624,0.00010836,6.496E-05,3.248E-05,0
142,3.22,2.1476,1.61,1.0724,0.8064,0.644,0.4592,0.322,0.21476,0.161,0.10724,0.08064,0.0644,0.04592,0.0322,0.021476,0.0161,0.010724,0.008064,0.00644,0.004592,0.00322,0.0021476,0.00161,0.0010724,0.0008064,0.000644,0.0004592,0.000322,0.000161,0.00010724,6.44E-05,3.22E-05,0
143,3.192,2.128,1.596,1.064,0.798,0.6384,0.4564,0.3192,0.2128,0.1596,0.1064,0.0798,0.06384,0.04564,0.03192,0.02128,0.01596,0.01064,0.00798,0.006384,0.004564,0.003192,0.002128,0.001596,0.001064,0.000798,0.0006384,0.0004564,0.0003192,0.0001596,0.0001064,6.384E-05,3.192E-05,0
144,3.164,2.1084,1.582,1.0556,0.7924,0.6328,0.4508,0.3164,0.21112,0.1582,0.10556,0.07924,0.06328,0.04508,0.03164,0.021112,0.01582,0.010556,0.007924,0.006328,0.004508,0.003164,0.0021112,0.001582,0.0010556,0.0007924,0.0006328,0.0004508,0.0003164,0.0001582,0.00010556,6.328E-05,3.164E-05,0
145,3.136,2.0916,1.568,1.0472,0.784,0.6272,0.448,0.3136,0.20916,0.1568,0.10472,0.0784,0.06272,0.0448,0.03136,0.020916,0.01568,0.010472,0.00784,0.006272,0.00448,0.003136,0.0020916,0.001568,0.0010472,0.000784,0.0006272,0.000448,0.0003136,0.0001568,0.00010472,6.272E-05,3.136E-05,0
146,3.108,2.0748,1.5568,1.0388,0.7784,0.6216,0.4452,0.3108,0.20748,0.15568,0.10388,0.07784,0.06216,0.04452,0.03108,0.020748,0.015568,0.010388,0.007784,0.006216,0.004452,0.003108,0.0020748,0.0015568,0.0010388,0.0007784,0.0006216,0.0004452,0.0003108,0.00015568,0.00010388,6.216E-05,3.108E-05,0
147,3.08,2.058,1.5428,1.0304,0.7728,0.6188,0.4424,0.308,0.2058,0.15456,0.10304,0.07728,0.06188,0.04424,0.0308,0.02058,0.015456,0.010304,0.007728,0.006188,0.004424,0.00308,0.002058,0.0015456,0.0010304,0.0007728,0.0006188,0.0004424,0.000308,0.00015456,0.00010304,6.188E-05,3.08E-05,0
148,3.052,2.044,1.5316,1.022,0.7672,0.6132,0.4368,0.3052,0.2044,0.15316,0.1022,0.07672,0.06132,0.04368,0.03052,0.02044,0.015316,0.01022,0.007672,0.006132,0.004368,0.003052,0.002044,0.0015316,0.001022,0.0007672,0.0006132,0.0004368,0.0003052,0.00015316,0.0001022,6.132E-05,3.052E-05,0
149,3.052,2.0272,1.5204,1.0136,0.7616,0.6076,0.434,0.3052,0.20272,0.15204,0.10136,0.07616,0.06076,0.0434,0.03052,0.020272,0.015204,0.010136,0.007616,0.006076,0.00434,0.003052,0.0020272,0.0015204,0.0010136,0.0007616,0.0006076,0.000434,0.0003052,0.00015204,0.00010136,6.076E-05,3.052E-05,0
150,3.024,2.0132,1.5092,1.008,0.756,0.6048,0.4312,0.3024,0.20132,0.15092,0.1008,0.0756,0.06048,0.04312,0.03024,0.020132,0.015092,0.01008,0.00756,0.006048,0.004312,0.003024,0.0020132,0.0015092,0.001008,0.000756,0.0006048,0.0004312,0.0003024,0.00015092,0.0001008,6.048E-05,3.024E-05,0
151,2.996,1.9992,1.5008,0.9996,0.7504,0.5992,0.4284,0.2996,0.19992,0.15008,0.09996,0.07504,0.05992,0.04284,0.02996,0.019992,0.015008,0.009996,0.007504,0.005992,0.004284,0.002996,0.0019992,0.0015008,0.0009996,0.0007504,0.0005992,0.0004284,0.0002996,0.00015008,9.996E-05,5.992E-05,2.996E-05,0
152,2.968,1.9852,1.4896,0.994,0.7448,0.5964,0.4256,0.2968,0.1988,0.14896,0.0994,0.07448,0.05964,0.04256,0.02968,0.01988,0.014896,0.00994,0.007448,0.005964,0.004256,0.002968,0.001988,0.0014896,0.000994,0.0007448,0.0005964,0.0004256,0.0002968,0.00014896,9.94E-05,5.964E-05,2.968E-05,0
153,2.968,1.974,1.4812,0.9884,0.7392,0.5936,0.4228,0.2968,0.1974,0.14812,0.09884,0.07392,0.05936,0.04228,0.02968,0.01974,0.014812,0.009884,0.007392,0.005936,0.004228,0.002968,0.001974,0.0014812,0.0009884,0.0007392,0.0005936,0.0004228,0.0002968,0.00014812,9.884E-05,5.936E-05,2.968E-05,0
154,2.94,1.9628,1.47,0.98,0.7364,0.588,0.42,0.294,0.19628,0.14728,0.098,0.07364,0.0588,0.042,0.0294,0.019628,0.014728,0.0098,0.007364,0.00588,0.0042,0.00294,0.0019628,0.0014728,0.00098,0.0007364,0.000588,0.00042,0.000294,0.00014728,9.8E-05,5.88E-05,2.94E-05,0
155,2.912,1.9488,1.4616,0.9744,0.7308,0.5852,0.4172,0.2912,0.19516,0.14616,0.09744,0.07308,0.05852,0.04172,0.02912,0.019516,0.014616,0.009744,0.007308,0.005852,0.004172,0.002912,0.0019516,0.0014616,0.0009744,0.0007308,0.0005852,0.0004172,0.0002912,0.00014616,9.744E-05,5.852E-05,2.912E-05,0
156,2.912,1.9376,1.4532,0.9688,0.728,0.5824,0.4144,0.2912,0.19404,0.1456,0.09688,0.0728,0.05824,0.04144,0.02912,0.019404,0.01456,0.009688,0.00728,0.005824,0.004144,0.002912,0.0019404,0.001456,0.0009688,0.000728,0.0005824,0.0004144,0.0002912,0.0001456,9.688E-05,5.824E-05,2.912E-05,0
157,2.884,1.9292,1.4476,0.9632,0.7224,0.5796,0.4144,0.2884,0.19292,0.14476,0.09632,0.07224,0.05796,0.04144,0.02884,0.019292,0.014476,0.009632,0.007224,0.005796,0.004144,0.002884,0.0019292,0.0014476,0.0009632,0.0007224,0.0005796,0.0004144,0.0002884,0.00014476,9.632E-05,5.796E-05,2.884E-05,0
158,2.884,1.918,1.4392,0.9604,0.7196,0.5768,0.4116,0.2884,0.1918,0.14392,0.09604,0.07196,0.05768,0.04116,0.02884,0.01918,0.014392,0.009604,0.007196,0.005768,0.004116,0.002884,0.001918,0.0014392,0.0009604,0.0007196,0.0005768,0.0004116,0.0002884,0.00014392,9.604E-05,5.768E-05,2.884E-05,0
159,2.856,1.9096,1.4308,0.9548,0.7168,0.574,0.4088,0.2856,0.19096,0.14308,0.09548,0.07168,0.0574,0.04088,0.02856,0.019096,0.014308,0.009548,0.007168,0.00574,0.004088,0.002856,0.0019096,0.0014308,0.0009548,0.0007168,0.000574,0.0004088,0.0002856,0.00014308,9.548E-05,5.74E-05,2.856E-05,0
160,2.856,1.8984,1.4252,0.9492,0.714,0.5712,0.406,0.2856,0.19012,0.14252,0.09492,0.0714,0.05712,0.0406,0.02856,0.019012,0.014252,0.009492,0.00714,0.005712,0.00406,0.002856,0.0019012,0.0014252,0.0009492,0.000714,0.0005712,0.000406,0.0002856,0.00014252,9.492E-05,5.712E-05,2.856E-05,0
161,2.828,1.89,1.4196,0.9464,0.7084,0.5684,0.406,0.2828,0.18928,0.14196,0.09464,0.07084,0.05684,0.0406,0.02828,0.018928,0.014196,0.009464,0.007084,0.005684,0.00406,0.002828,0.0018928,0.0014196,0.0009464,0.0007084,0.0005684,0.000406,0.0002828,0.00014196,9.464E-05,5.684E-05,2.828E-05,0
162,2.828,1.8844,1.414,0.9408,0.7056,0.5656,0.4032,0.2828,0.18844,0.1414,0.09408,0.07056,0.05656,0.04032,0.02828,0.018844,0.01414,0.009408,0.007056,0.005656,0.004032,0.002828,0.0018844,0.001414,0.0009408,0.0007056,0.0005656,0.0004032,0.0002828,0.0001414,9.408E-05,5.656E-05,2.828E-05,0
163,2.8,1.876,1.4056,0.938,0.7028,0.5628,0.4032,0.2828,0.1876,0.14084,0.0938,0.07028,0.05628,0.04032,0.02828,0.01876,0.014084,0.00938,0.007028,0.005628,0.004032,0.002828,0.001876,0.0014084,0.000938,0.0007028,0.0005628,0.0004032,0.0002828,0.00014084,9.38E-05,5.628E-05,2.828E-05,0
164,2.8,1.8676,1.4028,0.9352,0.7,0.56,0.4004,0.28,0.18704,0.14028,0.09352,0.07,0.056,0.04004,0.028,0.018704,0.014028,0.009352,0.007,0.0056,0.004004,0.0028,0.0018704,0.0014028,0.0009352,0.0007,0.00056,0.0004004,0.00028,0.00014028,9.352E-05,5.6E-05,2.8E-05,0
165,2.7916,1.862,1.3972,0.9324,0.6972,0.56,0.4004,0.27944,0.1862,0.13972,0.09324,0.06972,0.056,0.04004,0.027944,0.01862,0.013972,0.009324,0.006972,0.0056,0.004004,0.0027944,0.001862,0.0013972,0.0009324,0.0006972,0.00056,0.0004004,0.00027944,0.00013972,9.324E-05,5.6E-05,2.7944E-05,0
166,2.7832,1.8564,1.3916,0.9268,0.6972,0.5572,0.3976,0.27832,0.18564,0.13916,0.09268,0.06972,0.05572,0.03976,0.027832,0.018564,0.013916,0.009268,0.006972,0.005572,0.003976,0.0027832,0.0018564,0.0013916,0.0009268,0.0006972,0.0005572,0.0003976,0.00027832,0.00013916,9.268E-05,5.572E-05,2.7832E-05,0
167,2.7748,1.8508,1.3888,0.924,0.6944,0.5544,0.3976,0.27748,0.18508,0.13888,0.0924,0.06944,0.05544,0.03976,0.027748,0.018508,0.013888,0.00924,0.006944,0.005544,0.003976,0.0027748,0.0018508,0.0013888,0.000924,0.0006944,0.0005544,0.0003976,0.00027748,0.00013888,9.24E-05,5.544E-05,2.7748E-05,0
168,2.7664,1.8452,1.3832,0.9212,0.6916,0.5544,0.3948,0.27692,0.18452,0.13832,0.0924,0.06916,0.05544,0.03948,0.027692,0.018452,0.013832,0.00924,0.006916,0.005544,0.003948,0.0027692,0.0018452,0.0013832,0.000924,0.0006916,0.0005544,0.0003948,0.00027692,0.00013832,9.24E-05,5.544E-05,2.7692E-05,0
169,2.758,1.8396,1.3804,0.9212,0.6888,0.5516,0.3948,0.27608,0.18396,0.13804,0.09212,0.06888,0.05516,0.03948,0.027608,0.018396,0.013804,0.009212,0.006888,0.005516,0.003948,0.0027608,0.0018396,0.0013804,0.0009212,0.0006888,0.0005516,0.0003948,0.00027608,0.00013804,9.212E-05,5.516E-05,2.7608E-05,0
170,2.7524,1.834,1.3776,0.9184,0.6888,0.5516,0.3948,0.27552,0.18368,0.13776,0.09184,0.06888,0.05516,0.03948,0.027552,0.018368,0.013776,0.009184,0.006888,0.005516,0.003948,0.0027552,0.0018368,0.0013776,0.0009184,0.0006888,0.0005516,0.0003948,0.00027552,0.00013776,9.184E-05,5.516E-05,2.7552E-05,0
171,2.7468,1.8312,1.3748,0.9156,0.686,0.5488,0.392,0.27468,0.18312,0.13748,0.09156,0.0686,0.05488,0.0392,0.027468,0.018312,0.013748,0.009156,0.00686,0.005488,0.00392,0.0027468,0.0018312,0.0013748,0.0009156,0.000686,0.0005488,0.000392,0.00027468,0.00013748,9.156E-05,5.488E-05,2.7468E-05,0
172,2.7412,1.8284,1.372,0.9128,0.686,0.5488,0.392,0.2744,0.18284,0.1372,0.09156,0.0686,0.05488,0.0392,0.02744,0.018284,0.01372,0.009156,0.00686,0.005488,0.00392,0.002744,0.0018284,0.001372,0.0009156,0.000686,0.0005488,0.000392,0.0002744,0.0001372,9.156E-05,5.488E-05,2.744E-05,0
173,2.7356,1.8256,1.3692,0.9128,0.6832,0.5488,0.392,0.27384,0.18256,0.13692,0.09128,0.06832,0.05488,0.0392,0.027384,0.018256,0.013692,0.009128,0.006832,0.005488,0.00392,0.0027384,0.0018256,0.0013692,0.0009128,0.0006832,0.0005488,0.000392,0.00027384,0.00013692,9.128E-05,5.488E-05,2.7384E-05,0
174,2.7328,1.8228,1.3664,0.91,0.6832,0.546,0.3892,0.27328,0.18228,0.13664,0.091,0.06832,0.0546,0.03892,0.027328,0.018228,0.013664,0.0091,0.006832,0.00546,0.003892,0.0027328,0.0018228,0.0013664,0.00091,0.0006832,0.000546,0.0003892,0.00027328,0.00013664,9.1E-05,5.46E-05,2.7328E-05,0
175,2.7272,1.82,1.3636,0.91,0.6832,0.546,0.3892,0.273,0.182,0.13664,0.091,0.06832,0.0546,0.03892,0.0273,0.0182,0.013664,0.0091,0.006832,0.00546,0.003892,0.00273,0.00182,0.0013664,0.00091,0.0006832,0.000546,0.0003892,0.000273,0.00013664,9.1E-05,5.46E-05,2.73E-05,0
176,2.7244,1.8172,1.3636,0.91,0.6832,0.546,0.3892,0.27272,0.18172,0.13636,0.091,0.06832,0.0546,0.03892,0.027272,0.018172,0.013636,0.0091,0.006832,0.00546,0.003892,0.0027272,0.0018172,0.0013636,0.00091,0.0006832,0.000546,0.0003892,0.00027272,0.00013636,9.1E-05,5.46E-05,2.7272E-05,0
177,2.7244,1.8172,1.3636,0.9072,0.6804,0.546,0.3892,0.27244,0.18172,0.13636,0.09072,0.06804,0.0546,0.03892,0.027244,0.018172,0.013636,0.009072,0.006804,0.00546,0.003892,0.0027244,0.0018172,0.0013636,0.0009072,0.0006804,0.000546,0.0003892,0.00027244,0.00013636,9.072E-05,5.46E-05,2.7244E-05,0
178,2.7216,1.8144,1.3608,0.9072,0.6804,0.546,0.3892,0.27244,0.18172,0.13608,0.09072,0.06804,0.0546,0.03892,0.027244,0.018172,0.013608,0.009072,0.006804,0.00546,0.003892,0.0027244,0.0018172,0.0013608,0.0009072,0.0006804,0.000546,0.0003892,0.00027244,0.00013608,9.072E-05,5.46E-05,2.7244E-05,0
179,2.7216,1.8144,1.3608,0.9072,0.6804,0.5432,0.3892,0.27244,0.18144,0.13608,0.09072,0.06804,0.0546,0.03892,0.027244,0.018144,0.013608,0.009072,0.006804,0.00546,0.003892,0.0027244,0.0018144,0.0013608,0.0009072,0.0006804,0.000546,0.0003892,0.00027244,0.00013608,9.072E-05,5.46E-05,2.7244E-05,0
180,2.7216,1.8144,1.3608,0.9072,0.6804,0.5432,0.3892,0.27216,0.18144,0.13608,0.09072,0.06804,0.05432,0.03892,0.027216,0.018144,0.013608,0.009072,0.006804,0.005432,0.003892,0.0027216,0.0018144,0.0013608,0.0009072,0.0006804,0.0005432,0.0003892,0.00027216,0.00013608,9.072E-05,5.432E-05,2.7216E-05,0
