# E , E*1e6 , oo_FURFURAL_DXS10/hexitj1_1.root_EforwardInteg.csv , 1201
-5e-09 , -0.005 , 1000
5e-09 , 0.005 , 1000
1.5e-08 , 0.015 , 111
2.5e-08 , 0.025 , 111
3.5e-08 , 0.035 , 111
4.5e-08 , 0.045 , 111
5.5e-08 , 0.055 , 111
6.5e-08 , 0.065 , 111
7.5e-08 , 0.075 , 111
8.5e-08 , 0.085 , 111
9.5e-08 , 0.095 , 111
1.05e-07 , 0.105 , 111
1.15e-07 , 0.115 , 111
1.25e-07 , 0.125 , 111
1.35e-07 , 0.135 , 111
1.45e-07 , 0.145 , 111
1.55e-07 , 0.155 , 111
1.65e-07 , 0.165 , 111
1.75e-07 , 0.175 , 111
1.85e-07 , 0.185 , 111
1.95e-07 , 0.195 , 111
2.05e-07 , 0.205 , 111
2.15e-07 , 0.215 , 111
2.25e-07 , 0.225 , 111
2.35e-07 , 0.235 , 111
2.45e-07 , 0.245 , 111
2.55e-07 , 0.255 , 111
2.65e-07 , 0.265 , 111
2.75e-07 , 0.275 , 111
2.85e-07 , 0.285 , 110
2.95e-07 , 0.295 , 109
3.05e-07 , 0.305 , 109
3.15e-07 , 0.315 , 109
3.25e-07 , 0.325 , 109
3.35e-07 , 0.335 , 109
3.45e-07 , 0.345 , 109
3.55e-07 , 0.355 , 109
3.65e-07 , 0.365 , 109
3.75e-07 , 0.375 , 109
3.85e-07 , 0.385 , 109
3.95e-07 , 0.395 , 109
4.05e-07 , 0.405 , 109
4.15e-07 , 0.415 , 109
4.25e-07 , 0.425 , 109
4.35e-07 , 0.435 , 109
4.45e-07 , 0.445 , 109
4.55e-07 , 0.455 , 109
4.65e-07 , 0.465 , 109
4.75e-07 , 0.475 , 109
4.85e-07 , 0.485 , 109
4.95e-07 , 0.495 , 109
5.05e-07 , 0.505 , 109
5.15e-07 , 0.515 , 109
5.25e-07 , 0.525 , 109
5.35e-07 , 0.535 , 109
5.45e-07 , 0.545 , 109
5.55e-07 , 0.555 , 109
5.65e-07 , 0.565 , 109
5.75e-07 , 0.575 , 109
5.85e-07 , 0.585 , 109
5.95e-07 , 0.595 , 109
6.05e-07 , 0.605 , 109
6.15e-07 , 0.615 , 109
6.25e-07 , 0.625 , 108
6.35e-07 , 0.635 , 108
6.45e-07 , 0.645 , 108
6.55e-07 , 0.655 , 108
6.65e-07 , 0.665 , 108
6.75e-07 , 0.675 , 108
6.85e-07 , 0.685 , 108
6.95e-07 , 0.695 , 108
7.05e-07 , 0.705 , 108
7.15e-07 , 0.715 , 108
7.25e-07 , 0.725 , 108
7.35e-07 , 0.735 , 108
7.45e-07 , 0.745 , 108
7.55e-07 , 0.755 , 108
7.65e-07 , 0.765 , 108
7.75e-07 , 0.775 , 108
7.85e-07 , 0.785 , 108
7.95e-07 , 0.795 , 108
8.05e-07 , 0.805 , 108
8.15e-07 , 0.815 , 108
8.25e-07 , 0.825 , 108
8.35e-07 , 0.835 , 108
8.45e-07 , 0.845 , 108
8.55e-07 , 0.855 , 108
8.65e-07 , 0.865 , 108
8.75e-07 , 0.875 , 108
8.85e-07 , 0.885 , 108
8.95e-07 , 0.895 , 108
9.05e-07 , 0.905 , 108
9.15e-07 , 0.915 , 108
9.25e-07 , 0.925 , 108
9.35e-07 , 0.935 , 107
9.45e-07 , 0.945 , 107
9.55e-07 , 0.955 , 107
9.65e-07 , 0.965 , 107
9.75e-07 , 0.975 , 107
9.85e-07 , 0.985 , 107
9.95e-07 , 0.995 , 107
1.005e-06 , 1.005 , 107
1.015e-06 , 1.015 , 107
1.025e-06 , 1.025 , 107
1.035e-06 , 1.035 , 107
1.045e-06 , 1.045 , 107
1.055e-06 , 1.055 , 107
1.065e-06 , 1.065 , 107
1.075e-06 , 1.075 , 107
1.085e-06 , 1.085 , 107
1.095e-06 , 1.095 , 107
1.105e-06 , 1.105 , 107
1.115e-06 , 1.115 , 106
1.125e-06 , 1.125 , 106
1.135e-06 , 1.135 , 106
1.145e-06 , 1.145 , 106
1.155e-06 , 1.155 , 106
1.165e-06 , 1.165 , 106
1.175e-06 , 1.175 , 106
1.185e-06 , 1.185 , 105
1.195e-06 , 1.195 , 105
1.205e-06 , 1.205 , 105
1.215e-06 , 1.215 , 105
1.225e-06 , 1.225 , 105
1.235e-06 , 1.235 , 105
1.245e-06 , 1.245 , 105
1.255e-06 , 1.255 , 105
1.265e-06 , 1.265 , 105
1.275e-06 , 1.275 , 105
1.285e-06 , 1.285 , 105
1.295e-06 , 1.295 , 105
1.305e-06 , 1.305 , 105
1.315e-06 , 1.315 , 105
1.325e-06 , 1.325 , 105
1.335e-06 , 1.335 , 105
1.345e-06 , 1.345 , 105
1.355e-06 , 1.355 , 105
1.365e-06 , 1.365 , 105
1.375e-06 , 1.375 , 105
1.385e-06 , 1.385 , 105
1.395e-06 , 1.395 , 105
1.405e-06 , 1.405 , 105
1.415e-06 , 1.415 , 105
1.425e-06 , 1.425 , 105
1.435e-06 , 1.435 , 105
1.445e-06 , 1.445 , 105
1.455e-06 , 1.455 , 105
1.465e-06 , 1.465 , 105
1.475e-06 , 1.475 , 105
1.485e-06 , 1.485 , 105
1.495e-06 , 1.495 , 105
1.505e-06 , 1.505 , 105
1.515e-06 , 1.515 , 105
1.525e-06 , 1.525 , 105
1.535e-06 , 1.535 , 105
1.545e-06 , 1.545 , 105
1.555e-06 , 1.555 , 105
1.565e-06 , 1.565 , 105
1.575e-06 , 1.575 , 105
1.585e-06 , 1.585 , 105
1.595e-06 , 1.595 , 105
1.605e-06 , 1.605 , 105
1.615e-06 , 1.615 , 105
1.625e-06 , 1.625 , 105
1.635e-06 , 1.635 , 105
1.645e-06 , 1.645 , 105
1.655e-06 , 1.655 , 105
1.665e-06 , 1.665 , 105
1.675e-06 , 1.675 , 105
1.685e-06 , 1.685 , 105
1.695e-06 , 1.695 , 105
1.705e-06 , 1.705 , 105
1.715e-06 , 1.715 , 105
1.725e-06 , 1.725 , 105
1.735e-06 , 1.735 , 105
1.745e-06 , 1.745 , 105
1.755e-06 , 1.755 , 103
1.765e-06 , 1.765 , 103
1.775e-06 , 1.775 , 102
1.785e-06 , 1.785 , 102
1.795e-06 , 1.795 , 102
1.805e-06 , 1.805 , 102
1.815e-06 , 1.815 , 102
1.825e-06 , 1.825 , 102
1.835e-06 , 1.835 , 102
1.845e-06 , 1.845 , 102
1.855e-06 , 1.855 , 102
1.865e-06 , 1.865 , 102
1.875e-06 , 1.875 , 102
1.885e-06 , 1.885 , 102
1.895e-06 , 1.895 , 102
1.905e-06 , 1.905 , 102
1.915e-06 , 1.915 , 102
1.925e-06 , 1.925 , 102
1.935e-06 , 1.935 , 102
1.945e-06 , 1.945 , 102
1.955e-06 , 1.955 , 102
1.965e-06 , 1.965 , 102
1.975e-06 , 1.975 , 101
1.985e-06 , 1.985 , 101
1.995e-06 , 1.995 , 101
2.005e-06 , 2.005 , 101
2.015e-06 , 2.015 , 101
2.025e-06 , 2.025 , 101
2.035e-06 , 2.035 , 101
2.045e-06 , 2.045 , 101
2.055e-06 , 2.055 , 101
2.065e-06 , 2.065 , 101
2.075e-06 , 2.075 , 101
2.085e-06 , 2.085 , 101
2.095e-06 , 2.095 , 100
2.105e-06 , 2.105 , 100
2.115e-06 , 2.115 , 100
2.125e-06 , 2.125 , 100
2.135e-06 , 2.135 , 100
2.145e-06 , 2.145 , 100
2.155e-06 , 2.155 , 100
2.165e-06 , 2.165 , 100
2.175e-06 , 2.175 , 100
2.185e-06 , 2.185 , 100
2.195e-06 , 2.195 , 99
2.205e-06 , 2.205 , 98
2.215e-06 , 2.215 , 98
2.225e-06 , 2.225 , 98
2.235e-06 , 2.235 , 98
2.245e-06 , 2.245 , 98
2.255e-06 , 2.255 , 98
2.265e-06 , 2.265 , 98
2.275e-06 , 2.275 , 97
2.285e-06 , 2.285 , 97
2.295e-06 , 2.295 , 97
2.305e-06 , 2.305 , 97
2.315e-06 , 2.315 , 97
2.325e-06 , 2.325 , 97
2.335e-06 , 2.335 , 97
2.345e-06 , 2.345 , 97
2.355e-06 , 2.355 , 97
2.365e-06 , 2.365 , 97
2.375e-06 , 2.375 , 97
2.385e-06 , 2.385 , 97
2.395e-06 , 2.395 , 97
2.405e-06 , 2.405 , 97
2.415e-06 , 2.415 , 97
2.425e-06 , 2.425 , 96
2.435e-06 , 2.435 , 96
2.445e-06 , 2.445 , 96
2.455e-06 , 2.455 , 96
2.465e-06 , 2.465 , 96
2.475e-06 , 2.475 , 96
2.485e-06 , 2.485 , 96
2.495e-06 , 2.495 , 96
2.505e-06 , 2.505 , 94
2.515e-06 , 2.515 , 94
2.525e-06 , 2.525 , 94
2.535e-06 , 2.535 , 94
2.545e-06 , 2.545 , 94
2.555e-06 , 2.555 , 94
2.565e-06 , 2.565 , 94
2.575e-06 , 2.575 , 94
2.585e-06 , 2.585 , 94
2.595e-06 , 2.595 , 94
2.605e-06 , 2.605 , 94
2.615e-06 , 2.615 , 94
2.625e-06 , 2.625 , 94
2.635e-06 , 2.635 , 94
2.645e-06 , 2.645 , 94
2.655e-06 , 2.655 , 94
2.665e-06 , 2.665 , 94
2.675e-06 , 2.675 , 94
2.685e-06 , 2.685 , 93
2.695e-06 , 2.695 , 93
2.705e-06 , 2.705 , 93
2.715e-06 , 2.715 , 93
2.725e-06 , 2.725 , 93
2.735e-06 , 2.735 , 93
2.745e-06 , 2.745 , 93
2.755e-06 , 2.755 , 93
2.765e-06 , 2.765 , 92
2.775e-06 , 2.775 , 92
2.785e-06 , 2.785 , 92
2.795e-06 , 2.795 , 92
2.805e-06 , 2.805 , 92
2.815e-06 , 2.815 , 92
2.825e-06 , 2.825 , 91
2.835e-06 , 2.835 , 91
2.845e-06 , 2.845 , 91
2.855e-06 , 2.855 , 91
2.865e-06 , 2.865 , 91
2.875e-06 , 2.875 , 91
2.885e-06 , 2.885 , 91
2.895e-06 , 2.895 , 91
2.905e-06 , 2.905 , 91
2.915e-06 , 2.915 , 91
2.925e-06 , 2.925 , 91
2.935e-06 , 2.935 , 91
2.945e-06 , 2.945 , 91
2.955e-06 , 2.955 , 91
2.965e-06 , 2.965 , 90
2.975e-06 , 2.975 , 90
2.985e-06 , 2.985 , 90
2.995e-06 , 2.995 , 90
3.005e-06 , 3.005 , 90
3.015e-06 , 3.015 , 90
3.025e-06 , 3.025 , 90
3.035e-06 , 3.035 , 90
3.045e-06 , 3.045 , 90
3.055e-06 , 3.055 , 90
3.065e-06 , 3.065 , 90
3.075e-06 , 3.075 , 90
3.085e-06 , 3.085 , 90
3.095e-06 , 3.095 , 90
3.105e-06 , 3.105 , 90
3.115e-06 , 3.115 , 90
3.125e-06 , 3.125 , 90
3.135e-06 , 3.135 , 90
3.145e-06 , 3.145 , 90
3.155e-06 , 3.155 , 90
3.165e-06 , 3.165 , 90
3.175e-06 , 3.175 , 90
3.185e-06 , 3.185 , 90
3.195e-06 , 3.195 , 88
3.205e-06 , 3.205 , 88
3.215e-06 , 3.215 , 88
3.225e-06 , 3.225 , 88
3.235e-06 , 3.235 , 88
3.245e-06 , 3.245 , 88
3.255e-06 , 3.255 , 87
3.265e-06 , 3.265 , 87
3.275e-06 , 3.275 , 87
3.285e-06 , 3.285 , 87
3.295e-06 , 3.295 , 87
3.305e-06 , 3.305 , 87
3.315e-06 , 3.315 , 86
3.325e-06 , 3.325 , 85
3.335e-06 , 3.335 , 85
3.345e-06 , 3.345 , 85
3.355e-06 , 3.355 , 85
3.365e-06 , 3.365 , 85
3.375e-06 , 3.375 , 85
3.385e-06 , 3.385 , 85
3.395e-06 , 3.395 , 84
3.405e-06 , 3.405 , 84
3.415e-06 , 3.415 , 84
3.425e-06 , 3.425 , 84
3.435e-06 , 3.435 , 84
3.445e-06 , 3.445 , 84
3.455e-06 , 3.455 , 84
3.465e-06 , 3.465 , 84
3.475e-06 , 3.475 , 84
3.485e-06 , 3.485 , 84
3.495e-06 , 3.495 , 84
3.505e-06 , 3.505 , 84
3.515e-06 , 3.515 , 84
3.525e-06 , 3.525 , 84
3.535e-06 , 3.535 , 84
3.545e-06 , 3.545 , 84
3.555e-06 , 3.555 , 83
3.565e-06 , 3.565 , 83
3.575e-06 , 3.575 , 83
3.585e-06 , 3.585 , 83
3.595e-06 , 3.595 , 83
3.605e-06 , 3.605 , 83
3.615e-06 , 3.615 , 83
3.625e-06 , 3.625 , 82
3.635e-06 , 3.635 , 82
3.645e-06 , 3.645 , 82
3.655e-06 , 3.655 , 82
3.665e-06 , 3.665 , 82
3.675e-06 , 3.675 , 82
3.685e-06 , 3.685 , 82
3.695e-06 , 3.695 , 82
3.705e-06 , 3.705 , 82
3.715e-06 , 3.715 , 82
3.725e-06 , 3.725 , 82
3.735e-06 , 3.735 , 81
3.745e-06 , 3.745 , 81
3.755e-06 , 3.755 , 81
3.765e-06 , 3.765 , 81
3.775e-06 , 3.775 , 81
3.785e-06 , 3.785 , 81
3.795e-06 , 3.795 , 80
3.805e-06 , 3.805 , 80
3.815e-06 , 3.815 , 80
3.825e-06 , 3.825 , 80
3.835e-06 , 3.835 , 80
3.845e-06 , 3.845 , 80
3.855e-06 , 3.855 , 80
3.865e-06 , 3.865 , 80
3.875e-06 , 3.875 , 80
3.885e-06 , 3.885 , 80
3.895e-06 , 3.895 , 80
3.905e-06 , 3.905 , 80
3.915e-06 , 3.915 , 80
3.925e-06 , 3.925 , 80
3.935e-06 , 3.935 , 80
3.945e-06 , 3.945 , 80
3.955e-06 , 3.955 , 80
3.965e-06 , 3.965 , 80
3.975e-06 , 3.975 , 79
3.985e-06 , 3.985 , 79
3.995e-06 , 3.995 , 79
4.005e-06 , 4.005 , 79
4.015e-06 , 4.015 , 77
4.025e-06 , 4.025 , 77
4.035e-06 , 4.035 , 76
4.045e-06 , 4.045 , 76
4.055e-06 , 4.055 , 76
4.065e-06 , 4.065 , 76
4.075e-06 , 4.075 , 76
4.085e-06 , 4.085 , 76
4.095e-06 , 4.095 , 76
4.105e-06 , 4.105 , 76
4.115e-06 , 4.115 , 76
4.125e-06 , 4.125 , 76
4.135e-06 , 4.135 , 76
4.145e-06 , 4.145 , 76
4.155e-06 , 4.155 , 76
4.165e-06 , 4.165 , 76
4.175e-06 , 4.175 , 75
4.185e-06 , 4.185 , 75
4.195e-06 , 4.195 , 75
4.205e-06 , 4.205 , 75
4.215e-06 , 4.215 , 75
4.225e-06 , 4.225 , 75
4.235e-06 , 4.235 , 75
4.245e-06 , 4.245 , 75
4.255e-06 , 4.255 , 75
4.265e-06 , 4.265 , 75
4.275e-06 , 4.275 , 75
4.285e-06 , 4.285 , 74
4.295e-06 , 4.295 , 73
4.305e-06 , 4.305 , 73
4.315e-06 , 4.315 , 73
4.325e-06 , 4.325 , 73
4.335e-06 , 4.335 , 73
4.345e-06 , 4.345 , 73
4.355e-06 , 4.355 , 73
4.365e-06 , 4.365 , 73
4.375e-06 , 4.375 , 73
4.385e-06 , 4.385 , 73
4.395e-06 , 4.395 , 73
4.405e-06 , 4.405 , 73
4.415e-06 , 4.415 , 73
4.425e-06 , 4.425 , 73
4.435e-06 , 4.435 , 73
4.445e-06 , 4.445 , 73
4.455e-06 , 4.455 , 73
4.465e-06 , 4.465 , 73
4.475e-06 , 4.475 , 73
4.485e-06 , 4.485 , 73
4.495e-06 , 4.495 , 73
4.505e-06 , 4.505 , 73
4.515e-06 , 4.515 , 73
4.525e-06 , 4.525 , 73
4.535e-06 , 4.535 , 73
4.545e-06 , 4.545 , 73
4.555e-06 , 4.555 , 73
4.565e-06 , 4.565 , 73
4.575e-06 , 4.575 , 72
4.585e-06 , 4.585 , 72
4.595e-06 , 4.595 , 71
4.605e-06 , 4.605 , 71
4.615e-06 , 4.615 , 71
4.625e-06 , 4.625 , 71
4.635e-06 , 4.635 , 71
4.645e-06 , 4.645 , 70
4.655e-06 , 4.655 , 70
4.665e-06 , 4.665 , 70
4.675e-06 , 4.675 , 70
4.685e-06 , 4.685 , 70
4.695e-06 , 4.695 , 70
4.705e-06 , 4.705 , 70
4.715e-06 , 4.715 , 70
4.725e-06 , 4.725 , 70
4.735e-06 , 4.735 , 69
4.745e-06 , 4.745 , 69
4.755e-06 , 4.755 , 69
4.765e-06 , 4.765 , 68
4.775e-06 , 4.775 , 68
4.785e-06 , 4.785 , 68
4.795e-06 , 4.795 , 68
4.805e-06 , 4.805 , 68
4.815e-06 , 4.815 , 67
4.825e-06 , 4.825 , 67
4.835e-06 , 4.835 , 65
4.845e-06 , 4.845 , 64
4.855e-06 , 4.855 , 63
4.865e-06 , 4.865 , 63
4.875e-06 , 4.875 , 63
4.885e-06 , 4.885 , 63
4.895e-06 , 4.895 , 63
4.905e-06 , 4.905 , 63
4.915e-06 , 4.915 , 63
4.925e-06 , 4.925 , 63
4.935e-06 , 4.935 , 63
4.945e-06 , 4.945 , 63
4.955e-06 , 4.955 , 63
4.965e-06 , 4.965 , 63
4.975e-06 , 4.975 , 63
4.985e-06 , 4.985 , 63
4.995e-06 , 4.995 , 62
5.005e-06 , 5.005 , 62
5.015e-06 , 5.015 , 62
5.025e-06 , 5.025 , 61
5.035e-06 , 5.035 , 61
5.045e-06 , 5.045 , 61
5.055e-06 , 5.055 , 61
5.065e-06 , 5.065 , 61
5.075e-06 , 5.075 , 61
5.085e-06 , 5.085 , 61
5.095e-06 , 5.095 , 61
5.105e-06 , 5.105 , 60
5.115e-06 , 5.115 , 60
5.125e-06 , 5.125 , 60
5.135e-06 , 5.135 , 60
5.145e-06 , 5.145 , 60
5.155e-06 , 5.155 , 59
5.165e-06 , 5.165 , 59
5.175e-06 , 5.175 , 59
5.185e-06 , 5.185 , 59
5.195e-06 , 5.195 , 59
5.205e-06 , 5.205 , 59
5.215e-06 , 5.215 , 57
5.225e-06 , 5.225 , 57
5.235e-06 , 5.235 , 56
5.245e-06 , 5.245 , 56
5.255e-06 , 5.255 , 55
5.265e-06 , 5.265 , 54
5.275e-06 , 5.275 , 54
5.285e-06 , 5.285 , 53
5.295e-06 , 5.295 , 53
5.305e-06 , 5.305 , 53
5.315e-06 , 5.315 , 53
5.325e-06 , 5.325 , 52
5.335e-06 , 5.335 , 52
5.345e-06 , 5.345 , 52
5.355e-06 , 5.355 , 51
5.365e-06 , 5.365 , 50
5.375e-06 , 5.375 , 50
5.385e-06 , 5.385 , 50
5.395e-06 , 5.395 , 50
5.405e-06 , 5.405 , 50
5.415e-06 , 5.415 , 50
5.425e-06 , 5.425 , 50
5.435e-06 , 5.435 , 50
5.445e-06 , 5.445 , 50
5.455e-06 , 5.455 , 50
5.465e-06 , 5.465 , 50
5.475e-06 , 5.475 , 49
5.485e-06 , 5.485 , 49
5.495e-06 , 5.495 , 49
5.505e-06 , 5.505 , 48
5.515e-06 , 5.515 , 48
5.525e-06 , 5.525 , 48
5.535e-06 , 5.535 , 48
5.545e-06 , 5.545 , 48
5.555e-06 , 5.555 , 48
5.565e-06 , 5.565 , 48
5.575e-06 , 5.575 , 47
5.585e-06 , 5.585 , 47
5.595e-06 , 5.595 , 47
5.605e-06 , 5.605 , 47
5.615e-06 , 5.615 , 47
5.625e-06 , 5.625 , 47
5.635e-06 , 5.635 , 47
5.645e-06 , 5.645 , 47
5.655e-06 , 5.655 , 47
5.665e-06 , 5.665 , 46
5.675e-06 , 5.675 , 46
5.685e-06 , 5.685 , 46
5.695e-06 , 5.695 , 46
5.705e-06 , 5.705 , 46
5.715e-06 , 5.715 , 46
5.725e-06 , 5.725 , 46
5.735e-06 , 5.735 , 46
5.745e-06 , 5.745 , 46
5.755e-06 , 5.755 , 46
5.765e-06 , 5.765 , 46
5.775e-06 , 5.775 , 46
5.785e-06 , 5.785 , 46
5.795e-06 , 5.795 , 46
5.805e-06 , 5.805 , 46
5.815e-06 , 5.815 , 46
5.825e-06 , 5.825 , 46
5.835e-06 , 5.835 , 46
5.845e-06 , 5.845 , 46
5.855e-06 , 5.855 , 46
5.865e-06 , 5.865 , 46
5.875e-06 , 5.875 , 46
5.885e-06 , 5.885 , 44
5.895e-06 , 5.895 , 44
5.905e-06 , 5.905 , 44
5.915e-06 , 5.915 , 44
5.925e-06 , 5.925 , 44
5.935e-06 , 5.935 , 44
5.945e-06 , 5.945 , 44
5.955e-06 , 5.955 , 44
5.965e-06 , 5.965 , 42
5.975e-06 , 5.975 , 42
5.985e-06 , 5.985 , 42
5.995e-06 , 5.995 , 41
6.005e-06 , 6.005 , 41
6.015e-06 , 6.015 , 41
6.025e-06 , 6.025 , 41
6.035e-06 , 6.035 , 41
6.045e-06 , 6.045 , 41
6.055e-06 , 6.055 , 41
6.065e-06 , 6.065 , 41
6.075e-06 , 6.075 , 41
6.085e-06 , 6.085 , 41
6.095e-06 , 6.095 , 41
6.105e-06 , 6.105 , 41
6.115e-06 , 6.115 , 41
6.125e-06 , 6.125 , 41
6.135e-06 , 6.135 , 41
6.145e-06 , 6.145 , 41
6.155e-06 , 6.155 , 40
6.165e-06 , 6.165 , 39
6.175e-06 , 6.175 , 39
6.185e-06 , 6.185 , 39
6.195e-06 , 6.195 , 39
6.205e-06 , 6.205 , 39
6.215e-06 , 6.215 , 39
6.225e-06 , 6.225 , 39
6.235e-06 , 6.235 , 39
6.245e-06 , 6.245 , 38
6.255e-06 , 6.255 , 38
6.265e-06 , 6.265 , 38
6.275e-06 , 6.275 , 38
6.285e-06 , 6.285 , 38
6.295e-06 , 6.295 , 38
6.305e-06 , 6.305 , 38
6.315e-06 , 6.315 , 37
6.325e-06 , 6.325 , 37
6.335e-06 , 6.335 , 37
6.345e-06 , 6.345 , 37
6.355e-06 , 6.355 , 37
6.365e-06 , 6.365 , 37
6.375e-06 , 6.375 , 37
6.385e-06 , 6.385 , 36
6.395e-06 , 6.395 , 36
6.405e-06 , 6.405 , 36
6.415e-06 , 6.415 , 36
6.425e-06 , 6.425 , 36
6.435e-06 , 6.435 , 36
6.445e-06 , 6.445 , 36
6.455e-06 , 6.455 , 36
6.465e-06 , 6.465 , 36
6.475e-06 , 6.475 , 36
6.485e-06 , 6.485 , 36
6.495e-06 , 6.495 , 36
6.505e-06 , 6.505 , 36
6.515e-06 , 6.515 , 36
6.525e-06 , 6.525 , 36
6.535e-06 , 6.535 , 36
6.545e-06 , 6.545 , 36
6.555e-06 , 6.555 , 35
6.565e-06 , 6.565 , 35
6.575e-06 , 6.575 , 35
6.585e-06 , 6.585 , 35
6.595e-06 , 6.595 , 35
6.605e-06 , 6.605 , 35
6.615e-06 , 6.615 , 35
6.625e-06 , 6.625 , 35
6.635e-06 , 6.635 , 35
6.645e-06 , 6.645 , 35
6.655e-06 , 6.655 , 35
6.665e-06 , 6.665 , 35
6.675e-06 , 6.675 , 35
6.685e-06 , 6.685 , 35
6.695e-06 , 6.695 , 35
6.705e-06 , 6.705 , 35
6.715e-06 , 6.715 , 35
6.725e-06 , 6.725 , 35
6.735e-06 , 6.735 , 35
6.745e-06 , 6.745 , 35
6.755e-06 , 6.755 , 34
6.765e-06 , 6.765 , 33
6.775e-06 , 6.775 , 33
6.785e-06 , 6.785 , 33
6.795e-06 , 6.795 , 33
6.805e-06 , 6.805 , 33
6.815e-06 , 6.815 , 33
6.825e-06 , 6.825 , 33
6.835e-06 , 6.835 , 33
6.845e-06 , 6.845 , 33
6.855e-06 , 6.855 , 32
6.865e-06 , 6.865 , 32
6.875e-06 , 6.875 , 32
6.885e-06 , 6.885 , 31
6.895e-06 , 6.895 , 31
6.905e-06 , 6.905 , 31
6.915e-06 , 6.915 , 31
6.925e-06 , 6.925 , 31
6.935e-06 , 6.935 , 31
6.945e-06 , 6.945 , 31
6.955e-06 , 6.955 , 31
6.965e-06 , 6.965 , 31
6.975e-06 , 6.975 , 31
6.985e-06 , 6.985 , 31
6.995e-06 , 6.995 , 31
7.005e-06 , 7.005 , 31
7.015e-06 , 7.015 , 30
7.025e-06 , 7.025 , 30
7.035e-06 , 7.035 , 30
7.045e-06 , 7.045 , 30
7.055e-06 , 7.055 , 30
7.065e-06 , 7.065 , 30
7.075e-06 , 7.075 , 30
7.085e-06 , 7.085 , 30
7.095e-06 , 7.095 , 30
7.105e-06 , 7.105 , 30
7.115e-06 , 7.115 , 29
7.125e-06 , 7.125 , 29
7.135e-06 , 7.135 , 29
7.145e-06 , 7.145 , 29
7.155e-06 , 7.155 , 29
7.165e-06 , 7.165 , 28
7.175e-06 , 7.175 , 28
7.185e-06 , 7.185 , 27
7.195e-06 , 7.195 , 27
7.205e-06 , 7.205 , 27
7.215e-06 , 7.215 , 27
7.225e-06 , 7.225 , 27
7.235e-06 , 7.235 , 27
7.245e-06 , 7.245 , 27
7.255e-06 , 7.255 , 27
7.265e-06 , 7.265 , 27
7.275e-06 , 7.275 , 27
7.285e-06 , 7.285 , 27
7.295e-06 , 7.295 , 27
7.305e-06 , 7.305 , 27
7.315e-06 , 7.315 , 27
7.325e-06 , 7.325 , 27
7.335e-06 , 7.335 , 27
7.345e-06 , 7.345 , 27
7.355e-06 , 7.355 , 26
7.365e-06 , 7.365 , 26
7.375e-06 , 7.375 , 26
7.385e-06 , 7.385 , 26
7.395e-06 , 7.395 , 26
7.405e-06 , 7.405 , 25
7.415e-06 , 7.415 , 23
7.425e-06 , 7.425 , 23
7.435e-06 , 7.435 , 23
7.445e-06 , 7.445 , 23
7.455e-06 , 7.455 , 23
7.465e-06 , 7.465 , 23
7.475e-06 , 7.475 , 22
7.485e-06 , 7.485 , 22
7.495e-06 , 7.495 , 22
7.505e-06 , 7.505 , 21
7.515e-06 , 7.515 , 21
7.525e-06 , 7.525 , 21
7.535e-06 , 7.535 , 20
7.545e-06 , 7.545 , 20
7.555e-06 , 7.555 , 20
7.565e-06 , 7.565 , 20
7.575e-06 , 7.575 , 20
7.585e-06 , 7.585 , 20
7.595e-06 , 7.595 , 20
7.605e-06 , 7.605 , 20
7.615e-06 , 7.615 , 20
7.625e-06 , 7.625 , 20
7.635e-06 , 7.635 , 20
7.645e-06 , 7.645 , 20
7.655e-06 , 7.655 , 20
7.665e-06 , 7.665 , 20
7.675e-06 , 7.675 , 20
7.685e-06 , 7.685 , 20
7.695e-06 , 7.695 , 20
7.705e-06 , 7.705 , 20
7.715e-06 , 7.715 , 20
7.725e-06 , 7.725 , 20
7.735e-06 , 7.735 , 20
7.745e-06 , 7.745 , 20
7.755e-06 , 7.755 , 20
7.765e-06 , 7.765 , 20
7.775e-06 , 7.775 , 20
7.785e-06 , 7.785 , 20
7.795e-06 , 7.795 , 20
7.805e-06 , 7.805 , 20
7.815e-06 , 7.815 , 20
7.825e-06 , 7.825 , 20
7.835e-06 , 7.835 , 20
7.845e-06 , 7.845 , 19
7.855e-06 , 7.855 , 19
7.865e-06 , 7.865 , 19
7.875e-06 , 7.875 , 19
7.885e-06 , 7.885 , 19
7.895e-06 , 7.895 , 19
7.905e-06 , 7.905 , 19
7.915e-06 , 7.915 , 19
7.925e-06 , 7.925 , 19
7.935e-06 , 7.935 , 19
7.945e-06 , 7.945 , 19
7.955e-06 , 7.955 , 19
7.965e-06 , 7.965 , 19
7.975e-06 , 7.975 , 18
7.985e-06 , 7.985 , 18
7.995e-06 , 7.995 , 18
8.005e-06 , 8.005 , 18
8.015e-06 , 8.015 , 18
8.025e-06 , 8.025 , 18
8.035e-06 , 8.035 , 18
8.045e-06 , 8.045 , 18
8.055e-06 , 8.055 , 18
8.065e-06 , 8.065 , 18
8.075e-06 , 8.075 , 18
8.085e-06 , 8.085 , 18
8.095e-06 , 8.095 , 18
8.105e-06 , 8.105 , 18
8.115e-06 , 8.115 , 18
8.125e-06 , 8.125 , 18
8.135e-06 , 8.135 , 18
8.145e-06 , 8.145 , 18
8.155e-06 , 8.155 , 18
8.165e-06 , 8.165 , 18
8.175e-06 , 8.175 , 18
8.185e-06 , 8.185 , 17
8.195e-06 , 8.195 , 17
8.205e-06 , 8.205 , 17
8.215e-06 , 8.215 , 17
8.225e-06 , 8.225 , 16
8.235e-06 , 8.235 , 16
8.245e-06 , 8.245 , 16
8.255e-06 , 8.255 , 16
8.265e-06 , 8.265 , 16
8.275e-06 , 8.275 , 16
8.285e-06 , 8.285 , 16
8.295e-06 , 8.295 , 16
8.305e-06 , 8.305 , 16
8.315e-06 , 8.315 , 16
8.325e-06 , 8.325 , 16
8.335e-06 , 8.335 , 16
8.345e-06 , 8.345 , 16
8.355e-06 , 8.355 , 15
8.365e-06 , 8.365 , 15
8.375e-06 , 8.375 , 15
8.385e-06 , 8.385 , 15
8.395e-06 , 8.395 , 15
8.405e-06 , 8.405 , 15
8.415e-06 , 8.415 , 15
8.425e-06 , 8.425 , 14
8.435e-06 , 8.435 , 14
8.445e-06 , 8.445 , 14
8.455e-06 , 8.455 , 14
8.465e-06 , 8.465 , 14
8.475e-06 , 8.475 , 14
8.485e-06 , 8.485 , 14
8.495e-06 , 8.495 , 14
8.505e-06 , 8.505 , 13
8.515e-06 , 8.515 , 13
8.525e-06 , 8.525 , 13
8.535e-06 , 8.535 , 13
8.545e-06 , 8.545 , 13
8.555e-06 , 8.555 , 13
8.565e-06 , 8.565 , 13
8.575e-06 , 8.575 , 13
8.585e-06 , 8.585 , 13
8.595e-06 , 8.595 , 13
8.605e-06 , 8.605 , 13
8.615e-06 , 8.615 , 13
8.625e-06 , 8.625 , 13
8.635e-06 , 8.635 , 13
8.645e-06 , 8.645 , 13
8.655e-06 , 8.655 , 13
8.665e-06 , 8.665 , 13
8.675e-06 , 8.675 , 13
8.685e-06 , 8.685 , 13
8.695e-06 , 8.695 , 13
8.705e-06 , 8.705 , 13
8.715e-06 , 8.715 , 13
8.725e-06 , 8.725 , 13
8.735e-06 , 8.735 , 13
8.745e-06 , 8.745 , 13
8.755e-06 , 8.755 , 13
8.765e-06 , 8.765 , 13
8.775e-06 , 8.775 , 13
8.785e-06 , 8.785 , 12
8.795e-06 , 8.795 , 12
8.805e-06 , 8.805 , 11
8.815e-06 , 8.815 , 11
8.825e-06 , 8.825 , 11
8.835e-06 , 8.835 , 10
8.845e-06 , 8.845 , 10
8.855e-06 , 8.855 , 10
8.865e-06 , 8.865 , 10
8.875e-06 , 8.875 , 10
8.885e-06 , 8.885 , 10
8.895e-06 , 8.895 , 10
8.905e-06 , 8.905 , 10
8.915e-06 , 8.915 , 10
8.925e-06 , 8.925 , 10
8.935e-06 , 8.935 , 9
8.945e-06 , 8.945 , 9
8.955e-06 , 8.955 , 9
8.965e-06 , 8.965 , 9
8.975e-06 , 8.975 , 8
8.985e-06 , 8.985 , 8
8.995e-06 , 8.995 , 8
9.005e-06 , 9.005 , 7
9.015e-06 , 9.015 , 7
9.025e-06 , 9.025 , 7
9.035e-06 , 9.035 , 6
9.045e-06 , 9.045 , 6
9.055e-06 , 9.055 , 6
9.065e-06 , 9.065 , 6
9.075e-06 , 9.075 , 6
9.085e-06 , 9.085 , 6
9.095e-06 , 9.095 , 6
9.105e-06 , 9.105 , 4
9.115e-06 , 9.115 , 4
9.125e-06 , 9.125 , 4
9.135e-06 , 9.135 , 4
9.145e-06 , 9.145 , 4
9.155e-06 , 9.155 , 4
9.165e-06 , 9.165 , 4
9.175e-06 , 9.175 , 4
9.185e-06 , 9.185 , 4
9.195e-06 , 9.195 , 4
9.205e-06 , 9.205 , 4
9.215e-06 , 9.215 , 4
9.225e-06 , 9.225 , 4
9.235e-06 , 9.235 , 4
9.245e-06 , 9.245 , 4
9.255e-06 , 9.255 , 3
9.265e-06 , 9.265 , 3
9.275e-06 , 9.275 , 3
9.285e-06 , 9.285 , 3
9.295e-06 , 9.295 , 3
9.305e-06 , 9.305 , 3
9.315e-06 , 9.315 , 3
9.325e-06 , 9.325 , 3
9.335e-06 , 9.335 , 3
9.345e-06 , 9.345 , 3
9.355e-06 , 9.355 , 3
9.365e-06 , 9.365 , 3
9.375e-06 , 9.375 , 3
9.385e-06 , 9.385 , 3
9.395e-06 , 9.395 , 3
9.405e-06 , 9.405 , 3
9.415e-06 , 9.415 , 3
9.425e-06 , 9.425 , 3
9.435e-06 , 9.435 , 3
9.445e-06 , 9.445 , 3
9.455e-06 , 9.455 , 3
9.465e-06 , 9.465 , 3
9.475e-06 , 9.475 , 3
9.485e-06 , 9.485 , 3
9.495e-06 , 9.495 , 3
9.505e-06 , 9.505 , 2
9.515e-06 , 9.515 , 1
9.525e-06 , 9.525 , 1
9.535e-06 , 9.535 , 1
9.545e-06 , 9.545 , 1
9.555e-06 , 9.555 , 1
9.565e-06 , 9.565 , 1
9.575e-06 , 9.575 , 1
9.585e-06 , 9.585 , 1
9.595e-06 , 9.595 , 1
9.605e-06 , 9.605 , 1
9.615e-06 , 9.615 , 1
9.625e-06 , 9.625 , 1
9.635e-06 , 9.635 , 1
9.645e-06 , 9.645 , 1
9.655e-06 , 9.655 , 1
9.665e-06 , 9.665 , 1
9.675e-06 , 9.675 , 1
9.685e-06 , 9.685 , 1
9.695e-06 , 9.695 , 1
9.705e-06 , 9.705 , 1
9.715e-06 , 9.715 , 1
9.725e-06 , 9.725 , 1
9.735e-06 , 9.735 , 0
9.745e-06 , 9.745 , 0
9.755e-06 , 9.755 , 0
9.765e-06 , 9.765 , 0
9.775e-06 , 9.775 , 0
9.785e-06 , 9.785 , 0
9.795e-06 , 9.795 , 0
9.805e-06 , 9.805 , 0
9.815e-06 , 9.815 , 0
9.825e-06 , 9.825 , 0
9.835e-06 , 9.835 , 0
9.845e-06 , 9.845 , 0
9.855e-06 , 9.855 , 0
9.865e-06 , 9.865 , 0
9.875e-06 , 9.875 , 0
9.885e-06 , 9.885 , 0
9.895e-06 , 9.895 , 0
9.905e-06 , 9.905 , 0
9.915e-06 , 9.915 , 0
9.925e-06 , 9.925 , 0
9.935e-06 , 9.935 , 0
9.945e-06 , 9.945 , 0
9.955e-06 , 9.955 , 0
9.965e-06 , 9.965 , 0
9.975e-06 , 9.975 , 0
9.985e-06 , 9.985 , 0
9.995e-06 , 9.995 , 0
1.0005e-05 , 10.005 , 0
1.0015e-05 , 10.015 , 0
1.0025e-05 , 10.025 , 0
1.0035e-05 , 10.035 , 0
1.0045e-05 , 10.045 , 0
1.0055e-05 , 10.055 , 0
1.0065e-05 , 10.065 , 0
1.0075e-05 , 10.075 , 0
1.0085e-05 , 10.085 , 0
1.0095e-05 , 10.095 , 0
1.0105e-05 , 10.105 , 0
1.0115e-05 , 10.115 , 0
1.0125e-05 , 10.125 , 0
1.0135e-05 , 10.135 , 0
1.0145e-05 , 10.145 , 0
1.0155e-05 , 10.155 , 0
1.0165e-05 , 10.165 , 0
1.0175e-05 , 10.175 , 0
1.0185e-05 , 10.185 , 0
1.0195e-05 , 10.195 , 0
1.0205e-05 , 10.205 , 0
1.0215e-05 , 10.215 , 0
1.0225e-05 , 10.225 , 0
1.0235e-05 , 10.235 , 0
1.0245e-05 , 10.245 , 0
1.0255e-05 , 10.255 , 0
1.0265e-05 , 10.265 , 0
1.0275e-05 , 10.275 , 0
1.0285e-05 , 10.285 , 0
1.0295e-05 , 10.295 , 0
1.0305e-05 , 10.305 , 0
1.0315e-05 , 10.315 , 0
1.0325e-05 , 10.325 , 0
1.0335e-05 , 10.335 , 0
1.0345e-05 , 10.345 , 0
1.0355e-05 , 10.355 , 0
1.0365e-05 , 10.365 , 0
1.0375e-05 , 10.375 , 0
1.0385e-05 , 10.385 , 0
1.0395e-05 , 10.395 , 0
1.0405e-05 , 10.405 , 0
1.0415e-05 , 10.415 , 0
1.0425e-05 , 10.425 , 0
1.0435e-05 , 10.435 , 0
1.0445e-05 , 10.445 , 0
1.0455e-05 , 10.455 , 0
1.0465e-05 , 10.465 , 0
1.0475e-05 , 10.475 , 0
1.0485e-05 , 10.485 , 0
1.0495e-05 , 10.495 , 0
1.0505e-05 , 10.505 , 0
1.0515e-05 , 10.515 , 0
1.0525e-05 , 10.525 , 0
1.0535e-05 , 10.535 , 0
1.0545e-05 , 10.545 , 0
1.0555e-05 , 10.555 , 0
1.0565e-05 , 10.565 , 0
1.0575e-05 , 10.575 , 0
1.0585e-05 , 10.585 , 0
1.0595e-05 , 10.595 , 0
1.0605e-05 , 10.605 , 0
1.0615e-05 , 10.615 , 0
1.0625e-05 , 10.625 , 0
1.0635e-05 , 10.635 , 0
1.0645e-05 , 10.645 , 0
1.0655e-05 , 10.655 , 0
1.0665e-05 , 10.665 , 0
1.0675e-05 , 10.675 , 0
1.0685e-05 , 10.685 , 0
1.0695e-05 , 10.695 , 0
1.0705e-05 , 10.705 , 0
1.0715e-05 , 10.715 , 0
1.0725e-05 , 10.725 , 0
1.0735e-05 , 10.735 , 0
1.0745e-05 , 10.745 , 0
1.0755e-05 , 10.755 , 0
1.0765e-05 , 10.765 , 0
1.0775e-05 , 10.775 , 0
1.0785e-05 , 10.785 , 0
1.0795e-05 , 10.795 , 0
1.0805e-05 , 10.805 , 0
1.0815e-05 , 10.815 , 0
1.0825e-05 , 10.825 , 0
1.0835e-05 , 10.835 , 0
1.0845e-05 , 10.845 , 0
1.0855e-05 , 10.855 , 0
1.0865e-05 , 10.865 , 0
1.0875e-05 , 10.875 , 0
1.0885e-05 , 10.885 , 0
1.0895e-05 , 10.895 , 0
1.0905e-05 , 10.905 , 0
1.0915e-05 , 10.915 , 0
1.0925e-05 , 10.925 , 0
1.0935e-05 , 10.935 , 0
1.0945e-05 , 10.945 , 0
1.0955e-05 , 10.955 , 0
1.0965e-05 , 10.965 , 0
1.0975e-05 , 10.975 , 0
1.0985e-05 , 10.985 , 0
1.0995e-05 , 10.995 , 0
1.1005e-05 , 11.005 , 0
1.1015e-05 , 11.015 , 0
1.1025e-05 , 11.025 , 0
1.1035e-05 , 11.035 , 0
1.1045e-05 , 11.045 , 0
1.1055e-05 , 11.055 , 0
1.1065e-05 , 11.065 , 0
1.1075e-05 , 11.075 , 0
1.1085e-05 , 11.085 , 0
1.1095e-05 , 11.095 , 0
1.1105e-05 , 11.105 , 0
1.1115e-05 , 11.115 , 0
1.1125e-05 , 11.125 , 0
1.1135e-05 , 11.135 , 0
1.1145e-05 , 11.145 , 0
1.1155e-05 , 11.155 , 0
1.1165e-05 , 11.165 , 0
1.1175e-05 , 11.175 , 0
1.1185e-05 , 11.185 , 0
1.1195e-05 , 11.195 , 0
1.1205e-05 , 11.205 , 0
1.1215e-05 , 11.215 , 0
1.1225e-05 , 11.225 , 0
1.1235e-05 , 11.235 , 0
1.1245e-05 , 11.245 , 0
1.1255e-05 , 11.255 , 0
1.1265e-05 , 11.265 , 0
1.1275e-05 , 11.275 , 0
1.1285e-05 , 11.285 , 0
1.1295e-05 , 11.295 , 0
1.1305e-05 , 11.305 , 0
1.1315e-05 , 11.315 , 0
1.1325e-05 , 11.325 , 0
1.1335e-05 , 11.335 , 0
1.1345e-05 , 11.345 , 0
1.1355e-05 , 11.355 , 0
1.1365e-05 , 11.365 , 0
1.1375e-05 , 11.375 , 0
1.1385e-05 , 11.385 , 0
1.1395e-05 , 11.395 , 0
1.1405e-05 , 11.405 , 0
1.1415e-05 , 11.415 , 0
1.1425e-05 , 11.425 , 0
1.1435e-05 , 11.435 , 0
1.1445e-05 , 11.445 , 0
1.1455e-05 , 11.455 , 0
1.1465e-05 , 11.465 , 0
1.1475e-05 , 11.475 , 0
1.1485e-05 , 11.485 , 0
1.1495e-05 , 11.495 , 0
1.1505e-05 , 11.505 , 0
1.1515e-05 , 11.515 , 0
1.1525e-05 , 11.525 , 0
1.1535e-05 , 11.535 , 0
1.1545e-05 , 11.545 , 0
1.1555e-05 , 11.555 , 0
1.1565e-05 , 11.565 , 0
1.1575e-05 , 11.575 , 0
1.1585e-05 , 11.585 , 0
1.1595e-05 , 11.595 , 0
1.1605e-05 , 11.605 , 0
1.1615e-05 , 11.615 , 0
1.1625e-05 , 11.625 , 0
1.1635e-05 , 11.635 , 0
1.1645e-05 , 11.645 , 0
1.1655e-05 , 11.655 , 0
1.1665e-05 , 11.665 , 0
1.1675e-05 , 11.675 , 0
1.1685e-05 , 11.685 , 0
1.1695e-05 , 11.695 , 0
1.1705e-05 , 11.705 , 0
1.1715e-05 , 11.715 , 0
1.1725e-05 , 11.725 , 0
1.1735e-05 , 11.735 , 0
1.1745e-05 , 11.745 , 0
1.1755e-05 , 11.755 , 0
1.1765e-05 , 11.765 , 0
1.1775e-05 , 11.775 , 0
1.1785e-05 , 11.785 , 0
1.1795e-05 , 11.795 , 0
1.1805e-05 , 11.805 , 0
1.1815e-05 , 11.815 , 0
1.1825e-05 , 11.825 , 0
1.1835e-05 , 11.835 , 0
1.1845e-05 , 11.845 , 0
1.1855e-05 , 11.855 , 0
1.1865e-05 , 11.865 , 0
1.1875e-05 , 11.875 , 0
1.1885e-05 , 11.885 , 0
1.1895e-05 , 11.895 , 0
1.1905e-05 , 11.905 , 0
1.1915e-05 , 11.915 , 0
1.1925e-05 , 11.925 , 0
1.1935e-05 , 11.935 , 0
1.1945e-05 , 11.945 , 0
1.1955e-05 , 11.955 , 0
1.1965e-05 , 11.965 , 0
1.1975e-05 , 11.975 , 0
1.1985e-05 , 11.985 , 0
1.1995e-05 , 11.995 , 0
1.2005e-05 , 12.005 , 0
