# E , E*1e6 , oo_FURFURAL_NOROT/hexitj1_1.root_EforwardInteg.csv , 1201
-5e-09 , -0.005 , 1000
5e-09 , 0.005 , 1000
1.5e-08 , 0.015 , 600
2.5e-08 , 0.025 , 594
3.5e-08 , 0.035 , 589
4.5e-08 , 0.045 , 585
5.5e-08 , 0.055 , 585
6.5e-08 , 0.065 , 585
7.5e-08 , 0.075 , 584
8.5e-08 , 0.085 , 582
9.5e-08 , 0.095 , 580
1.05e-07 , 0.105 , 578
1.15e-07 , 0.115 , 577
1.25e-07 , 0.125 , 577
1.35e-07 , 0.135 , 575
1.45e-07 , 0.145 , 575
1.55e-07 , 0.155 , 575
1.65e-07 , 0.165 , 572
1.75e-07 , 0.175 , 571
1.85e-07 , 0.185 , 571
1.95e-07 , 0.195 , 571
2.05e-07 , 0.205 , 570
2.15e-07 , 0.215 , 569
2.25e-07 , 0.225 , 567
2.35e-07 , 0.235 , 565
2.45e-07 , 0.245 , 564
2.55e-07 , 0.255 , 564
2.65e-07 , 0.265 , 563
2.75e-07 , 0.275 , 562
2.85e-07 , 0.285 , 562
2.95e-07 , 0.295 , 562
3.05e-07 , 0.305 , 562
3.15e-07 , 0.315 , 562
3.25e-07 , 0.325 , 561
3.35e-07 , 0.335 , 560
3.45e-07 , 0.345 , 560
3.55e-07 , 0.355 , 560
3.65e-07 , 0.365 , 559
3.75e-07 , 0.375 , 558
3.85e-07 , 0.385 , 558
3.95e-07 , 0.395 , 558
4.05e-07 , 0.405 , 558
4.15e-07 , 0.415 , 558
4.25e-07 , 0.425 , 556
4.35e-07 , 0.435 , 555
4.45e-07 , 0.445 , 554
4.55e-07 , 0.455 , 554
4.65e-07 , 0.465 , 553
4.75e-07 , 0.475 , 553
4.85e-07 , 0.485 , 553
4.95e-07 , 0.495 , 553
5.05e-07 , 0.505 , 553
5.15e-07 , 0.515 , 553
5.25e-07 , 0.525 , 553
5.35e-07 , 0.535 , 553
5.45e-07 , 0.545 , 552
5.55e-07 , 0.555 , 551
5.65e-07 , 0.565 , 551
5.75e-07 , 0.575 , 551
5.85e-07 , 0.585 , 551
5.95e-07 , 0.595 , 551
6.05e-07 , 0.605 , 551
6.15e-07 , 0.615 , 551
6.25e-07 , 0.625 , 550
6.35e-07 , 0.635 , 550
6.45e-07 , 0.645 , 550
6.55e-07 , 0.655 , 550
6.65e-07 , 0.665 , 550
6.75e-07 , 0.675 , 550
6.85e-07 , 0.685 , 550
6.95e-07 , 0.695 , 548
7.05e-07 , 0.705 , 548
7.15e-07 , 0.715 , 547
7.25e-07 , 0.725 , 547
7.35e-07 , 0.735 , 547
7.45e-07 , 0.745 , 547
7.55e-07 , 0.755 , 547
7.65e-07 , 0.765 , 547
7.75e-07 , 0.775 , 547
7.85e-07 , 0.785 , 547
7.95e-07 , 0.795 , 547
8.05e-07 , 0.805 , 546
8.15e-07 , 0.815 , 546
8.25e-07 , 0.825 , 546
8.35e-07 , 0.835 , 546
8.45e-07 , 0.845 , 546
8.55e-07 , 0.855 , 546
8.65e-07 , 0.865 , 546
8.75e-07 , 0.875 , 546
8.85e-07 , 0.885 , 546
8.95e-07 , 0.895 , 545
9.05e-07 , 0.905 , 545
9.15e-07 , 0.915 , 545
9.25e-07 , 0.925 , 544
9.35e-07 , 0.935 , 544
9.45e-07 , 0.945 , 543
9.55e-07 , 0.955 , 543
9.65e-07 , 0.965 , 543
9.75e-07 , 0.975 , 542
9.85e-07 , 0.985 , 541
9.95e-07 , 0.995 , 541
1.005e-06 , 1.005 , 541
1.015e-06 , 1.015 , 541
1.025e-06 , 1.025 , 541
1.035e-06 , 1.035 , 540
1.045e-06 , 1.045 , 540
1.055e-06 , 1.055 , 540
1.065e-06 , 1.065 , 539
1.075e-06 , 1.075 , 537
1.085e-06 , 1.085 , 537
1.095e-06 , 1.095 , 537
1.105e-06 , 1.105 , 537
1.115e-06 , 1.115 , 537
1.125e-06 , 1.125 , 536
1.135e-06 , 1.135 , 536
1.145e-06 , 1.145 , 536
1.155e-06 , 1.155 , 536
1.165e-06 , 1.165 , 536
1.175e-06 , 1.175 , 536
1.185e-06 , 1.185 , 536
1.195e-06 , 1.195 , 536
1.205e-06 , 1.205 , 534
1.215e-06 , 1.215 , 534
1.225e-06 , 1.225 , 534
1.235e-06 , 1.235 , 533
1.245e-06 , 1.245 , 533
1.255e-06 , 1.255 , 532
1.265e-06 , 1.265 , 531
1.275e-06 , 1.275 , 530
1.285e-06 , 1.285 , 530
1.295e-06 , 1.295 , 529
1.305e-06 , 1.305 , 529
1.315e-06 , 1.315 , 528
1.325e-06 , 1.325 , 527
1.335e-06 , 1.335 , 526
1.345e-06 , 1.345 , 526
1.355e-06 , 1.355 , 526
1.365e-06 , 1.365 , 526
1.375e-06 , 1.375 , 526
1.385e-06 , 1.385 , 526
1.395e-06 , 1.395 , 526
1.405e-06 , 1.405 , 526
1.415e-06 , 1.415 , 526
1.425e-06 , 1.425 , 525
1.435e-06 , 1.435 , 524
1.445e-06 , 1.445 , 524
1.455e-06 , 1.455 , 523
1.465e-06 , 1.465 , 523
1.475e-06 , 1.475 , 522
1.485e-06 , 1.485 , 522
1.495e-06 , 1.495 , 522
1.505e-06 , 1.505 , 521
1.515e-06 , 1.515 , 521
1.525e-06 , 1.525 , 521
1.535e-06 , 1.535 , 521
1.545e-06 , 1.545 , 520
1.555e-06 , 1.555 , 520
1.565e-06 , 1.565 , 520
1.575e-06 , 1.575 , 519
1.585e-06 , 1.585 , 519
1.595e-06 , 1.595 , 519
1.605e-06 , 1.605 , 519
1.615e-06 , 1.615 , 519
1.625e-06 , 1.625 , 519
1.635e-06 , 1.635 , 519
1.645e-06 , 1.645 , 519
1.655e-06 , 1.655 , 519
1.665e-06 , 1.665 , 519
1.675e-06 , 1.675 , 519
1.685e-06 , 1.685 , 518
1.695e-06 , 1.695 , 518
1.705e-06 , 1.705 , 517
1.715e-06 , 1.715 , 517
1.725e-06 , 1.725 , 517
1.735e-06 , 1.735 , 517
1.745e-06 , 1.745 , 517
1.755e-06 , 1.755 , 515
1.765e-06 , 1.765 , 515
1.775e-06 , 1.775 , 515
1.785e-06 , 1.785 , 514
1.795e-06 , 1.795 , 513
1.805e-06 , 1.805 , 513
1.815e-06 , 1.815 , 511
1.825e-06 , 1.825 , 511
1.835e-06 , 1.835 , 511
1.845e-06 , 1.845 , 511
1.855e-06 , 1.855 , 511
1.865e-06 , 1.865 , 510
1.875e-06 , 1.875 , 508
1.885e-06 , 1.885 , 508
1.895e-06 , 1.895 , 506
1.905e-06 , 1.905 , 506
1.915e-06 , 1.915 , 506
1.925e-06 , 1.925 , 506
1.935e-06 , 1.935 , 506
1.945e-06 , 1.945 , 506
1.955e-06 , 1.955 , 506
1.965e-06 , 1.965 , 505
1.975e-06 , 1.975 , 503
1.985e-06 , 1.985 , 503
1.995e-06 , 1.995 , 503
2.005e-06 , 2.005 , 503
2.015e-06 , 2.015 , 503
2.025e-06 , 2.025 , 503
2.035e-06 , 2.035 , 503
2.045e-06 , 2.045 , 503
2.055e-06 , 2.055 , 503
2.065e-06 , 2.065 , 502
2.075e-06 , 2.075 , 501
2.085e-06 , 2.085 , 500
2.095e-06 , 2.095 , 499
2.105e-06 , 2.105 , 499
2.115e-06 , 2.115 , 499
2.125e-06 , 2.125 , 498
2.135e-06 , 2.135 , 498
2.145e-06 , 2.145 , 498
2.155e-06 , 2.155 , 498
2.165e-06 , 2.165 , 498
2.175e-06 , 2.175 , 497
2.185e-06 , 2.185 , 497
2.195e-06 , 2.195 , 497
2.205e-06 , 2.205 , 497
2.215e-06 , 2.215 , 497
2.225e-06 , 2.225 , 497
2.235e-06 , 2.235 , 496
2.245e-06 , 2.245 , 496
2.255e-06 , 2.255 , 496
2.265e-06 , 2.265 , 496
2.275e-06 , 2.275 , 496
2.285e-06 , 2.285 , 495
2.295e-06 , 2.295 , 495
2.305e-06 , 2.305 , 495
2.315e-06 , 2.315 , 495
2.325e-06 , 2.325 , 495
2.335e-06 , 2.335 , 495
2.345e-06 , 2.345 , 495
2.355e-06 , 2.355 , 495
2.365e-06 , 2.365 , 494
2.375e-06 , 2.375 , 494
2.385e-06 , 2.385 , 494
2.395e-06 , 2.395 , 494
2.405e-06 , 2.405 , 494
2.415e-06 , 2.415 , 494
2.425e-06 , 2.425 , 494
2.435e-06 , 2.435 , 493
2.445e-06 , 2.445 , 492
2.455e-06 , 2.455 , 491
2.465e-06 , 2.465 , 491
2.475e-06 , 2.475 , 491
2.485e-06 , 2.485 , 491
2.495e-06 , 2.495 , 491
2.505e-06 , 2.505 , 491
2.515e-06 , 2.515 , 491
2.525e-06 , 2.525 , 491
2.535e-06 , 2.535 , 489
2.545e-06 , 2.545 , 489
2.555e-06 , 2.555 , 488
2.565e-06 , 2.565 , 486
2.575e-06 , 2.575 , 486
2.585e-06 , 2.585 , 486
2.595e-06 , 2.595 , 486
2.605e-06 , 2.605 , 486
2.615e-06 , 2.615 , 486
2.625e-06 , 2.625 , 486
2.635e-06 , 2.635 , 486
2.645e-06 , 2.645 , 486
2.655e-06 , 2.655 , 486
2.665e-06 , 2.665 , 486
2.675e-06 , 2.675 , 486
2.685e-06 , 2.685 , 485
2.695e-06 , 2.695 , 485
2.705e-06 , 2.705 , 485
2.715e-06 , 2.715 , 485
2.725e-06 , 2.725 , 485
2.735e-06 , 2.735 , 484
2.745e-06 , 2.745 , 483
2.755e-06 , 2.755 , 481
2.765e-06 , 2.765 , 481
2.775e-06 , 2.775 , 480
2.785e-06 , 2.785 , 480
2.795e-06 , 2.795 , 480
2.805e-06 , 2.805 , 480
2.815e-06 , 2.815 , 480
2.825e-06 , 2.825 , 480
2.835e-06 , 2.835 , 480
2.845e-06 , 2.845 , 478
2.855e-06 , 2.855 , 478
2.865e-06 , 2.865 , 478
2.875e-06 , 2.875 , 478
2.885e-06 , 2.885 , 478
2.895e-06 , 2.895 , 478
2.905e-06 , 2.905 , 478
2.915e-06 , 2.915 , 476
2.925e-06 , 2.925 , 475
2.935e-06 , 2.935 , 475
2.945e-06 , 2.945 , 475
2.955e-06 , 2.955 , 475
2.965e-06 , 2.965 , 475
2.975e-06 , 2.975 , 475
2.985e-06 , 2.985 , 475
2.995e-06 , 2.995 , 474
3.005e-06 , 3.005 , 474
3.015e-06 , 3.015 , 473
3.025e-06 , 3.025 , 473
3.035e-06 , 3.035 , 473
3.045e-06 , 3.045 , 473
3.055e-06 , 3.055 , 472
3.065e-06 , 3.065 , 471
3.075e-06 , 3.075 , 470
3.085e-06 , 3.085 , 470
3.095e-06 , 3.095 , 470
3.105e-06 , 3.105 , 470
3.115e-06 , 3.115 , 468
3.125e-06 , 3.125 , 468
3.135e-06 , 3.135 , 468
3.145e-06 , 3.145 , 466
3.155e-06 , 3.155 , 464
3.165e-06 , 3.165 , 464
3.175e-06 , 3.175 , 464
3.185e-06 , 3.185 , 464
3.195e-06 , 3.195 , 463
3.205e-06 , 3.205 , 463
3.215e-06 , 3.215 , 463
3.225e-06 , 3.225 , 462
3.235e-06 , 3.235 , 461
3.245e-06 , 3.245 , 460
3.255e-06 , 3.255 , 460
3.265e-06 , 3.265 , 460
3.275e-06 , 3.275 , 460
3.285e-06 , 3.285 , 460
3.295e-06 , 3.295 , 459
3.305e-06 , 3.305 , 457
3.315e-06 , 3.315 , 457
3.325e-06 , 3.325 , 457
3.335e-06 , 3.335 , 455
3.345e-06 , 3.345 , 455
3.355e-06 , 3.355 , 454
3.365e-06 , 3.365 , 454
3.375e-06 , 3.375 , 454
3.385e-06 , 3.385 , 454
3.395e-06 , 3.395 , 454
3.405e-06 , 3.405 , 454
3.415e-06 , 3.415 , 454
3.425e-06 , 3.425 , 454
3.435e-06 , 3.435 , 454
3.445e-06 , 3.445 , 454
3.455e-06 , 3.455 , 453
3.465e-06 , 3.465 , 453
3.475e-06 , 3.475 , 453
3.485e-06 , 3.485 , 452
3.495e-06 , 3.495 , 452
3.505e-06 , 3.505 , 452
3.515e-06 , 3.515 , 452
3.525e-06 , 3.525 , 451
3.535e-06 , 3.535 , 451
3.545e-06 , 3.545 , 450
3.555e-06 , 3.555 , 449
3.565e-06 , 3.565 , 448
3.575e-06 , 3.575 , 448
3.585e-06 , 3.585 , 447
3.595e-06 , 3.595 , 447
3.605e-06 , 3.605 , 443
3.615e-06 , 3.615 , 443
3.625e-06 , 3.625 , 443
3.635e-06 , 3.635 , 443
3.645e-06 , 3.645 , 443
3.655e-06 , 3.655 , 443
3.665e-06 , 3.665 , 442
3.675e-06 , 3.675 , 442
3.685e-06 , 3.685 , 441
3.695e-06 , 3.695 , 441
3.705e-06 , 3.705 , 441
3.715e-06 , 3.715 , 441
3.725e-06 , 3.725 , 441
3.735e-06 , 3.735 , 441
3.745e-06 , 3.745 , 441
3.755e-06 , 3.755 , 440
3.765e-06 , 3.765 , 440
3.775e-06 , 3.775 , 440
3.785e-06 , 3.785 , 440
3.795e-06 , 3.795 , 440
3.805e-06 , 3.805 , 440
3.815e-06 , 3.815 , 440
3.825e-06 , 3.825 , 440
3.835e-06 , 3.835 , 440
3.845e-06 , 3.845 , 440
3.855e-06 , 3.855 , 440
3.865e-06 , 3.865 , 440
3.875e-06 , 3.875 , 440
3.885e-06 , 3.885 , 440
3.895e-06 , 3.895 , 440
3.905e-06 , 3.905 , 439
3.915e-06 , 3.915 , 438
3.925e-06 , 3.925 , 438
3.935e-06 , 3.935 , 438
3.945e-06 , 3.945 , 438
3.955e-06 , 3.955 , 438
3.965e-06 , 3.965 , 438
3.975e-06 , 3.975 , 438
3.985e-06 , 3.985 , 437
3.995e-06 , 3.995 , 437
4.005e-06 , 4.005 , 437
4.015e-06 , 4.015 , 437
4.025e-06 , 4.025 , 437
4.035e-06 , 4.035 , 437
4.045e-06 , 4.045 , 436
4.055e-06 , 4.055 , 436
4.065e-06 , 4.065 , 436
4.075e-06 , 4.075 , 434
4.085e-06 , 4.085 , 433
4.095e-06 , 4.095 , 433
4.105e-06 , 4.105 , 433
4.115e-06 , 4.115 , 433
4.125e-06 , 4.125 , 433
4.135e-06 , 4.135 , 432
4.145e-06 , 4.145 , 431
4.155e-06 , 4.155 , 431
4.165e-06 , 4.165 , 430
4.175e-06 , 4.175 , 430
4.185e-06 , 4.185 , 430
4.195e-06 , 4.195 , 430
4.205e-06 , 4.205 , 430
4.215e-06 , 4.215 , 429
4.225e-06 , 4.225 , 428
4.235e-06 , 4.235 , 428
4.245e-06 , 4.245 , 428
4.255e-06 , 4.255 , 428
4.265e-06 , 4.265 , 428
4.275e-06 , 4.275 , 427
4.285e-06 , 4.285 , 426
4.295e-06 , 4.295 , 426
4.305e-06 , 4.305 , 426
4.315e-06 , 4.315 , 426
4.325e-06 , 4.325 , 425
4.335e-06 , 4.335 , 425
4.345e-06 , 4.345 , 425
4.355e-06 , 4.355 , 425
4.365e-06 , 4.365 , 424
4.375e-06 , 4.375 , 424
4.385e-06 , 4.385 , 424
4.395e-06 , 4.395 , 423
4.405e-06 , 4.405 , 423
4.415e-06 , 4.415 , 423
4.425e-06 , 4.425 , 422
4.435e-06 , 4.435 , 420
4.445e-06 , 4.445 , 420
4.455e-06 , 4.455 , 420
4.465e-06 , 4.465 , 420
4.475e-06 , 4.475 , 420
4.485e-06 , 4.485 , 420
4.495e-06 , 4.495 , 419
4.505e-06 , 4.505 , 418
4.515e-06 , 4.515 , 418
4.525e-06 , 4.525 , 418
4.535e-06 , 4.535 , 418
4.545e-06 , 4.545 , 418
4.555e-06 , 4.555 , 418
4.565e-06 , 4.565 , 417
4.575e-06 , 4.575 , 417
4.585e-06 , 4.585 , 417
4.595e-06 , 4.595 , 416
4.605e-06 , 4.605 , 416
4.615e-06 , 4.615 , 415
4.625e-06 , 4.625 , 415
4.635e-06 , 4.635 , 414
4.645e-06 , 4.645 , 414
4.655e-06 , 4.655 , 413
4.665e-06 , 4.665 , 412
4.675e-06 , 4.675 , 411
4.685e-06 , 4.685 , 410
4.695e-06 , 4.695 , 410
4.705e-06 , 4.705 , 410
4.715e-06 , 4.715 , 410
4.725e-06 , 4.725 , 409
4.735e-06 , 4.735 , 408
4.745e-06 , 4.745 , 408
4.755e-06 , 4.755 , 408
4.765e-06 , 4.765 , 407
4.775e-06 , 4.775 , 406
4.785e-06 , 4.785 , 406
4.795e-06 , 4.795 , 406
4.805e-06 , 4.805 , 406
4.815e-06 , 4.815 , 405
4.825e-06 , 4.825 , 401
4.835e-06 , 4.835 , 400
4.845e-06 , 4.845 , 399
4.855e-06 , 4.855 , 399
4.865e-06 , 4.865 , 399
4.875e-06 , 4.875 , 399
4.885e-06 , 4.885 , 398
4.895e-06 , 4.895 , 398
4.905e-06 , 4.905 , 397
4.915e-06 , 4.915 , 397
4.925e-06 , 4.925 , 397
4.935e-06 , 4.935 , 397
4.945e-06 , 4.945 , 397
4.955e-06 , 4.955 , 396
4.965e-06 , 4.965 , 396
4.975e-06 , 4.975 , 396
4.985e-06 , 4.985 , 396
4.995e-06 , 4.995 , 396
5.005e-06 , 5.005 , 396
5.015e-06 , 5.015 , 396
5.025e-06 , 5.025 , 396
5.035e-06 , 5.035 , 395
5.045e-06 , 5.045 , 394
5.055e-06 , 5.055 , 394
5.065e-06 , 5.065 , 393
5.075e-06 , 5.075 , 392
5.085e-06 , 5.085 , 391
5.095e-06 , 5.095 , 391
5.105e-06 , 5.105 , 391
5.115e-06 , 5.115 , 391
5.125e-06 , 5.125 , 390
5.135e-06 , 5.135 , 390
5.145e-06 , 5.145 , 386
5.155e-06 , 5.155 , 386
5.165e-06 , 5.165 , 386
5.175e-06 , 5.175 , 386
5.185e-06 , 5.185 , 386
5.195e-06 , 5.195 , 386
5.205e-06 , 5.205 , 386
5.215e-06 , 5.215 , 386
5.225e-06 , 5.225 , 386
5.235e-06 , 5.235 , 386
5.245e-06 , 5.245 , 386
5.255e-06 , 5.255 , 382
5.265e-06 , 5.265 , 382
5.275e-06 , 5.275 , 382
5.285e-06 , 5.285 , 382
5.295e-06 , 5.295 , 381
5.305e-06 , 5.305 , 381
5.315e-06 , 5.315 , 381
5.325e-06 , 5.325 , 381
5.335e-06 , 5.335 , 381
5.345e-06 , 5.345 , 380
5.355e-06 , 5.355 , 378
5.365e-06 , 5.365 , 378
5.375e-06 , 5.375 , 378
5.385e-06 , 5.385 , 377
5.395e-06 , 5.395 , 377
5.405e-06 , 5.405 , 376
5.415e-06 , 5.415 , 376
5.425e-06 , 5.425 , 374
5.435e-06 , 5.435 , 374
5.445e-06 , 5.445 , 374
5.455e-06 , 5.455 , 374
5.465e-06 , 5.465 , 373
5.475e-06 , 5.475 , 373
5.485e-06 , 5.485 , 373
5.495e-06 , 5.495 , 373
5.505e-06 , 5.505 , 373
5.515e-06 , 5.515 , 373
5.525e-06 , 5.525 , 373
5.535e-06 , 5.535 , 373
5.545e-06 , 5.545 , 373
5.555e-06 , 5.555 , 371
5.565e-06 , 5.565 , 369
5.575e-06 , 5.575 , 368
5.585e-06 , 5.585 , 367
5.595e-06 , 5.595 , 367
5.605e-06 , 5.605 , 367
5.615e-06 , 5.615 , 367
5.625e-06 , 5.625 , 366
5.635e-06 , 5.635 , 366
5.645e-06 , 5.645 , 365
5.655e-06 , 5.655 , 365
5.665e-06 , 5.665 , 365
5.675e-06 , 5.675 , 364
5.685e-06 , 5.685 , 364
5.695e-06 , 5.695 , 364
5.705e-06 , 5.705 , 364
5.715e-06 , 5.715 , 363
5.725e-06 , 5.725 , 363
5.735e-06 , 5.735 , 363
5.745e-06 , 5.745 , 362
5.755e-06 , 5.755 , 362
5.765e-06 , 5.765 , 360
5.775e-06 , 5.775 , 360
5.785e-06 , 5.785 , 360
5.795e-06 , 5.795 , 360
5.805e-06 , 5.805 , 360
5.815e-06 , 5.815 , 359
5.825e-06 , 5.825 , 358
5.835e-06 , 5.835 , 358
5.845e-06 , 5.845 , 358
5.855e-06 , 5.855 , 358
5.865e-06 , 5.865 , 357
5.875e-06 , 5.875 , 356
5.885e-06 , 5.885 , 355
5.895e-06 , 5.895 , 355
5.905e-06 , 5.905 , 354
5.915e-06 , 5.915 , 354
5.925e-06 , 5.925 , 354
5.935e-06 , 5.935 , 354
5.945e-06 , 5.945 , 354
5.955e-06 , 5.955 , 354
5.965e-06 , 5.965 , 354
5.975e-06 , 5.975 , 354
5.985e-06 , 5.985 , 354
5.995e-06 , 5.995 , 353
6.005e-06 , 6.005 , 353
6.015e-06 , 6.015 , 353
6.025e-06 , 6.025 , 352
6.035e-06 , 6.035 , 352
6.045e-06 , 6.045 , 352
6.055e-06 , 6.055 , 352
6.065e-06 , 6.065 , 351
6.075e-06 , 6.075 , 349
6.085e-06 , 6.085 , 349
6.095e-06 , 6.095 , 348
6.105e-06 , 6.105 , 348
6.115e-06 , 6.115 , 348
6.125e-06 , 6.125 , 347
6.135e-06 , 6.135 , 347
6.145e-06 , 6.145 , 347
6.155e-06 , 6.155 , 346
6.165e-06 , 6.165 , 344
6.175e-06 , 6.175 , 344
6.185e-06 , 6.185 , 343
6.195e-06 , 6.195 , 343
6.205e-06 , 6.205 , 343
6.215e-06 , 6.215 , 342
6.225e-06 , 6.225 , 341
6.235e-06 , 6.235 , 341
6.245e-06 , 6.245 , 341
6.255e-06 , 6.255 , 340
6.265e-06 , 6.265 , 340
6.275e-06 , 6.275 , 340
6.285e-06 , 6.285 , 339
6.295e-06 , 6.295 , 338
6.305e-06 , 6.305 , 338
6.315e-06 , 6.315 , 338
6.325e-06 , 6.325 , 338
6.335e-06 , 6.335 , 337
6.345e-06 , 6.345 , 334
6.355e-06 , 6.355 , 334
6.365e-06 , 6.365 , 334
6.375e-06 , 6.375 , 334
6.385e-06 , 6.385 , 334
6.395e-06 , 6.395 , 334
6.405e-06 , 6.405 , 334
6.415e-06 , 6.415 , 334
6.425e-06 , 6.425 , 334
6.435e-06 , 6.435 , 334
6.445e-06 , 6.445 , 334
6.455e-06 , 6.455 , 334
6.465e-06 , 6.465 , 334
6.475e-06 , 6.475 , 333
6.485e-06 , 6.485 , 332
6.495e-06 , 6.495 , 332
6.505e-06 , 6.505 , 332
6.515e-06 , 6.515 , 332
6.525e-06 , 6.525 , 331
6.535e-06 , 6.535 , 331
6.545e-06 , 6.545 , 330
6.555e-06 , 6.555 , 329
6.565e-06 , 6.565 , 329
6.575e-06 , 6.575 , 329
6.585e-06 , 6.585 , 329
6.595e-06 , 6.595 , 329
6.605e-06 , 6.605 , 329
6.615e-06 , 6.615 , 329
6.625e-06 , 6.625 , 329
6.635e-06 , 6.635 , 328
6.645e-06 , 6.645 , 328
6.655e-06 , 6.655 , 328
6.665e-06 , 6.665 , 325
6.675e-06 , 6.675 , 325
6.685e-06 , 6.685 , 325
6.695e-06 , 6.695 , 325
6.705e-06 , 6.705 , 325
6.715e-06 , 6.715 , 325
6.725e-06 , 6.725 , 325
6.735e-06 , 6.735 , 323
6.745e-06 , 6.745 , 323
6.755e-06 , 6.755 , 323
6.765e-06 , 6.765 , 322
6.775e-06 , 6.775 , 321
6.785e-06 , 6.785 , 321
6.795e-06 , 6.795 , 321
6.805e-06 , 6.805 , 321
6.815e-06 , 6.815 , 321
6.825e-06 , 6.825 , 321
6.835e-06 , 6.835 , 321
6.845e-06 , 6.845 , 321
6.855e-06 , 6.855 , 321
6.865e-06 , 6.865 , 321
6.875e-06 , 6.875 , 321
6.885e-06 , 6.885 , 321
6.895e-06 , 6.895 , 321
6.905e-06 , 6.905 , 321
6.915e-06 , 6.915 , 321
6.925e-06 , 6.925 , 321
6.935e-06 , 6.935 , 319
6.945e-06 , 6.945 , 318
6.955e-06 , 6.955 , 318
6.965e-06 , 6.965 , 316
6.975e-06 , 6.975 , 315
6.985e-06 , 6.985 , 315
6.995e-06 , 6.995 , 314
7.005e-06 , 7.005 , 314
7.015e-06 , 7.015 , 314
7.025e-06 , 7.025 , 314
7.035e-06 , 7.035 , 314
7.045e-06 , 7.045 , 313
7.055e-06 , 7.055 , 312
7.065e-06 , 7.065 , 312
7.075e-06 , 7.075 , 311
7.085e-06 , 7.085 , 311
7.095e-06 , 7.095 , 310
7.105e-06 , 7.105 , 310
7.115e-06 , 7.115 , 308
7.125e-06 , 7.125 , 308
7.135e-06 , 7.135 , 307
7.145e-06 , 7.145 , 307
7.155e-06 , 7.155 , 307
7.165e-06 , 7.165 , 307
7.175e-06 , 7.175 , 307
7.185e-06 , 7.185 , 305
7.195e-06 , 7.195 , 305
7.205e-06 , 7.205 , 305
7.215e-06 , 7.215 , 305
7.225e-06 , 7.225 , 304
7.235e-06 , 7.235 , 304
7.245e-06 , 7.245 , 304
7.255e-06 , 7.255 , 304
7.265e-06 , 7.265 , 304
7.275e-06 , 7.275 , 304
7.285e-06 , 7.285 , 303
7.295e-06 , 7.295 , 302
7.305e-06 , 7.305 , 302
7.315e-06 , 7.315 , 301
7.325e-06 , 7.325 , 300
7.335e-06 , 7.335 , 300
7.345e-06 , 7.345 , 300
7.355e-06 , 7.355 , 300
7.365e-06 , 7.365 , 300
7.375e-06 , 7.375 , 299
7.385e-06 , 7.385 , 299
7.395e-06 , 7.395 , 298
7.405e-06 , 7.405 , 297
7.415e-06 , 7.415 , 296
7.425e-06 , 7.425 , 296
7.435e-06 , 7.435 , 296
7.445e-06 , 7.445 , 296
7.455e-06 , 7.455 , 296
7.465e-06 , 7.465 , 296
7.475e-06 , 7.475 , 296
7.485e-06 , 7.485 , 294
7.495e-06 , 7.495 , 293
7.505e-06 , 7.505 , 293
7.515e-06 , 7.515 , 293
7.525e-06 , 7.525 , 293
7.535e-06 , 7.535 , 292
7.545e-06 , 7.545 , 292
7.555e-06 , 7.555 , 292
7.565e-06 , 7.565 , 292
7.575e-06 , 7.575 , 292
7.585e-06 , 7.585 , 291
7.595e-06 , 7.595 , 290
7.605e-06 , 7.605 , 289
7.615e-06 , 7.615 , 287
7.625e-06 , 7.625 , 287
7.635e-06 , 7.635 , 287
7.645e-06 , 7.645 , 287
7.655e-06 , 7.655 , 286
7.665e-06 , 7.665 , 286
7.675e-06 , 7.675 , 285
7.685e-06 , 7.685 , 285
7.695e-06 , 7.695 , 284
7.705e-06 , 7.705 , 284
7.715e-06 , 7.715 , 283
7.725e-06 , 7.725 , 282
7.735e-06 , 7.735 , 282
7.745e-06 , 7.745 , 282
7.755e-06 , 7.755 , 282
7.765e-06 , 7.765 , 281
7.775e-06 , 7.775 , 280
7.785e-06 , 7.785 , 280
7.795e-06 , 7.795 , 280
7.805e-06 , 7.805 , 279
7.815e-06 , 7.815 , 278
7.825e-06 , 7.825 , 276
7.835e-06 , 7.835 , 276
7.845e-06 , 7.845 , 275
7.855e-06 , 7.855 , 275
7.865e-06 , 7.865 , 273
7.875e-06 , 7.875 , 273
7.885e-06 , 7.885 , 272
7.895e-06 , 7.895 , 272
7.905e-06 , 7.905 , 271
7.915e-06 , 7.915 , 271
7.925e-06 , 7.925 , 269
7.935e-06 , 7.935 , 269
7.945e-06 , 7.945 , 267
7.955e-06 , 7.955 , 265
7.965e-06 , 7.965 , 263
7.975e-06 , 7.975 , 263
7.985e-06 , 7.985 , 262
7.995e-06 , 7.995 , 262
8.005e-06 , 8.005 , 261
8.015e-06 , 8.015 , 261
8.025e-06 , 8.025 , 259
8.035e-06 , 8.035 , 258
8.045e-06 , 8.045 , 258
8.055e-06 , 8.055 , 256
8.065e-06 , 8.065 , 256
8.075e-06 , 8.075 , 255
8.085e-06 , 8.085 , 254
8.095e-06 , 8.095 , 254
8.105e-06 , 8.105 , 253
8.115e-06 , 8.115 , 253
8.125e-06 , 8.125 , 251
8.135e-06 , 8.135 , 249
8.145e-06 , 8.145 , 249
8.155e-06 , 8.155 , 249
8.165e-06 , 8.165 , 249
8.175e-06 , 8.175 , 248
8.185e-06 , 8.185 , 248
8.195e-06 , 8.195 , 246
8.205e-06 , 8.205 , 246
8.215e-06 , 8.215 , 244
8.225e-06 , 8.225 , 244
8.235e-06 , 8.235 , 243
8.245e-06 , 8.245 , 242
8.255e-06 , 8.255 , 240
8.265e-06 , 8.265 , 240
8.275e-06 , 8.275 , 239
8.285e-06 , 8.285 , 238
8.295e-06 , 8.295 , 237
8.305e-06 , 8.305 , 237
8.315e-06 , 8.315 , 236
8.325e-06 , 8.325 , 235
8.335e-06 , 8.335 , 234
8.345e-06 , 8.345 , 233
8.355e-06 , 8.355 , 233
8.365e-06 , 8.365 , 233
8.375e-06 , 8.375 , 232
8.385e-06 , 8.385 , 230
8.395e-06 , 8.395 , 229
8.405e-06 , 8.405 , 228
8.415e-06 , 8.415 , 227
8.425e-06 , 8.425 , 226
8.435e-06 , 8.435 , 224
8.445e-06 , 8.445 , 224
8.455e-06 , 8.455 , 224
8.465e-06 , 8.465 , 223
8.475e-06 , 8.475 , 223
8.485e-06 , 8.485 , 223
8.495e-06 , 8.495 , 223
8.505e-06 , 8.505 , 222
8.515e-06 , 8.515 , 221
8.525e-06 , 8.525 , 221
8.535e-06 , 8.535 , 218
8.545e-06 , 8.545 , 216
8.555e-06 , 8.555 , 214
8.565e-06 , 8.565 , 213
8.575e-06 , 8.575 , 213
8.585e-06 , 8.585 , 212
8.595e-06 , 8.595 , 212
8.605e-06 , 8.605 , 211
8.615e-06 , 8.615 , 210
8.625e-06 , 8.625 , 208
8.635e-06 , 8.635 , 207
8.645e-06 , 8.645 , 204
8.655e-06 , 8.655 , 204
8.665e-06 , 8.665 , 203
8.675e-06 , 8.675 , 203
8.685e-06 , 8.685 , 203
8.695e-06 , 8.695 , 201
8.705e-06 , 8.705 , 200
8.715e-06 , 8.715 , 199
8.725e-06 , 8.725 , 198
8.735e-06 , 8.735 , 195
8.745e-06 , 8.745 , 194
8.755e-06 , 8.755 , 192
8.765e-06 , 8.765 , 191
8.775e-06 , 8.775 , 190
8.785e-06 , 8.785 , 189
8.795e-06 , 8.795 , 188
8.805e-06 , 8.805 , 186
8.815e-06 , 8.815 , 185
8.825e-06 , 8.825 , 184
8.835e-06 , 8.835 , 184
8.845e-06 , 8.845 , 181
8.855e-06 , 8.855 , 179
8.865e-06 , 8.865 , 178
8.875e-06 , 8.875 , 177
8.885e-06 , 8.885 , 172
8.895e-06 , 8.895 , 171
8.905e-06 , 8.905 , 170
8.915e-06 , 8.915 , 168
8.925e-06 , 8.925 , 167
8.935e-06 , 8.935 , 166
8.945e-06 , 8.945 , 166
8.955e-06 , 8.955 , 166
8.965e-06 , 8.965 , 164
8.975e-06 , 8.975 , 164
8.985e-06 , 8.985 , 161
8.995e-06 , 8.995 , 161
9.005e-06 , 9.005 , 159
9.015e-06 , 9.015 , 159
9.025e-06 , 9.025 , 158
9.035e-06 , 9.035 , 157
9.045e-06 , 9.045 , 155
9.055e-06 , 9.055 , 155
9.065e-06 , 9.065 , 154
9.075e-06 , 9.075 , 153
9.085e-06 , 9.085 , 153
9.095e-06 , 9.095 , 152
9.105e-06 , 9.105 , 148
9.115e-06 , 9.115 , 147
9.125e-06 , 9.125 , 146
9.135e-06 , 9.135 , 144
9.145e-06 , 9.145 , 144
9.155e-06 , 9.155 , 144
9.165e-06 , 9.165 , 144
9.175e-06 , 9.175 , 141
9.185e-06 , 9.185 , 139
9.195e-06 , 9.195 , 137
9.205e-06 , 9.205 , 134
9.215e-06 , 9.215 , 133
9.225e-06 , 9.225 , 132
9.235e-06 , 9.235 , 131
9.245e-06 , 9.245 , 130
9.255e-06 , 9.255 , 129
9.265e-06 , 9.265 , 127
9.275e-06 , 9.275 , 126
9.285e-06 , 9.285 , 126
9.295e-06 , 9.295 , 125
9.305e-06 , 9.305 , 123
9.315e-06 , 9.315 , 123
9.325e-06 , 9.325 , 122
9.335e-06 , 9.335 , 122
9.345e-06 , 9.345 , 121
9.355e-06 , 9.355 , 119
9.365e-06 , 9.365 , 118
9.375e-06 , 9.375 , 115
9.385e-06 , 9.385 , 113
9.395e-06 , 9.395 , 113
9.405e-06 , 9.405 , 112
9.415e-06 , 9.415 , 110
9.425e-06 , 9.425 , 109
9.435e-06 , 9.435 , 107
9.445e-06 , 9.445 , 104
9.455e-06 , 9.455 , 103
9.465e-06 , 9.465 , 99
9.475e-06 , 9.475 , 97
9.485e-06 , 9.485 , 96
9.495e-06 , 9.495 , 94
9.505e-06 , 9.505 , 93
9.515e-06 , 9.515 , 91
9.525e-06 , 9.525 , 91
9.535e-06 , 9.535 , 91
9.545e-06 , 9.545 , 89
9.555e-06 , 9.555 , 88
9.565e-06 , 9.565 , 87
9.575e-06 , 9.575 , 86
9.585e-06 , 9.585 , 85
9.595e-06 , 9.595 , 84
9.605e-06 , 9.605 , 82
9.615e-06 , 9.615 , 81
9.625e-06 , 9.625 , 78
9.635e-06 , 9.635 , 76
9.645e-06 , 9.645 , 74
9.655e-06 , 9.655 , 74
9.665e-06 , 9.665 , 74
9.675e-06 , 9.675 , 73
9.685e-06 , 9.685 , 71
9.695e-06 , 9.695 , 71
9.705e-06 , 9.705 , 68
9.715e-06 , 9.715 , 67
9.725e-06 , 9.725 , 65
9.735e-06 , 9.735 , 63
9.745e-06 , 9.745 , 62
9.755e-06 , 9.755 , 61
9.765e-06 , 9.765 , 57
9.775e-06 , 9.775 , 56
9.785e-06 , 9.785 , 56
9.795e-06 , 9.795 , 54
9.805e-06 , 9.805 , 52
9.815e-06 , 9.815 , 51
9.825e-06 , 9.825 , 49
9.835e-06 , 9.835 , 48
9.845e-06 , 9.845 , 46
9.855e-06 , 9.855 , 45
9.865e-06 , 9.865 , 44
9.875e-06 , 9.875 , 43
9.885e-06 , 9.885 , 41
9.895e-06 , 9.895 , 41
9.905e-06 , 9.905 , 41
9.915e-06 , 9.915 , 39
9.925e-06 , 9.925 , 37
9.935e-06 , 9.935 , 36
9.945e-06 , 9.945 , 35
9.955e-06 , 9.955 , 33
9.965e-06 , 9.965 , 31
9.975e-06 , 9.975 , 30
9.985e-06 , 9.985 , 30
9.995e-06 , 9.995 , 28
1.0005e-05 , 10.005 , 28
1.0015e-05 , 10.015 , 25
1.0025e-05 , 10.025 , 24
1.0035e-05 , 10.035 , 21
1.0045e-05 , 10.045 , 21
1.0055e-05 , 10.055 , 21
1.0065e-05 , 10.065 , 21
1.0075e-05 , 10.075 , 20
1.0085e-05 , 10.085 , 20
1.0095e-05 , 10.095 , 20
1.0105e-05 , 10.105 , 19
1.0115e-05 , 10.115 , 16
1.0125e-05 , 10.125 , 16
1.0135e-05 , 10.135 , 15
1.0145e-05 , 10.145 , 14
1.0155e-05 , 10.155 , 13
1.0165e-05 , 10.165 , 12
1.0175e-05 , 10.175 , 11
1.0185e-05 , 10.185 , 11
1.0195e-05 , 10.195 , 11
1.0205e-05 , 10.205 , 11
1.0215e-05 , 10.215 , 8
1.0225e-05 , 10.225 , 8
1.0235e-05 , 10.235 , 8
1.0245e-05 , 10.245 , 8
1.0255e-05 , 10.255 , 8
1.0265e-05 , 10.265 , 8
1.0275e-05 , 10.275 , 7
1.0285e-05 , 10.285 , 7
1.0295e-05 , 10.295 , 7
1.0305e-05 , 10.305 , 7
1.0315e-05 , 10.315 , 6
1.0325e-05 , 10.325 , 6
1.0335e-05 , 10.335 , 5
1.0345e-05 , 10.345 , 5
1.0355e-05 , 10.355 , 5
1.0365e-05 , 10.365 , 5
1.0375e-05 , 10.375 , 4
1.0385e-05 , 10.385 , 4
1.0395e-05 , 10.395 , 4
1.0405e-05 , 10.405 , 4
1.0415e-05 , 10.415 , 4
1.0425e-05 , 10.425 , 4
1.0435e-05 , 10.435 , 4
1.0445e-05 , 10.445 , 4
1.0455e-05 , 10.455 , 3
1.0465e-05 , 10.465 , 3
1.0475e-05 , 10.475 , 3
1.0485e-05 , 10.485 , 3
1.0495e-05 , 10.495 , 3
1.0505e-05 , 10.505 , 2
1.0515e-05 , 10.515 , 2
1.0525e-05 , 10.525 , 2
1.0535e-05 , 10.535 , 2
1.0545e-05 , 10.545 , 2
1.0555e-05 , 10.555 , 1
1.0565e-05 , 10.565 , 1
1.0575e-05 , 10.575 , 1
1.0585e-05 , 10.585 , 0
1.0595e-05 , 10.595 , 0
1.0605e-05 , 10.605 , 0
1.0615e-05 , 10.615 , 0
1.0625e-05 , 10.625 , 0
1.0635e-05 , 10.635 , 0
1.0645e-05 , 10.645 , 0
1.0655e-05 , 10.655 , 0
1.0665e-05 , 10.665 , 0
1.0675e-05 , 10.675 , 0
1.0685e-05 , 10.685 , 0
1.0695e-05 , 10.695 , 0
1.0705e-05 , 10.705 , 0
1.0715e-05 , 10.715 , 0
1.0725e-05 , 10.725 , 0
1.0735e-05 , 10.735 , 0
1.0745e-05 , 10.745 , 0
1.0755e-05 , 10.755 , 0
1.0765e-05 , 10.765 , 0
1.0775e-05 , 10.775 , 0
1.0785e-05 , 10.785 , 0
1.0795e-05 , 10.795 , 0
1.0805e-05 , 10.805 , 0
1.0815e-05 , 10.815 , 0
1.0825e-05 , 10.825 , 0
1.0835e-05 , 10.835 , 0
1.0845e-05 , 10.845 , 0
1.0855e-05 , 10.855 , 0
1.0865e-05 , 10.865 , 0
1.0875e-05 , 10.875 , 0
1.0885e-05 , 10.885 , 0
1.0895e-05 , 10.895 , 0
1.0905e-05 , 10.905 , 0
1.0915e-05 , 10.915 , 0
1.0925e-05 , 10.925 , 0
1.0935e-05 , 10.935 , 0
1.0945e-05 , 10.945 , 0
1.0955e-05 , 10.955 , 0
1.0965e-05 , 10.965 , 0
1.0975e-05 , 10.975 , 0
1.0985e-05 , 10.985 , 0
1.0995e-05 , 10.995 , 0
1.1005e-05 , 11.005 , 0
1.1015e-05 , 11.015 , 0
1.1025e-05 , 11.025 , 0
1.1035e-05 , 11.035 , 0
1.1045e-05 , 11.045 , 0
1.1055e-05 , 11.055 , 0
1.1065e-05 , 11.065 , 0
1.1075e-05 , 11.075 , 0
1.1085e-05 , 11.085 , 0
1.1095e-05 , 11.095 , 0
1.1105e-05 , 11.105 , 0
1.1115e-05 , 11.115 , 0
1.1125e-05 , 11.125 , 0
1.1135e-05 , 11.135 , 0
1.1145e-05 , 11.145 , 0
1.1155e-05 , 11.155 , 0
1.1165e-05 , 11.165 , 0
1.1175e-05 , 11.175 , 0
1.1185e-05 , 11.185 , 0
1.1195e-05 , 11.195 , 0
1.1205e-05 , 11.205 , 0
1.1215e-05 , 11.215 , 0
1.1225e-05 , 11.225 , 0
1.1235e-05 , 11.235 , 0
1.1245e-05 , 11.245 , 0
1.1255e-05 , 11.255 , 0
1.1265e-05 , 11.265 , 0
1.1275e-05 , 11.275 , 0
1.1285e-05 , 11.285 , 0
1.1295e-05 , 11.295 , 0
1.1305e-05 , 11.305 , 0
1.1315e-05 , 11.315 , 0
1.1325e-05 , 11.325 , 0
1.1335e-05 , 11.335 , 0
1.1345e-05 , 11.345 , 0
1.1355e-05 , 11.355 , 0
1.1365e-05 , 11.365 , 0
1.1375e-05 , 11.375 , 0
1.1385e-05 , 11.385 , 0
1.1395e-05 , 11.395 , 0
1.1405e-05 , 11.405 , 0
1.1415e-05 , 11.415 , 0
1.1425e-05 , 11.425 , 0
1.1435e-05 , 11.435 , 0
1.1445e-05 , 11.445 , 0
1.1455e-05 , 11.455 , 0
1.1465e-05 , 11.465 , 0
1.1475e-05 , 11.475 , 0
1.1485e-05 , 11.485 , 0
1.1495e-05 , 11.495 , 0
1.1505e-05 , 11.505 , 0
1.1515e-05 , 11.515 , 0
1.1525e-05 , 11.525 , 0
1.1535e-05 , 11.535 , 0
1.1545e-05 , 11.545 , 0
1.1555e-05 , 11.555 , 0
1.1565e-05 , 11.565 , 0
1.1575e-05 , 11.575 , 0
1.1585e-05 , 11.585 , 0
1.1595e-05 , 11.595 , 0
1.1605e-05 , 11.605 , 0
1.1615e-05 , 11.615 , 0
1.1625e-05 , 11.625 , 0
1.1635e-05 , 11.635 , 0
1.1645e-05 , 11.645 , 0
1.1655e-05 , 11.655 , 0
1.1665e-05 , 11.665 , 0
1.1675e-05 , 11.675 , 0
1.1685e-05 , 11.685 , 0
1.1695e-05 , 11.695 , 0
1.1705e-05 , 11.705 , 0
1.1715e-05 , 11.715 , 0
1.1725e-05 , 11.725 , 0
1.1735e-05 , 11.735 , 0
1.1745e-05 , 11.745 , 0
1.1755e-05 , 11.755 , 0
1.1765e-05 , 11.765 , 0
1.1775e-05 , 11.775 , 0
1.1785e-05 , 11.785 , 0
1.1795e-05 , 11.795 , 0
1.1805e-05 , 11.805 , 0
1.1815e-05 , 11.815 , 0
1.1825e-05 , 11.825 , 0
1.1835e-05 , 11.835 , 0
1.1845e-05 , 11.845 , 0
1.1855e-05 , 11.855 , 0
1.1865e-05 , 11.865 , 0
1.1875e-05 , 11.875 , 0
1.1885e-05 , 11.885 , 0
1.1895e-05 , 11.895 , 0
1.1905e-05 , 11.905 , 0
1.1915e-05 , 11.915 , 0
1.1925e-05 , 11.925 , 0
1.1935e-05 , 11.935 , 0
1.1945e-05 , 11.945 , 0
1.1955e-05 , 11.955 , 0
1.1965e-05 , 11.965 , 0
1.1975e-05 , 11.975 , 0
1.1985e-05 , 11.985 , 0
1.1995e-05 , 11.995 , 0
1.2005e-05 , 12.005 , 0
