 # E(eV),fuente sin integrar,fuente, salida fuente distr 10 ,Salida fuente monoE
-0.005,0,10000000,10000300,9999980
0.005,0,10000000,10000300,9999980
0.015,0,10000000,5773990,5784340
0.025,0,10000000,5770860,5781230
0.035,0,10000000,5767830,5778160
0.045,0,10000000,5764780,5775140
0.055,0,10000000,5761640,5772110
0.065,0,10000000,5758480,5768970
0.075,0,10000000,5755100,5765610
0.085,0,10000000,5751420,5762090
0.095,0,10000000,5747160,5758020
0.105,0,10000000,5741920,5752700
0.115,0,10000000,5735640,5746430
0.125,0,10000000,5729610,5740460
0.135,0,10000000,5723970,5734650
0.145,0,10000000,5718200,5728990
0.155,0,10000000,5712690,5723490
0.165,0,10000000,5707340,5718070
0.175,0,10000000,5702230,5712970
0.185,0,10000000,5697250,5707830
0.195,0,10000000,5692250,5702880
0.205,0,10000000,5687550,5698040
0.215,0,10000000,5682850,5693330
0.225,0,10000000,5678070,5688530
0.235,0,10000000,5673640,5683960
0.245,0,10000000,5669220,5679460
0.255,0,10000000,5664740,5675030
0.265,0,10000000,5660490,5670780
0.275,0,10000000,5656210,5666420
0.285,0,10000000,5652060,5662200
0.295,0,10000000,5647840,5658060
0.305,0,10000000,5643770,5654070
0.315,0,10000000,5639640,5650020
0.325,0,10000000,5635530,5645980
0.335,0,10000000,5631540,5642060
0.345,0,10000000,5627620,5638170
0.355,0,10000000,5623840,5634370
0.365,0,10000000,5620090,5630640
0.375,0,10000000,5616340,5626890
0.385,0,10000000,5612670,5623280
0.395,0,10000000,5608960,5619630
0.405,0,10000000,5605390,5616020
0.415,0,10000000,5601710,5612420
0.425,0,10000000,5598170,5608800
0.435,0,10000000,5594680,5605320
0.445,0,10000000,5591070,5601790
0.455,0,10000000,5587660,5598300
0.465,0,10000000,5584060,5594890
0.475,0,10000000,5580480,5591400
0.485,0,10000000,5576990,5587900
0.495,0,10000000,5573520,5584360
0.505,0,10000000,5570100,5580930
0.515,0,10000000,5566590,5577390
0.525,0,10000000,5563170,5573930
0.535,0,10000000,5559710,5570490
0.545,0,10000000,5556240,5567110
0.555,0,10000000,5552850,5563690
0.565,0,10000000,5549440,5560270
0.575,0,10000000,5546000,5556810
0.585,0,10000000,5542630,5553360
0.595,0,10000000,5539200,5549920
0.605,0,10000000,5535820,5546450
0.615,0,10000000,5532400,5543100
0.625,0,10000000,5529000,5539720
0.635,0,10000000,5525640,5536180
0.645,0,10000000,5522300,5532660
0.655,0,10000000,5518820,5529250
0.665,0,10000000,5515320,5525870
0.675,0,10000000,5511870,5522400
0.685,0,10000000,5508430,5519060
0.695,0,10000000,5504850,5515470
0.705,0,10000000,5501350,5511950
0.715,0,10000000,5497950,5508440
0.725,0,10000000,5494520,5505000
0.735,0,10000000,5491140,5501470
0.745,0,10000000,5487740,5497970
0.755,0,10000000,5484250,5494460
0.765,0,10000000,5480820,5491030
0.775,0,10000000,5477410,5487510
0.785,0,10000000,5473880,5484020
0.795,0,10000000,5470310,5480550
0.805,0,10000000,5466860,5477090
0.815,0,10000000,5463480,5473640
0.825,0,10000000,5460020,5470240
0.835,0,10000000,5456610,5466810
0.845,0,10000000,5453180,5463320
0.855,0,10000000,5449760,5459790
0.865,0,10000000,5446260,5456320
0.875,0,10000000,5442850,5452840
0.885,0,10000000,5439360,5449340
0.895,0,10000000,5435890,5445920
0.905,0,10000000,5432300,5442400
0.915,0,10000000,5428870,5438880
0.925,0,10000000,5425240,5435390
0.935,0,10000000,5421830,5431880
0.945,0,10000000,5418450,5428420
0.955,0,10000000,5415010,5424930
0.965,0,10000000,5411620,5421460
0.975,0,10000000,5408190,5417940
0.985,0,10000000,5404780,5414350
0.995,0,10000000,5401200,5410970
1.005,0,10000000,5397720,5407430
1.015,0,10000000,5394200,5404090
1.025,0,10000000,5390680,5400590
1.035,0,10000000,5387180,5396980
1.045,0,10000000,5383660,5393500
1.055,0,10000000,5380130,5389980
1.065,0,10000000,5376660,5386480
1.075,0,10000000,5373010,5382980
1.085,0,10000000,5369560,5379460
1.095,0,10000000,5366040,5375870
1.105,0,10000000,5362530,5372430
1.115,0,10000000,5359080,5368880
1.125,0,10000000,5355550,5365480
1.135,0,10000000,5352110,5362020
1.145,0,10000000,5348630,5358630
1.155,0,10000000,5345040,5355190
1.165,0,10000000,5341540,5351630
1.175,0,10000000,5338040,5348140
1.185,0,10000000,5334620,5344690
1.195,0,10000000,5331130,5341160
1.205,0,10000000,5327640,5337730
1.215,0,10000000,5324120,5334200
1.225,0,10000000,5320590,5330660
1.235,0,10000000,5317110,5327190
1.245,0,10000000,5313520,5323660
1.255,0,10000000,5310020,5320090
1.265,0,10000000,5306480,5316630
1.275,0,10000000,5303020,5313210
1.285,0,10000000,5299480,5309630
1.295,0,10000000,5296090,5306180
1.305,0,10000000,5292590,5302550
1.315,0,10000000,5289090,5299040
1.325,0,10000000,5285560,5295560
1.335,0,10000000,5281950,5292030
1.345,0,10000000,5278440,5288440
1.355,0,10000000,5274870,5284870
1.365,0,10000000,5271300,5281370
1.375,0,10000000,5267820,5277790
1.385,0,10000000,5264290,5274200
1.395,0,10000000,5260770,5270700
1.405,0,10000000,5257220,5267130
1.415,0,10000000,5253680,5263510
1.425,0,10000000,5250160,5259990
1.435,0,10000000,5246600,5256340
1.445,0,10000000,5243080,5252740
1.455,0,10000000,5239420,5249050
1.465,0,10000000,5235910,5245240
1.475,0,10000000,5232380,5241670
1.485,0,10000000,5228780,5238070
1.495,0,10000000,5225170,5234530
1.505,0,10000000,5221620,5231030
1.515,0,10000000,5217920,5227440
1.525,0,10000000,5214340,5223820
1.535,0,10000000,5210710,5220350
1.545,0,10000000,5207220,5216770
1.555,0,10000000,5203580,5213110
1.565,0,10000000,5200000,5209480
1.575,0,10000000,5196460,5205870
1.585,0,10000000,5192870,5202290
1.595,0,10000000,5189260,5198600
1.605,0,10000000,5185670,5195020
1.615,0,10000000,5182070,5191420
1.625,0,10000000,5178520,5187860
1.635,0,10000000,5174950,5184250
1.645,0,10000000,5171410,5180640
1.655,0,10000000,5167790,5177060
1.665,0,10000000,5164200,5173550
1.675,0,10000000,5160670,5170020
1.685,0,10000000,5157090,5166410
1.695,0,10000000,5153530,5162760
1.705,0,10000000,5149920,5159220
1.715,0,10000000,5146380,5155610
1.725,0,10000000,5142860,5152080
1.735,0,10000000,5139320,5148480
1.745,0,10000000,5135770,5144910
1.755,0,10000000,5132180,5141320
1.765,0,10000000,5128620,5137830
1.775,0,10000000,5124960,5134150
1.785,0,10000000,5121400,5130610
1.795,0,10000000,5117920,5127110
1.805,0,10000000,5114370,5123510
1.815,0,10000000,5110760,5120000
1.825,0,10000000,5107230,5116350
1.835,0,10000000,5103590,5112750
1.845,0,10000000,5099770,5109160
1.855,0,10000000,5096240,5105520
1.865,0,10000000,5092640,5101990
1.875,0,10000000,5089060,5098280
1.885,0,10000000,5085480,5094680
1.895,0,10000000,5081860,5091000
1.905,0,10000000,5078220,5087460
1.915,0,10000000,5074580,5083870
1.925,0,10000000,5071000,5080280
1.935,0,10000000,5067430,5076740
1.945,0,10000000,5063850,5073060
1.955,0,10000000,5060240,5069300
1.965,0,10000000,5056620,5065670
1.975,0,10000000,5053020,5061950
1.985,0,10000000,5049390,5058440
1.995,0,10000000,5045770,5054920
2.005,0,10000000,5042190,5051260
2.015,0,10000000,5038580,5047690
2.025,0,10000000,5034840,5044100
2.035,0,10000000,5031080,5040530
2.045,0,10000000,5027350,5036960
2.055,0,10000000,5023780,5033360
2.065,0,10000000,5020120,5029820
2.075,0,10000000,5016440,5026220
2.085,0,10000000,5012740,5022720
2.095,0,10000000,5009190,5019130
2.105,0,10000000,5005650,5015540
2.115,0,10000000,5002020,5011890
2.125,0,10000000,4998450,5008350
2.135,0,10000000,4994780,5004780
2.145,0,10000000,4991100,5001160
2.155,0,10000000,4987460,4997500
2.165,0,10000000,4983820,4993820
2.175,0,10000000,4980250,4990330
2.185,0,10000000,4976680,4986760
2.195,0,10000000,4973050,4983090
2.205,0,10000000,4969460,4979330
2.215,0,10000000,4965880,4975740
2.225,0,10000000,4962320,4972220
2.235,0,10000000,4958740,4968570
2.245,0,10000000,4955070,4964990
2.255,0,10000000,4951460,4961510
2.265,0,10000000,4947830,4957980
2.275,0,10000000,4944200,4954460
2.285,0,10000000,4940520,4950860
2.295,0,10000000,4936860,4947240
2.305,0,10000000,4933160,4943720
2.315,0,10000000,4929570,4940130
2.325,0,10000000,4925960,4936510
2.335,0,10000000,4922270,4932860
2.345,0,10000000,4918670,4929220
2.355,0,10000000,4915090,4925640
2.365,0,10000000,4911540,4922000
2.375,0,10000000,4907910,4918470
2.385,0,10000000,4904330,4914900
2.395,0,10000000,4900680,4911270
2.405,0,10000000,4896930,4907580
2.415,0,10000000,4893290,4904050
2.425,0,10000000,4889760,4900410
2.435,0,10000000,4886120,4896770
2.445,0,10000000,4882570,4893180
2.455,0,10000000,4878990,4889610
2.465,0,10000000,4875370,4886070
2.475,0,10000000,4871740,4882530
2.485,0,10000000,4868090,4878920
2.495,0,10000000,4864550,4875340
2.505,0,10000000,4860900,4871660
2.515,0,10000000,4857270,4868030
2.525,0,10000000,4853740,4864370
2.535,0,10000000,4850080,4860710
2.545,0,10000000,4846420,4857120
2.555,0,10000000,4842870,4853600
2.565,0,10000000,4839260,4850000
2.575,0,10000000,4835620,4846450
2.585,0,10000000,4831940,4842830
2.595,0,10000000,4828420,4839090
2.605,0,10000000,4824750,4835540
2.615,0,10000000,4821070,4831820
2.625,0,10000000,4817420,4828090
2.635,0,10000000,4813850,4824430
2.645,0,10000000,4810250,4820760
2.655,0,10000000,4806650,4817160
2.665,0,10000000,4802990,4813560
2.675,0,10000000,4799310,4809950
2.685,0,10000000,4795640,4806340
2.695,0,10000000,4792100,4802620
2.705,0,10000000,4788500,4799040
2.715,0,10000000,4784840,4795400
2.725,0,10000000,4781200,4791780
2.735,0,10000000,4777570,4788150
2.745,0,10000000,4773860,4784510
2.755,0,10000000,4770240,4780940
2.765,0,10000000,4766660,4777360
2.775,0,10000000,4762970,4773640
2.785,0,10000000,4759300,4770000
2.795,0,10000000,4755730,4766320
2.805,0,10000000,4752090,4762720
2.815,0,10000000,4748470,4759050
2.825,0,10000000,4744670,4755390
2.835,0,10000000,4740990,4751670
2.845,0,10000000,4737300,4748060
2.855,0,10000000,4733570,4744370
2.865,0,10000000,4729910,4740690
2.875,0,10000000,4726260,4737060
2.885,0,10000000,4722660,4733400
2.895,0,10000000,4718980,4729720
2.905,0,10000000,4715300,4726090
2.915,0,10000000,4711550,4722490
2.925,0,10000000,4707860,4718800
2.935,0,10000000,4704110,4715110
2.945,0,10000000,4700460,4711400
2.955,0,10000000,4696730,4707680
2.965,0,10000000,4693020,4703980
2.975,0,10000000,4689390,4700240
2.985,0,10000000,4685690,4696520
2.995,0,10000000,4682100,4692790
3.005,0,10000000,4678500,4689140
3.015,0,10000000,4674770,4685510
3.025,0,10000000,4670990,4681800
3.035,0,10000000,4667290,4678090
3.045,0,10000000,4663480,4674370
3.055,0,10000000,4659910,4670690
3.065,0,10000000,4656200,4666940
3.075,0,10000000,4652560,4663140
3.085,0,10000000,4648880,4659410
3.095,0,10000000,4645200,4655690
3.105,0,10000000,4641490,4651980
3.115,0,10000000,4637740,4648270
3.125,0,10000000,4634080,4644600
3.135,0,10000000,4630320,4640850
3.145,0,10000000,4626600,4637100
3.155,0,10000000,4622760,4633460
3.165,0,10000000,4619040,4629660
3.175,0,10000000,4615380,4625940
3.185,0,10000000,4611650,4622150
3.195,0,10000000,4607960,4618440
3.205,0,10000000,4604150,4614730
3.215,0,10000000,4600300,4611040
3.225,0,10000000,4596530,4607300
3.235,0,10000000,4592790,4603570
3.245,0,10000000,4589010,4599840
3.255,0,10000000,4585170,4596090
3.265,0,10000000,4581390,4592340
3.275,0,10000000,4577730,4588660
3.285,0,10000000,4574030,4584900
3.295,0,10000000,4570250,4581230
3.305,0,10000000,4566610,4577500
3.315,0,10000000,4562850,4573760
3.325,0,10000000,4559120,4569990
3.335,0,10000000,4555360,4566260
3.345,0,10000000,4551570,4562580
3.355,0,10000000,4547840,4558830
3.365,0,10000000,4544040,4555060
3.375,0,10000000,4540290,4551340
3.385,0,10000000,4536440,4547530
3.395,0,10000000,4532640,4543760
3.405,0,10000000,4528880,4540100
3.415,0,10000000,4525180,4536320
3.425,0,10000000,4521370,4532580
3.435,0,10000000,4517650,4528820
3.445,0,10000000,4513880,4525100
3.455,0,10000000,4510110,4521320
3.465,0,10000000,4506380,4517610
3.475,0,10000000,4502660,4513810
3.485,0,10000000,4498950,4510100
3.495,0,10000000,4495330,4506260
3.505,0,10000000,4491480,4502390
3.515,0,10000000,4487620,4498670
3.525,0,10000000,4483780,4494870
3.535,0,10000000,4479870,4491050
3.545,0,10000000,4476140,4487300
3.555,0,10000000,4472240,4483490
3.565,0,10000000,4468370,4479600
3.575,0,10000000,4464630,4475810
3.585,0,10000000,4460910,4472060
3.595,0,10000000,4457040,4468190
3.605,0,10000000,4453350,4464420
3.615,0,10000000,4449580,4460560
3.625,0,10000000,4445780,4456860
3.635,0,10000000,4441980,4453080
3.645,0,10000000,4438220,4449300
3.655,0,10000000,4434480,4445520
3.665,0,10000000,4430830,4441590
3.675,0,10000000,4426900,4437770
3.685,0,10000000,4423090,4433980
3.695,0,10000000,4419240,4430210
3.705,0,10000000,4415360,4426380
3.715,0,10000000,4411540,4422480
3.725,0,10000000,4407730,4418660
3.735,0,10000000,4403760,4414800
3.745,0,10000000,4399950,4411020
3.755,0,10000000,4396230,4407030
3.765,0,10000000,4392380,4403180
3.775,0,10000000,4388550,4399370
3.785,0,10000000,4384680,4395550
3.795,0,10000000,4380900,4391690
3.805,0,10000000,4377080,4387760
3.815,0,10000000,4373230,4383850
3.825,0,10000000,4369420,4379980
3.835,0,10000000,4365530,4376210
3.845,0,10000000,4361560,4372310
3.855,0,10000000,4357670,4368390
3.865,0,10000000,4353870,4364580
3.875,0,10000000,4350080,4360730
3.885,0,10000000,4346210,4356830
3.895,0,10000000,4342320,4352960
3.905,0,10000000,4338460,4348970
3.915,0,10000000,4334600,4345070
3.925,0,10000000,4330680,4341270
3.935,0,10000000,4326820,4337380
3.945,0,10000000,4322910,4333520
3.955,0,10000000,4319060,4329550
3.965,0,10000000,4315160,4325650
3.975,0,10000000,4311340,4321670
3.985,0,10000000,4307470,4317860
3.995,0,10000000,4303610,4313940
4.005,0,10000000,4299750,4310070
4.015,0,10000000,4295920,4306070
4.025,0,10000000,4292050,4302140
4.035,0,10000000,4288140,4298330
4.045,0,10000000,4284260,4294460
4.055,0,10000000,4280510,4290630
4.065,0,10000000,4276550,4286770
4.075,0,10000000,4272620,4282760
4.085,0,10000000,4268730,4278810
4.095,0,10000000,4264760,4274850
4.105,0,10000000,4260830,4271020
4.115,0,10000000,4256850,4267020
4.125,0,10000000,4252920,4263140
4.135,0,10000000,4248950,4259280
4.145,0,10000000,4245080,4255260
4.155,0,10000000,4241090,4251410
4.165,0,10000000,4237270,4247500
4.175,0,10000000,4233280,4243520
4.185,0,10000000,4229250,4239550
4.195,0,10000000,4225380,4235620
4.205,0,10000000,4221380,4231790
4.215,0,10000000,4217530,4227940
4.225,0,10000000,4213560,4223920
4.235,0,10000000,4209740,4220010
4.245,0,10000000,4205840,4216060
4.255,0,10000000,4201960,4212130
4.265,0,10000000,4198000,4208240
4.275,0,10000000,4194080,4204420
4.285,0,10000000,4190080,4200420
4.295,0,10000000,4186210,4196490
4.305,0,10000000,4182330,4192600
4.315,0,10000000,4178300,4188610
4.325,0,10000000,4174390,4184670
4.335,0,10000000,4170430,4180730
4.345,0,10000000,4166460,4176770
4.355,0,10000000,4162400,4172890
4.365,0,10000000,4158450,4168980
4.375,0,10000000,4154460,4165200
4.385,0,10000000,4150520,4161180
4.395,0,10000000,4146580,4157290
4.405,0,10000000,4142470,4153320
4.415,0,10000000,4138530,4149420
4.425,0,10000000,4134570,4145510
4.435,0,10000000,4130630,4141410
4.445,0,10000000,4126750,4137480
4.455,0,10000000,4122700,4133460
4.465,0,10000000,4118780,4129540
4.475,0,10000000,4114790,4125700
4.485,0,10000000,4110900,4121700
4.495,0,10000000,4106910,4117680
4.505,0,10000000,4102880,4113600
4.515,0,10000000,4098790,4109570
4.525,0,10000000,4094800,4105630
4.535,0,10000000,4090800,4101680
4.545,0,10000000,4086730,4097630
4.555,0,10000000,4082520,4093570
4.565,0,10000000,4078470,4089540
4.575,0,10000000,4074400,4085590
4.585,0,10000000,4070440,4081570
4.595,0,10000000,4066380,4077610
4.605,0,10000000,4062410,4073620
4.615,0,10000000,4058390,4069550
4.625,0,10000000,4054310,4065510
4.635,0,10000000,4050260,4061510
4.645,0,10000000,4046280,4057490
4.655,0,10000000,4042210,4053560
4.665,0,10000000,4038130,4049550
4.675,0,10000000,4034000,4045500
4.685,0,10000000,4029930,4041450
4.695,0,10000000,4025910,4037410
4.705,0,10000000,4021820,4033350
4.715,0,10000000,4017830,4029310
4.725,0,10000000,4013760,4025370
4.735,0,10000000,4009610,4021190
4.745,0,10000000,4005590,4017020
4.755,0,10000000,4001580,4013050
4.765,0,10000000,3997500,4008980
4.775,0,10000000,3993430,4004950
4.785,0,10000000,3989390,4000800
4.795,0,10000000,3985330,3996780
4.805,0,10000000,3981300,3992630
4.815,0,10000000,3977220,3988460
4.825,0,10000000,3973010,3984460
4.835,0,10000000,3968890,3980380
4.845,0,10000000,3964840,3976250
4.855,0,10000000,3960620,3972100
4.865,0,10000000,3956670,3967890
4.875,0,10000000,3952530,3963710
4.885,0,10000000,3948290,3959650
4.895,0,10000000,3944150,3955590
4.905,0,10000000,3940110,3951420
4.915,0,10000000,3936040,3947370
4.925,0,10000000,3931890,3943400
4.935,0,10000000,3927780,3939330
4.945,0,10000000,3923670,3935230
4.955,0,10000000,3919540,3931180
4.965,0,10000000,3915340,3927030
4.975,0,10000000,3911180,3923020
4.985,0,10000000,3907050,3918780
4.995,0,10000000,3902880,3914730
5.005,0,10000000,3898800,3910530
5.015,0,10000000,3894600,3906300
5.025,0,10000000,3890460,3902180
5.035,0,10000000,3886270,3898150
5.045,0,10000000,3882140,3893960
5.055,0,10000000,3877850,3889850
5.065,0,10000000,3873760,3885670
5.075,0,10000000,3869730,3881550
5.085,0,10000000,3865550,3877310
5.095,0,10000000,3861530,3873020
5.105,0,10000000,3857360,3868850
5.115,0,10000000,3853260,3864690
5.125,0,10000000,3849230,3860580
5.135,0,10000000,3845000,3856480
5.145,0,10000000,3840840,3852160
5.155,0,10000000,3836660,3847960
5.165,0,10000000,3832550,3843770
5.175,0,10000000,3828410,3839540
5.185,0,10000000,3824270,3835310
5.195,0,10000000,3820040,3831070
5.205,0,10000000,3815760,3826820
5.215,0,10000000,3811570,3822570
5.225,0,10000000,3807330,3818270
5.235,0,10000000,3803100,3814000
5.245,0,10000000,3798920,3809740
5.255,0,10000000,3794620,3805430
5.265,0,10000000,3790360,3801090
5.275,0,10000000,3786160,3796840
5.285,0,10000000,3781950,3792630
5.295,0,10000000,3777640,3788340
5.305,0,10000000,3773420,3784240
5.315,0,10000000,3769260,3780060
5.325,0,10000000,3764870,3775870
5.335,0,10000000,3760660,3771680
5.345,0,10000000,3756450,3767390
5.355,0,10000000,3752150,3763150
5.365,0,10000000,3747890,3759020
5.375,0,10000000,3743540,3754960
5.385,0,10000000,3739260,3750600
5.395,0,10000000,3735000,3746370
5.405,0,10000000,3730620,3742100
5.415,0,10000000,3726410,3737760
5.425,0,10000000,3722130,3733440
5.435,0,10000000,3717880,3729230
5.445,0,10000000,3713670,3725080
5.455,0,10000000,3709350,3720790
5.465,0,10000000,3705150,3716480
5.475,0,10000000,3700850,3712180
5.485,0,10000000,3696590,3707790
5.495,0,10000000,3692240,3703530
5.505,0,10000000,3687920,3699280
5.515,0,10000000,3683540,3694990
5.525,0,10000000,3679160,3690570
5.535,0,10000000,3674880,3686190
5.545,0,10000000,3670580,3681910
5.555,0,10000000,3666140,3677510
5.565,0,10000000,3661750,3673120
5.575,0,10000000,3657320,3668870
5.585,0,10000000,3652980,3664680
5.595,0,10000000,3648540,3660410
5.605,0,10000000,3644220,3656050
5.615,0,10000000,3639860,3651650
5.625,0,10000000,3635450,3647290
5.635,0,10000000,3631120,3642950
5.645,0,10000000,3626700,3638600
5.655,0,10000000,3622260,3634090
5.665,0,10000000,3617920,3629630
5.675,0,10000000,3613500,3625300
5.685,0,10000000,3609000,3620870
5.695,0,10000000,3604670,3616490
5.705,0,10000000,3600250,3612120
5.715,0,10000000,3595840,3607800
5.725,0,10000000,3591450,3603430
5.735,0,10000000,3587030,3599160
5.745,0,10000000,3582730,3594740
5.755,0,10000000,3578250,3590390
5.765,0,10000000,3573930,3585890
5.775,0,10000000,3569510,3581510
5.785,0,10000000,3565070,3576920
5.795,0,10000000,3560610,3572520
5.805,0,10000000,3556080,3568000
5.815,0,10000000,3551660,3563560
5.825,0,10000000,3547230,3559030
5.835,0,10000000,3542780,3554560
5.845,0,10000000,3538390,3550130
5.855,0,10000000,3533890,3545680
5.865,0,10000000,3529360,3541160
5.875,0,10000000,3524870,3536590
5.885,0,10000000,3520310,3532100
5.895,0,10000000,3515810,3527600
5.905,0,10000000,3511460,3523100
5.915,0,10000000,3506950,3518560
5.925,0,10000000,3502380,3513940
5.935,0,10000000,3497830,3509470
5.945,0,10000000,3493340,3504850
5.955,0,10000000,3488770,3500390
5.965,0,10000000,3484170,3495800
5.975,0,10000000,3479540,3491280
5.985,0,10000000,3475010,3486870
5.995,0,10000000,3470340,3482340
6.005,0,10000000,3465760,3477860
6.015,0,10000000,3461250,3473360
6.025,0,10000000,3456740,3468700
6.035,0,10000000,3452060,3464140
6.045,0,10000000,3447500,3459620
6.055,0,10000000,3442900,3454960
6.065,0,10000000,3438360,3450270
6.075,0,10000000,3433790,3445740
6.085,0,10000000,3429320,3441030
6.095,0,10000000,3424800,3436470
6.105,0,10000000,3420190,3431800
6.115,0,10000000,3415510,3427130
6.125,0,10000000,3410870,3422570
6.135,0,10000000,3406340,3417950
6.145,0,10000000,3401740,3413410
6.155,0,10000000,3397100,3408770
6.165,0,10000000,3392360,3404190
6.175,0,10000000,3387600,3399540
6.185,0,10000000,3382880,3394900
6.195,0,10000000,3378140,3390180
6.205,0,10000000,3373520,3385600
6.215,0,10000000,3368930,3380970
6.225,0,10000000,3364290,3376350
6.235,0,10000000,3359670,3371670
6.245,0,10000000,3355050,3366980
6.255,0,10000000,3350270,3362320
6.265,0,10000000,3345640,3357720
6.275,0,10000000,3341030,3352920
6.285,0,10000000,3336390,3348240
6.295,0,10000000,3331730,3343430
6.305,0,10000000,3327010,3338650
6.315,0,10000000,3322270,3333960
6.325,0,10000000,3317390,3329180
6.335,0,10000000,3312680,3324380
6.345,0,10000000,3307970,3319670
6.355,0,10000000,3303160,3314940
6.365,0,10000000,3298380,3310170
6.375,0,10000000,3293490,3305290
6.385,0,10000000,3288780,3300550
6.395,0,10000000,3283920,3295660
6.405,0,10000000,3279000,3290900
6.415,0,10000000,3274170,3286140
6.425,0,10000000,3269370,3281370
6.435,0,10000000,3264540,3276610
6.445,0,10000000,3259690,3271800
6.455,0,10000000,3254840,3267000
6.465,0,10000000,3249940,3262100
6.475,0,10000000,3244970,3257260
6.485,0,10000000,3240150,3252400
6.495,0,10000000,3235260,3247430
6.505,0,10000000,3230390,3242600
6.515,0,10000000,3225490,3237730
6.525,0,10000000,3220580,3232900
6.535,0,10000000,3215760,3227970
6.545,0,10000000,3210840,3223020
6.555,0,10000000,3206020,3218260
6.565,0,10000000,3201190,3213350
6.575,0,10000000,3196220,3208420
6.585,0,10000000,3191200,3203530
6.595,0,10000000,3186160,3198600
6.605,0,10000000,3181150,3193660
6.615,0,10000000,3176140,3188700
6.625,0,10000000,3171210,3183680
6.635,0,10000000,3166060,3178830
6.645,0,10000000,3160980,3173960
6.655,0,10000000,3155970,3168980
6.665,0,10000000,3151090,3163990
6.675,0,10000000,3146180,3159150
6.685,0,10000000,3141060,3154050
6.695,0,10000000,3136000,3148980
6.705,0,10000000,3131030,3143970
6.715,0,10000000,3126020,3138990
6.725,0,10000000,3121060,3133920
6.735,0,10000000,3116040,3128930
6.745,0,10000000,3110950,3123800
6.755,0,10000000,3105740,3118820
6.765,0,10000000,3100550,3113710
6.775,0,10000000,3095460,3108620
6.785,0,10000000,3090160,3103480
6.795,0,10000000,3085020,3098350
6.805,0,10000000,3079760,3093170
6.815,0,10000000,3074620,3088180
6.825,0,10000000,3069500,3083020
6.835,0,10000000,3064140,3077950
6.845,0,10000000,3058950,3072880
6.855,0,10000000,3053780,3067750
6.865,0,10000000,3048610,3062560
6.875,0,10000000,3043520,3057320
6.885,0,10000000,3038350,3052200
6.895,0,10000000,3033160,3047020
6.905,0,10000000,3027810,3041800
6.915,0,10000000,3022390,3036640
6.925,0,10000000,3017160,3031490
6.935,0,10000000,3011940,3026340
6.945,0,10000000,3006780,3021080
6.955,0,10000000,3001470,3015780
6.965,0,10000000,2996100,3010590
6.975,0,10000000,2990800,3005320
6.985,0,10000000,2985480,3000150
6.995,0,10000000,2980170,2994880
7.005,0,10000000,2974920,2989550
7.015,0,10000000,2969670,2984350
7.025,0,10000000,2964260,2978970
7.035,0,10000000,2958900,2973710
7.045,0,10000000,2953590,2968220
7.055,0,10000000,2948310,2962860
7.065,0,10000000,2942870,2957340
7.075,0,10000000,2937510,2951920
7.085,0,10000000,2932120,2946570
7.095,0,10000000,2926790,2941080
7.105,0,10000000,2921500,2935800
7.115,0,10000000,2915950,2930370
7.125,0,10000000,2910600,2924910
7.135,0,10000000,2905140,2919390
7.145,0,10000000,2899750,2913880
7.155,0,10000000,2894250,2908520
7.165,0,10000000,2888700,2903110
7.175,0,10000000,2883150,2897610
7.185,0,10000000,2877600,2892120
7.195,0,10000000,2872050,2886670
7.205,0,10000000,2866470,2881020
7.215,0,10000000,2861010,2875470
7.225,0,10000000,2855460,2869870
7.235,0,10000000,2849900,2864250
7.245,0,10000000,2844350,2858740
7.255,0,10000000,2838800,2853080
7.265,0,10000000,2832990,2847510
7.275,0,10000000,2827380,2841720
7.285,0,10000000,2821650,2836060
7.295,0,10000000,2815910,2830470
7.305,0,10000000,2810340,2824740
7.315,0,10000000,2804540,2818980
7.325,0,10000000,2798770,2813420
7.335,0,10000000,2793110,2807660
7.345,0,10000000,2787480,2801920
7.355,0,10000000,2781770,2796140
7.365,0,10000000,2775930,2790360
7.375,0,10000000,2770240,2784610
7.385,0,10000000,2764420,2778990
7.395,0,10000000,2758660,2773210
7.405,0,10000000,2752810,2767340
7.415,0,10000000,2746970,2761450
7.425,0,10000000,2741080,2755700
7.435,0,10000000,2735280,2749880
7.445,0,10000000,2729450,2744080
7.455,0,10000000,2723540,2738180
7.465,0,10000000,2717590,2732390
7.475,0,10000000,2711580,2726630
7.485,0,10000000,2705620,2720740
7.495,0,10000000,2699770,2714920
7.505,0,10000000,2693630,2709070
7.515,0,10000000,2687550,2703300
7.525,0,10000000,2681410,2697550
7.535,0,10000000,2675410,2691660
7.545,0,10000000,2669430,2685740
7.555,0,10000000,2663420,2679790
7.565,0,10000000,2657350,2673840
7.575,0,10000000,2651530,2667780
7.585,0,10000000,2645580,2661830
7.595,0,10000000,2639550,2655680
7.605,0,10000000,2633500,2649700
7.615,0,10000000,2627410,2643680
7.625,0,10000000,2621380,2637580
7.635,0,10000000,2615220,2631490
7.645,0,10000000,2609110,2625170
7.655,0,10000000,2602920,2619030
7.665,0,10000000,2596750,2612980
7.675,0,10000000,2590550,2606800
7.685,0,10000000,2584480,2600610
7.695,0,10000000,2578320,2594480
7.705,0,10000000,2572200,2588240
7.715,0,10000000,2565910,2582060
7.725,0,10000000,2559510,2575820
7.735,0,10000000,2553170,2569630
7.745,0,10000000,2546880,2563250
7.755,0,10000000,2540570,2557040
7.765,0,10000000,2534270,2550770
7.775,0,10000000,2527870,2544210
7.785,0,10000000,2521430,2537800
7.795,0,10000000,2514920,2531350
7.805,0,10000000,2508610,2524910
7.815,0,10000000,2502260,2518530
7.825,0,10000000,2495870,2512120
7.835,0,10000000,2489370,2505760
7.845,0,10000000,2483010,2499350
7.855,0,10000000,2476470,2492880
7.865,0,10000000,2469820,2486460
7.875,0,10000000,2463200,2479860
7.885,0,10000000,2456620,2473370
7.895,0,10000000,2450040,2466830
7.905,0,10000000,2443530,2460290
7.915,0,10000000,2437010,2453640
7.925,0,10000000,2430240,2447020
7.935,0,10000000,2423490,2440300
7.945,0,10000000,2416720,2433660
7.955,0,10000000,2409950,2427100
7.965,0,10000000,2403170,2420350
7.975,0,10000000,2396370,2413700
7.985,0,10000000,2389580,2407130
7.995,0,10000000,2382720,2400400
8.005,0,10000000,2375940,2393750
8.015,0,10000000,2369110,2387010
8.025,0,10000000,2362340,2380320
8.035,0,10000000,2355570,2373510
8.045,0,10000000,2348590,2366760
8.055,0,10000000,2341760,2359970
8.065,0,10000000,2334680,2353280
8.075,0,10000000,2327640,2346330
8.085,0,10000000,2320680,2339450
8.095,0,10000000,2313700,2332380
8.105,0,10000000,2306770,2325470
8.115,0,10000000,2299810,2318460
8.125,0,10000000,2292780,2311330
8.135,0,10000000,2285720,2304240
8.145,0,10000000,2278580,2297370
8.155,0,10000000,2271500,2290270
8.165,0,10000000,2264330,2283160
8.175,0,10000000,2257160,2276020
8.185,0,10000000,2249950,2268840
8.195,0,10000000,2242760,2261640
8.205,0,10000000,2235600,2254380
8.215,0,10000000,2228480,2247090
8.225,0,10000000,2221160,2239880
8.235,0,10000000,2213930,2232700
8.245,0,10000000,2206530,2225600
8.255,0,10000000,2199250,2218320
8.265,0,10000000,2191880,2210990
8.275,0,10000000,2184370,2203620
8.285,0,10000000,2176960,2196370
8.295,0,10000000,2169590,2188930
8.305,0,10000000,2162140,2181500
8.315,0,10000000,2154590,2173980
8.325,0,10000000,2146920,2166470
8.335,0,10000000,2139380,2159310
8.345,0,10000000,2131790,2151790
8.355,0,10000000,2124300,2144030
8.365,0,10000000,2116610,2136480
8.375,0,10000000,2108920,2128950
8.385,0,10000000,2101420,2121350
8.395,0,10000000,2093720,2113680
8.405,0,10000000,2086040,2106010
8.415,0,10000000,2078310,2098240
8.425,0,10000000,2070600,2090440
8.435,0,10000000,2062890,2082750
8.445,0,10000000,2055140,2074900
8.455,0,10000000,2047180,2067150
8.465,0,10000000,2039380,2059220
8.475,0,10000000,2031400,2051470
8.485,0,10000000,2023410,2043610
8.495,0,10000000,2015280,2035710
8.505,0,10000000,2007440,2027660
8.515,0,10000000,1999440,2019840
8.525,0,10000000,1991530,2011690
8.535,0,10000000,1983510,2003640
8.545,0,10000000,1975260,1995470
8.555,0,10000000,1967140,1987250
8.565,0,10000000,1958960,1979070
8.575,0,10000000,1950670,1970980
8.585,0,10000000,1942290,1962680
8.595,0,10000000,1933840,1954350
8.605,0,10000000,1925420,1946100
8.615,0,10000000,1917150,1937920
8.625,16,10000000,1908800,1929630
8.635,37,9999980,1900430,1921370
8.645,77,9999950,1892100,1913110
8.655,104,9999870,1883490,1904730
8.665,120,9999770,1874920,1896180
8.675,79,9999650,1866370,1887720
8.685,60,9999570,1857600,1879190
8.695,53,9999510,1848910,1870570
8.705,114,9999450,1840350,1862040
8.715,196,9999340,1831790,1853370
8.725,255,9999140,1823070,1844710
8.735,299,9998890,1814410,1836100
8.745,419,9998590,1805460,1827250
8.755,535,9998170,1796360,1818530
8.765,639,9997640,1787640,1809590
8.775,756,9997000,1778820,1800690
8.785,755,9996240,1769800,1791720
8.795,827,9995490,1760980,1782730
8.805,816,9994660,1751870,1773920
8.815,875,9993840,1742830,1765060
8.825,712,9992970,1733800,1755990
8.835,665,9992260,1724680,1746970
8.845,523,9991590,1715500,1737910
8.855,523,9991070,1706340,1728840
8.865,461,9990540,1696950,1719480
8.875,460,9990080,1687360,1710150
8.885,379,9989620,1677950,1700810
8.895,507,9989240,1668700,1691640
8.905,587,9988740,1659340,1682290
8.915,758,9988150,1649720,1672790
8.925,946,9987390,1640140,1663410
8.935,1054,9986450,1630400,1653960
8.945,1202,9985390,1620790,1644270
8.955,1461,9984190,1611080,1634960
8.965,1554,9982730,1601210,1625310
8.975,1682,9981180,1591520,1615730
8.985,1679,9979490,1581490,1606090
8.995,1600,9977820,1571710,1596440
9.005,1769,9976220,1561780,1586620
9.015,1767,9974450,1551740,1576680
9.025,1846,9972680,1541740,1566850
9.035,1930,9970830,1531760,1556870
9.045,2178,9968900,1521560,1547000
9.055,2498,9966720,1511330,1536940
9.065,2747,9964230,1501320,1526870
9.075,3059,9961480,1491140,1516930
9.085,3185,9958420,1480810,1506850
9.095,3438,9955240,1470520,1496720
9.105,3614,9951800,1460120,1486520
9.115,3673,9948180,1449750,1476190
9.125,3821,9944510,1439370,1465760
9.135,4168,9940690,1428680,1455550
9.145,4395,9936520,1418200,1445130
9.155,4524,9932130,1407580,1434590
9.165,4713,9927600,1397020,1424230
9.175,4838,9922890,1386430,1413900
9.185,5067,9918050,1375700,1403440
9.195,5299,9912980,1364910,1392730
9.205,5661,9907690,1353950,1382140
9.215,6427,9902020,1342870,1371400
9.225,6711,9895600,1331650,1360450
9.235,7492,9888890,1320620,1349560
9.245,7813,9881400,1309580,1338710
9.255,8357,9873580,1298320,1327650
9.265,8903,9865220,1287000,1316700
9.275,9267,9856320,1275720,1305570
9.285,9881,9847060,1264440,1294220
9.295,10311,9837170,1253020,1283170
9.305,10573,9826860,1241580,1272030
9.315,11002,9816290,1230030,1260740
9.325,11664,9805290,1218410,1249510
9.335,12292,9793620,1206490,1238180
9.345,12768,9781330,1194810,1226750
9.355,13637,9768560,1182980,1215170
9.365,14314,9754930,1170950,1203660
9.375,15073,9740610,1158980,1192160
9.385,16102,9725540,1146790,1180320
9.395,17144,9709440,1134670,1168570
9.405,17878,9692290,1122700,1156760
9.415,19070,9674420,1110550,1144910
9.425,19983,9655350,1098040,1133110
9.435,21159,9635360,1085560,1121230
9.445,22328,9614200,1073020,1109220
9.455,23197,9591880,1060460,1097260
9.465,24316,9568680,1047530,1085060
9.475,25698,9544360,1034980,1072620
9.485,27302,9518660,1022320,1060060
9.495,28578,9491360,1009560,1047670
9.505,29529,9462780,996801,1035060
9.515,31319,9433260,983648,1022600
9.525,32862,9401940,970869,1009790
9.535,34576,9369080,957737,996946
9.545,35907,9334500,944502,984146
9.555,38010,9298590,931396,971342
9.565,40011,9260580,918261,958406
9.575,41382,9220570,905074,945196
9.585,43994,9179190,891625,932048
9.595,45721,9135200,878338,918680
9.605,47871,9089470,864896,905592
9.615,50273,9041600,851303,892294
9.625,51673,8991330,837714,878745
9.635,54142,8939660,824148,864905
9.645,55808,8885520,810577,851142
9.655,58232,8829710,796855,837346
9.665,60950,8771480,782895,823386
9.675,63119,8710520,769176,809486
9.685,65644,8647410,755109,795310
9.695,68025,8581760,741107,781018
9.705,71001,8513740,727350,766661
9.715,73354,8442740,713136,752015
9.725,75696,8369380,699435,737353
9.735,78615,8293690,685289,722417
9.745,81308,8215070,671245,707751
9.755,84893,8133760,657124,692485
9.765,87996,8048870,643043,677275
9.775,90305,7960870,628810,661804
9.785,92791,7870570,614654,646145
9.795,96260,7777780,600602,630400
9.805,99528,7681520,586519,614415
9.815,102315,7581990,572486,598441
9.825,104875,7479680,558534,582038
9.835,107363,7374800,544333,565603
9.845,111135,7267440,530197,549002
9.855,113310,7156300,516271,531696
9.865,116202,7042990,502285,514303
9.875,119444,6926790,488320,496466
9.885,121875,6807350,474547,478208
9.895,125449,6685470,460867,459430
9.905,127159,6560020,447262,440398
9.915,130187,6432860,433652,420667
9.925,132769,6302680,420092,400041
9.935,135325,6169910,406779,378502
9.945,137739,6034580,393417,356330
9.955,139981,5896840,380236,332971
9.965,141896,5756860,367183,307436
9.975,143291,5614970,354508,278653
9.985,145235,5471680,341871,245034
9.995,146198,5326440,329269,178150
10.005,147610,5180240,316847,0
10.015,148186,5032630,304530,0
10.025,149695,4884450,292380,0
10.035,149854,4734750,280815,0
10.045,149785,4584900,269163,0
10.055,149601,4435110,257806,0
10.065,149084,4285510,246613,0
10.075,148877,4136430,236035,0
10.085,147795,3987550,225495,0
10.095,147411,3839760,215048,0
10.105,146417,3692340,205009,0
10.115,144889,3545930,195198,0
10.125,142839,3401040,185421,0
10.135,140470,3258200,176213,0
10.145,138951,3117730,167101,0
10.155,136498,2978780,158173,0
10.165,132772,2842280,149744,0
10.175,130164,2709510,141524,0
10.185,126753,2579340,133708,0
10.195,124309,2452590,126095,0
10.205,120455,2328280,118719,0
10.215,116495,2207830,111628,0
10.225,113082,2091330,104904,0
10.235,110202,1978250,98530,0
10.245,105544,1868050,92498,0
10.255,101562,1762500,86567,0
10.265,97667,1660940,81046,0
10.275,93795,1563280,75768,0
10.285,90129,1469480,70789,0
10.295,86606,1379350,66050,0
10.305,83068,1292740,61512,0
10.315,78794,1209680,57417,0
10.325,75637,1130880,53392,0
10.335,70965,1055250,49650,0
10.345,66952,984281,46070,0
10.355,63576,917329,42815,0
10.365,60457,853753,39753,0
10.375,57490,793296,36849,0
10.385,53779,735806,34065,0
10.395,50671,682027,31501,0
10.405,46955,631356,29175,0
10.415,44356,584401,26918,0
10.425,41163,540045,24853,0
10.435,38382,498882,22940,0
10.445,35979,460500,21119,0
10.455,33343,424521,19466,0
10.465,31048,391178,17933,0
10.475,28962,360130,16553,0
10.485,26821,331168,15191,0
10.495,24731,304347,13951,0
10.505,22594,279616,12842,0
10.515,20898,257022,11825,0
10.525,19195,236124,10894,0
10.535,17437,216929,10036,0
10.545,16189,199492,9240,0
10.555,15000,183303,8528,0
10.565,13596,168303,7876,0
10.575,12320,154707,7259,0
10.585,11520,142387,6680,0
10.595,10601,130867,6157,0
10.605,9692,120266,5675,0
10.615,8946,110574,5219,0
10.625,8196,101628,4817,0
10.635,7514,93432,4444,0
10.645,6879,85918,4096,0
10.655,6229,79039,3772,0
10.665,5939,72810,3460,0
10.675,5483,66871,3178,0
10.685,4935,61388,2937,0
10.695,4672,56453,2701,0
10.705,4323,51781,2521,0
10.715,3897,47458,2347,0
10.725,3642,43561,2186,0
10.735,3245,39919,2037,0
10.745,3061,36674,1886,0
10.755,2693,33613,1732,0
10.765,2581,30920,1616,0
10.775,2332,28339,1503,0
10.785,2068,26007,1381,0
10.795,1999,23939,1283,0
10.805,1738,21940,1194,0
10.815,1608,20202,1126,0
10.825,1519,18594,1062,0
10.835,1372,17075,995,0
10.845,1179,15703,928,0
10.855,1039,14524,877,0
10.865,981,13485,831,0
10.875,874,12504,785,0
10.885,811,11630,751,0
10.895,708,10819,728,0
10.905,632,10111,697,0
10.915,618,9479,663,0
10.925,542,8861,632,0
10.935,480,8319,603,0
10.945,394,7839,582,0
10.955,369,7445,563,0
10.965,318,7076,550,0
10.975,290,6758,532,0
10.985,282,6468,524,0
10.995,212,6186,508,0
11.005,175,5974,496,0
11.015,158,5799,487,0
11.025,152,5641,476,0
11.035,111,5489,462,0
11.045,103,5378,455,0
11.055,110,5275,444,0
11.065,70,5165,432,0
11.075,79,5095,427,0
11.085,75,5016,416,0
11.095,58,4941,405,0
11.105,84,4883,396,0
11.115,68,4799,386,0
11.125,85,4731,376,0
11.135,90,4646,367,0
11.145,87,4556,360,0
11.155,96,4469,352,0
11.165,98,4373,342,0
11.175,100,4275,334,0
11.185,112,4175,325,0
11.195,106,4063,314,0
11.205,124,3957,304,0
11.215,130,3833,291,0
11.225,120,3703,289,0
11.235,114,3583,280,0
11.245,135,3469,272,0
11.255,120,3334,258,0
11.265,127,3214,252,0
11.275,135,3087,246,0
11.285,114,2952,234,0
11.295,119,2838,229,0
11.305,106,2719,219,0
11.315,86,2613,213,0
11.325,89,2527,206,0
11.335,80,2438,201,0
11.345,68,2358,195,0
11.355,51,2290,191,0
11.365,50,2239,186,0
11.375,45,2189,184,0
11.385,32,2144,174,0
11.395,31,2112,166,0
11.405,28,2081,164,0
11.415,19,2053,161,0
11.425,17,2034,159,0
11.435,21,2017,158,0
11.445,12,1996,153,0
11.455,7,1984,150,0
11.465,5,1977,144,0
11.475,6,1972,141,0
11.485,3,1966,140,0
11.495,6,1963,137,0
11.505,9,1957,134,0
11.515,13,1948,132,0
11.525,20,1935,125,0
11.535,26,1915,119,0
11.545,28,1889,112,0
11.555,24,1861,108,0
11.565,36,1837,104,0
11.575,39,1801,102,0
11.585,28,1762,99,0
11.595,28,1734,95,0
11.605,34,1706,89,0
11.615,49,1672,83,0
11.625,61,1623,74,0
11.635,46,1562,70,0
11.645,59,1516,68,0
11.655,52,1457,67,0
11.665,55,1405,59,0
11.675,65,1350,52,0
11.685,69,1285,48,0
11.695,81,1216,42,0
11.705,65,1135,39,0
11.715,63,1070,36,0
11.725,103,1007,28,0
11.735,73,904,24,0
11.745,80,831,21,0
11.755,84,751,18,0
11.765,68,667,16,0
11.775,85,599,14,0
11.785,65,514,11,0
11.795,63,449,10,0
11.805,64,386,9,0
11.815,56,322,9,0
11.825,60,266,6,0
11.835,42,206,5,0
11.845,47,164,4,0
11.855,42,117,0,0
11.865,37,75,0,0
11.875,31,38,0,0
11.885,7,7,0,0
11.895,0,0,0,0
11.905,0,0,0,0
11.915,0,0,0,0
11.925,0,0,0,0
11.935,0,0,0,0
11.945,0,0,0,0
11.955,0,0,0,0
11.965,0,0,0,0
11.975,0,0,0,0
11.985,0,0,0,0
11.995,0,0,0,0
12.005,0,0,0,0
