         280 ,          33 , idxs
 ,.10000,.15000,.20000,.30000,.40000,.50000,.70000,1.0000,1.5000,2.0000,3.0000,4.0000,5.0000,7.0000,10.000,15.000,20.000,30.000,40.000,50.000,70.000,100.00,150.00,200.00,300.00,400.00,500.00,700.00,1000.0,2000.0,3000.0,5000.0,10000.
 .0000,38.700,40.800,42.500,39.800,40.800,40.400,37.100,36.900,39.400,43.400,56.200,73.100,91.100,129.00,189.00,304.00,407.00,551.00,665.00,760.00,912.00,1080.0,1270.0,1420.0,1640.0,1780.0,1910.0,2060.0,2210.0,2420.0,2490.0,2540.0,2560.0
 .100000001,38.7000008,40.7999992,42.5000000,39.7999992,40.7999992,40.4000015,37.0999985,36.9099998,39.4000015,43.4000015,56.1900024,73.0800018,91.0699997,129.000000,188.800003,303.600006,406.299988,549.900024,663.299988,757.799988,908.599976,1075.00000,1263.00000,1410.00000,1624.00000,1759.00000,1883.00000,2025.00000,2164.00000,2344.00000,2391.00000,2407.00000,2377.50000
 .200000003,38.7000008,40.7999992,42.5000000,39.7999992,40.7999992,40.4000015,37.0999985,36.9200020,39.4000015,43.4000015,56.1800003,73.0599976,91.0400009,129.000000,188.600006,303.200012,405.600006,548.799988,661.599976,755.599976,905.200012,1070.00000,1256.00000,1400.00000,1608.00000,1738.00000,1856.00000,1990.00000,2118.00000,2268.00000,2292.00000,2274.00000,2195.00000
 .300000012,38.7000008,40.7999992,42.5000000,39.7999992,40.7999992,40.4000015,37.0999985,36.9300003,39.4000015,43.4000015,56.1699982,73.0400009,91.0100021,129.000000,188.399994,302.799988,404.899994,547.700012,659.900024,753.400024,901.799988,1065.00000,1249.00000,1390.00000,1592.00000,1717.00000,1829.00000,1955.00000,2072.00000,2192.00000,2193.00000,2141.00000,2012.50000
 .400000006,38.7000008,40.7999992,42.5000000,39.7999992,40.7999992,40.4000015,37.0999985,36.9400024,39.4000015,43.4000015,56.1599998,73.0199966,90.9800034,129.000000,188.199997,302.399994,404.200012,546.599976,658.200012,751.200012,898.400024,1060.00000,1242.00000,1380.00000,1576.00000,1696.00000,1802.00000,1920.00000,2026.00000,2116.00000,2094.00000,2008.00000,1830.00000
 .500000000,38.7000008,40.7999992,42.5000000,39.7999992,40.7999992,40.4000015,37.0999985,36.9500008,39.4000015,43.4000015,56.1500015,73.0000000,90.9499969,129.000000,188.000000,302.000000,403.500000,545.500000,656.500000,749.000000,895.000000,1055.00000,1235.00000,1370.00000,1560.00000,1675.00000,1775.00000,1885.00000,1980.00000,2040.00000,1995.00000,1875.00000,1647.50000
 .600000024,38.7000008,40.7999992,42.5000000,39.7999992,40.7999992,40.4000015,37.0999985,36.9599991,39.4000015,43.4000015,56.1399994,72.9800034,90.9199982,129.000000,187.800003,301.600006,402.799988,544.400024,654.799988,746.799988,891.599976,1050.00000,1228.00000,1360.00000,1544.00000,1654.00000,1748.00000,1850.00000,1934.00000,1964.00000,1896.00000,1742.00000,1465.00000
 .699999988,38.7000008,40.7999992,42.5000000,39.7999992,40.7999992,40.4000015,37.0999985,36.9700012,39.4000015,43.4000015,56.1299973,72.9599991,90.8899994,129.000000,187.600006,301.200012,402.100006,543.299988,653.099976,744.599976,888.200012,1045.00000,1221.00000,1350.00000,1528.00000,1633.00000,1721.00000,1815.00000,1888.00000,1888.00000,1797.00000,1609.00000,1282.50000
 .800000012,38.7000008,40.7999992,42.5000000,39.7999992,40.7999992,40.4000015,37.0999985,36.9799995,39.4000015,43.4000015,56.1199989,72.9400024,90.8600006,129.000000,187.399994,300.799988,401.399994,542.200012,651.400024,742.400024,884.799988,1040.00000,1214.00000,1340.00000,1512.00000,1612.00000,1694.00000,1780.00000,1842.00000,1812.00000,1698.00000,1476.00000,1100.00000
 .900000036,38.7000008,40.7999992,42.5000000,39.7999992,40.7999992,40.4000015,37.0999985,36.9900017,39.4000015,43.4000015,56.1100006,72.9199982,90.8300018,129.000000,187.199997,300.399994,400.700012,541.099976,649.700012,740.200012,881.400024,1035.00000,1207.00000,1330.00000,1496.00000,1591.00000,1667.00000,1745.00000,1796.00000,1736.00000,1599.00000,1343.00000,917.499878
 1.0000,38.700,40.800,42.500,39.800,40.800,40.400,37.100,37.000,39.400,43.400,56.100,72.900,90.800,129.00,187.00,300.00,400.00,540.00,648.00,738.00,878.00,1030.0,1200.0,1320.0,1480.0,1570.0,1640.0,1710.0,1750.0,1660.0,1500.0,1210.0,735.00
 1.10000002,38.7000008,40.7999992,42.5000000,39.7999992,40.7999992,40.4000015,37.0999985,37.0099983,39.4099998,43.4000015,56.0799980,72.8600006,90.7099991,128.699997,186.500000,298.899994,398.299988,537.200012,644.000000,732.799988,870.400024,1018.79999,1184.00000,1299.00000,1451.00000,1535.00000,1598.00000,1657.00000,1682.00000,1568.00000,1401.29993,1116.90002,672.200012
 1.20000005,38.7000008,40.7999992,42.5000000,39.7999992,40.7999992,40.4000015,37.0999985,37.0200005,39.4200020,43.4000015,56.0599976,72.8199997,90.6200027,128.399994,186.000000,297.799988,396.600006,534.400024,640.000000,727.599976,862.799988,1007.59998,1168.00000,1278.00000,1422.00000,1500.00000,1556.00000,1604.00000,1614.00000,1476.00000,1302.59998,1023.79993,609.399963
 1.29999995,38.7000008,40.7999992,42.5000000,39.7999992,40.7999992,40.4000015,37.0999985,37.0299988,39.4300003,43.4000015,56.0400009,72.7799988,90.5300064,128.100006,185.500000,296.700012,394.899994,531.599976,636.000000,722.400024,855.200012,996.400024,1152.00000,1257.00000,1393.00000,1465.00000,1514.00000,1551.00000,1546.00000,1384.00000,1203.90002,930.700073,546.600037
 1.39999998,38.7000008,40.7999992,42.5000000,39.7999992,40.7999992,40.4000015,37.0999985,37.0400009,39.4400024,43.4000015,56.0200005,72.7399979,90.4400024,127.800003,185.000000,295.600006,393.200012,528.799988,632.000000,717.200012,847.599976,985.200012,1136.00000,1236.00000,1364.00000,1430.00000,1472.00000,1498.00000,1478.00000,1292.00000,1105.19995,837.600037,483.800018
 1.50000000,38.7000008,40.7999992,42.5000000,39.7999992,40.7999992,40.4000015,37.0999985,37.0499992,39.4500008,43.4000015,56.0000000,72.6999969,90.3500061,127.500000,184.500000,294.500000,391.500000,526.000000,628.000000,712.000000,840.000000,974.000000,1120.00000,1215.00000,1335.00000,1395.00000,1430.00000,1445.00000,1410.00000,1200.00000,1006.50000,744.500000,421.000000
 1.60000002,38.7000008,40.7999992,42.5000000,39.7999992,40.7999992,40.4000015,37.0999985,37.0599976,39.4599991,43.4000015,55.9799995,72.6600037,90.2600021,127.199997,184.000000,293.399994,389.799988,523.200012,624.000000,706.799988,832.400024,962.799988,1104.00000,1194.00000,1306.00000,1360.00000,1388.00000,1392.00000,1342.00000,1108.00000,907.799988,651.399963,358.199982
 1.70000005,38.7000008,40.7999992,42.5000000,39.7999992,40.7999992,40.4000015,37.0999985,37.0699997,39.4700012,43.4000015,55.9599991,72.6200027,90.1699982,126.900002,183.500000,292.299988,388.100006,520.400024,620.000000,701.599976,824.799988,951.599976,1088.00000,1173.00000,1277.00000,1325.00000,1346.00000,1339.00000,1274.00000,1015.99994,809.099976,558.299927,295.399963
 1.79999995,38.7000008,40.7999992,42.5000000,39.7999992,40.7999992,40.4000015,37.0999985,37.0799980,39.4799995,43.4000015,55.9400024,72.5800018,90.0800018,126.599998,183.000000,291.200012,386.399994,517.599976,616.000000,696.400024,817.200012,940.400024,1072.00000,1152.00000,1248.00000,1290.00000,1304.00000,1286.00000,1206.00000,924.000061,710.400024,465.200073,232.600037
 1.90000010,38.7000008,40.7999992,42.5000000,39.7999992,40.7999992,40.4000015,37.0999985,37.0900002,39.4900017,43.4000015,55.9200020,72.5400009,89.9899979,126.300003,182.500000,290.100006,384.700012,514.799988,612.000000,691.200012,809.599976,929.200012,1056.00000,1131.00000,1219.00000,1255.00000,1262.00000,1233.00000,1138.00000,831.999939,611.699890,372.099915,169.799927
 2.0000,38.700,40.800,42.500,39.800,40.800,40.400,37.100,37.100,39.500,43.400,55.900,72.500,89.900,126.00,182.00,289.00,383.00,512.00,608.00,686.00,802.00,918.00,1040.0,1110.0,1190.0,1220.0,1220.0,1180.0,1070.0,740.00,513.00,279.00,107.00
 2.09999990,38.7000008,40.7999992,42.5000000,39.7999992,40.8099976,40.4099998,37.1099968,37.1099968,39.5000000,43.4000015,55.8800011,72.4300003,89.7600021,125.699997,181.399994,287.600006,380.899994,508.600006,603.299988,680.099976,793.799988,906.600037,1023.90002,1090.09998,1162.50000,1186.00000,1181.20007,1134.30005,1020.40002,694.400024,478.500031,259.390015,99.8400040
 2.20000005,38.7000008,40.7999992,42.5000000,39.7999992,40.8199997,40.4200020,37.1199989,37.1199989,39.5000000,43.4000015,55.8600006,72.3600006,89.6200027,125.400002,180.800003,286.200012,378.799988,505.200012,598.599976,674.200012,785.599976,895.200012,1007.79999,1070.19995,1135.00000,1152.00000,1142.40002,1088.59998,970.799988,648.799988,444.000000,239.779999,92.6799927
 2.29999995,38.7000008,40.7999992,42.5000000,39.7999992,40.8299980,40.4300003,37.1299973,37.1299973,39.5000000,43.4000015,55.8400002,72.2900009,89.4800034,125.099998,180.199997,284.799988,376.700012,501.799988,593.900024,668.299988,777.400024,883.799988,991.700012,1050.30005,1107.50000,1118.00000,1103.59998,1042.90002,921.200012,603.200012,409.500000,220.170013,85.5200043
 2.40000010,38.7000008,40.7999992,42.5000000,39.7999992,40.8400002,40.4400024,37.1399994,37.1399994,39.5000000,43.4000015,55.8199997,72.2200012,89.3400040,124.800003,179.600006,283.399994,374.600006,498.399994,589.200012,662.400024,769.200012,872.399963,975.599976,1030.40002,1080.00000,1084.00000,1064.79993,997.199951,871.599976,557.599976,374.999969,200.559982,78.3599930
 2.50000000,38.7000008,40.7999992,42.5000000,39.7999992,40.8499985,40.4500008,37.1500015,37.1500015,39.5000000,43.4000015,55.8000031,72.1500015,89.1999969,124.500000,179.000000,282.000000,372.500000,495.000000,584.500000,656.500000,761.000000,861.000000,959.500000,1010.50000,1052.50000,1050.00000,1026.00000,951.500000,822.000000,512.000000,340.500000,180.949997,71.1999969
 2.59999990,38.7000008,40.7999992,42.5000000,39.7999992,40.8600006,40.4599991,37.1599998,37.1599998,39.5000000,43.4000015,55.7800026,72.0800018,89.0599976,124.199997,178.399994,280.600006,370.399994,491.600006,579.799988,650.599976,752.799988,849.600037,943.400024,990.600037,1025.00000,1016.00000,987.200073,905.800049,772.400024,466.400055,306.000031,161.340012,64.0400085
 2.70000005,38.7000008,40.7999992,42.5000000,39.7999992,40.8700027,40.4700012,37.1700020,37.1700020,39.5000000,43.4000015,55.7600021,72.0100021,88.9199982,123.900002,177.800003,279.200012,368.299988,488.200012,575.099976,644.700012,744.599976,838.200012,927.299988,970.700012,997.500000,982.000000,948.400024,860.099976,722.799988,420.799988,271.500000,141.729980,56.8799973
 2.79999995,38.7000008,40.7999992,42.5000000,39.7999992,40.8800011,40.4799995,37.1800003,37.1800003,39.5000000,43.4000015,55.7400017,71.9400024,88.7799988,123.599998,177.199997,277.799988,366.200012,484.799988,570.400024,638.799988,736.400024,826.799988,911.200012,950.799988,970.000000,948.000000,909.599976,814.400024,673.200012,375.200012,237.000031,122.120010,49.7200050
 2.90000010,38.7000008,40.7999992,42.5000000,39.7999992,40.8900032,40.4900017,37.1900024,37.1900024,39.5000000,43.4000015,55.7200012,71.8700027,88.6399994,123.300003,176.600006,276.399994,364.100006,481.399994,565.700012,632.900024,728.200012,815.399963,895.099976,930.899963,942.500000,914.000000,870.799927,768.699951,623.599976,329.599945,202.499969,102.509979,42.5599976
 3.0000,38.700,40.800,42.500,39.800,40.900,40.500,37.200,37.200,39.500,43.400,55.700,71.800,88.500,123.00,176.00,275.00,362.00,478.00,561.00,627.00,720.00,804.00,879.00,911.00,915.00,880.00,832.00,723.00,574.00,284.00,168.00,82.900,35.400
 3.09999990,38.7000008,40.7999992,42.5099983,39.8099976,40.9000015,40.5099983,37.2099991,37.2099991,39.5200005,43.4000015,55.6700020,71.7100067,88.3400040,122.699997,175.199997,273.500000,359.799988,474.500000,556.299988,621.099976,711.900024,792.799988,863.200012,891.500000,889.900024,851.500000,801.400024,691.600037,545.200012,267.800018,158.250015,78.2900085,34.0600014
 3.20000005,38.7000008,40.7999992,42.5200005,39.8199997,40.9000015,40.5200005,37.2200012,37.2200012,39.5400009,43.4000015,55.6399994,71.6200027,88.1800003,122.400002,174.399994,272.000000,357.600006,471.000000,551.599976,615.200012,703.799988,781.599976,847.399963,872.000000,864.799988,823.000000,770.799988,660.200012,516.399963,251.599991,148.500000,73.6800003,32.7200012
 3.29999995,38.7000008,40.7999992,42.5299988,39.8299980,40.9000015,40.5299988,37.2299995,37.2299995,39.5600014,43.4000015,55.6100006,71.5300064,88.0200043,122.099998,173.600006,270.500000,355.399994,467.500000,546.900024,609.299988,695.700012,770.400024,831.599976,852.500000,839.700012,794.500000,740.200012,628.800049,487.600006,235.400009,138.750000,69.0700073,31.3800011
 3.40000010,38.7000008,40.7999992,42.5400009,39.8400002,40.9000015,40.5400009,37.2400017,37.2400017,39.5800018,43.4000015,55.5800018,71.4400024,87.8600006,121.800003,172.800003,269.000000,353.200012,464.000000,542.200012,603.400024,687.599976,759.200012,815.799988,833.000000,814.599976,766.000000,709.599976,597.399963,458.799988,219.199982,129.000000,64.4599915,30.0399990
 3.50000000,38.7000008,40.7999992,42.5499992,39.8499985,40.9000015,40.5499992,37.2500000,37.2500000,39.5999985,43.4000015,55.5500031,71.3500061,87.6999969,121.500000,172.000000,267.500000,351.000000,460.500000,537.500000,597.500000,679.500000,748.000000,800.000000,813.500000,789.500000,737.500000,679.000000,566.000000,430.000000,203.000000,119.250000,59.8499985,28.7000008
 3.59999990,38.7000008,40.7999992,42.5599976,39.8600006,40.9000015,40.5599976,37.2599983,37.2599983,39.6199989,43.4000015,55.5200005,71.2600021,87.5400009,121.199997,171.199997,266.000000,348.799988,457.000000,532.799988,591.599976,671.400024,736.799988,784.200012,794.000000,764.400024,709.000000,648.400024,534.600037,401.200012,186.800018,109.500008,55.2400055,27.3600006
 3.70000005,38.7000008,40.7999992,42.5699997,39.8700027,40.9000015,40.5699997,37.2700005,37.2700005,39.6399994,43.4000015,55.4900017,71.1699982,87.3799973,120.900002,170.399994,264.500000,346.600006,453.500000,528.099976,585.700012,663.299988,725.599976,768.400024,774.500000,739.299988,680.500000,617.799988,503.199982,372.399994,170.599991,99.7499924,50.6299973,26.0200005
 3.79999995,38.7000008,40.7999992,42.5799980,39.8800011,40.9000015,40.5799980,37.2799988,37.2799988,39.6599998,43.4000015,55.4600029,71.0800018,87.2200012,120.599998,169.600006,263.000000,344.399994,450.000000,523.400024,579.799988,655.200012,714.400024,752.599976,755.000000,714.200012,652.000000,587.200012,471.800018,343.600006,154.400009,90.0000076,46.0200005,24.6800003
 3.90000010,38.7000008,40.7999992,42.5900002,39.8900032,40.9000015,40.5900002,37.2900009,37.2900009,39.6800003,43.4000015,55.4300003,70.9899979,87.0599976,120.300003,168.800003,261.500000,342.200012,446.500000,518.700012,573.900024,647.099976,703.200012,736.799988,735.500000,689.099976,623.500000,556.599976,440.399963,314.799988,138.199982,80.2499924,41.4099960,23.3400002
 4.0000,38.700,40.800,42.600,39.900,40.900,40.600,37.300,37.300,39.700,43.400,55.400,70.900,86.900,120.00,168.00,260.00,340.00,443.00,514.00,568.00,639.00,692.00,721.00,716.00,664.00,595.00,526.00,409.00,286.00,122.00,70.500,36.800,22.000
 4.09999990,38.7000008,40.7999992,42.5999985,39.9000015,40.9099998,40.6099968,37.3199997,37.3299980,39.7099991,43.4099998,55.3600006,70.8100052,86.7300034,119.599998,167.300003,258.600006,337.799988,439.600006,509.300018,562.099976,630.799988,681.000000,706.400024,698.700012,643.700012,573.800049,505.200012,390.800018,272.400024,116.010002,67.1600037,35.7600021,20.8600006
 4.19999981,38.7000008,40.7999992,42.5999985,39.9000015,40.9200020,40.6199989,37.3400002,37.3600006,39.7200012,43.4200020,55.3199997,70.7200012,86.5599976,119.199997,166.600006,257.200012,335.600006,436.200012,504.600006,556.200012,622.600037,670.000000,691.800049,681.400024,623.400024,552.600037,484.400024,372.600037,258.800018,110.020012,63.8200073,34.7200012,19.7200012
 4.30000019,38.7000008,40.7999992,42.5999985,39.9000015,40.9300003,40.6300011,37.3600006,37.3899994,39.7299995,43.4300003,55.2800026,70.6299973,86.3899994,118.800003,165.899994,255.800003,333.399994,432.799988,499.899994,550.299988,614.399963,659.000000,677.199951,664.099976,603.099976,531.399963,463.599976,354.399963,245.199982,104.029984,60.4799919,33.6799965,18.5799980
 4.40000010,38.7000008,40.7999992,42.5999985,39.9000015,40.9400024,40.6399994,37.3800011,37.4199982,39.7400017,43.4400024,55.2400017,70.5400009,86.2200012,118.400002,165.199997,254.399994,331.200012,429.399994,495.199982,544.400024,606.200012,648.000000,662.599976,646.799988,582.799988,510.199982,442.799988,336.199982,231.599991,98.0399933,57.1399956,32.6399994,17.4399986
 4.50000000,38.7000008,40.7999992,42.5999985,39.9000015,40.9500008,40.6500015,37.4000015,37.4499969,39.7500000,43.4500008,55.2000008,70.4499969,86.0500031,118.000000,164.500000,253.000000,329.000000,426.000000,490.500000,538.500000,598.000000,637.000000,648.000000,629.500000,562.500000,489.000000,422.000000,318.000000,218.000000,92.0500031,53.7999992,31.5999985,16.2999992
 4.59999990,38.7000008,40.7999992,42.5999985,39.9000015,40.9599991,40.6599998,37.4199982,37.4799995,39.7599983,43.4599991,55.1599998,70.3600006,85.8799973,117.599998,163.800003,251.600006,326.799988,422.600006,485.800018,532.599976,589.799988,626.000000,633.400024,612.200012,542.200012,467.800018,401.200012,299.800018,204.400009,86.0600052,50.4600029,30.5600014,15.1600018
 4.69999981,38.7000008,40.7999992,42.5999985,39.9000015,40.9700012,40.6699982,37.4399986,37.5099983,39.7700005,43.4700012,55.1199989,70.2700043,85.7099991,117.199997,163.100006,250.199997,324.600006,419.200012,481.100006,526.700012,581.600037,615.000000,618.800049,594.900024,521.900024,446.600037,380.400024,281.600037,190.800018,80.0700073,47.1200027,29.5200005,14.0200024
 4.80000019,38.7000008,40.7999992,42.5999985,39.9000015,40.9799995,40.6800003,37.4599991,37.5399971,39.7799988,43.4799995,55.0800018,70.1800003,85.5400009,116.800003,162.399994,248.800003,322.399994,415.799988,476.399994,520.799988,573.399963,604.000000,604.199951,577.599976,501.599976,425.399963,359.599976,263.399963,177.199982,74.0799866,43.7799911,28.4799976,12.8799982
 4.90000010,38.7000008,40.7999992,42.5999985,39.9000015,40.9900017,40.6900024,37.4799995,37.5699997,39.7900009,43.4900017,55.0400009,70.0899963,85.3699951,116.400002,161.699997,247.399994,320.200012,412.399994,471.700012,514.900024,565.200012,593.000000,589.599976,560.299988,481.299988,404.199982,338.799988,245.199982,163.599991,68.0899963,40.4399948,27.4399986,11.7399988
 5.0000,38.700,40.800,42.600,39.900,41.000,40.700,37.500,37.600,39.800,43.500,55.000,70.000,85.200,116.00,161.00,246.00,318.00,409.00,467.00,509.00,557.00,582.00,575.00,543.00,461.00,383.00,318.00,227.00,150.00,62.100,37.100,26.400,10.600
 5.09999990,38.7099991,40.8099976,42.5999985,39.9099998,41.0099983,40.7099991,37.5099983,37.6199989,39.8199997,43.5000000,54.9700012,69.9000015,85.0299988,115.599998,160.300003,244.600006,315.899994,405.600006,462.300018,503.200012,549.200012,571.799988,562.100037,528.600037,445.900024,368.900024,305.500000,217.600006,143.779999,59.5800018,36.1599998,25.4500008,10.3990002
 5.19999981,38.7200012,40.8199997,42.5999985,39.9200020,41.0200005,40.7200012,37.5200005,37.6399994,39.8400002,43.5000000,54.9399986,69.8000031,84.8600006,115.199997,159.600006,243.199997,313.800018,402.200012,457.600006,497.400024,541.400024,561.600037,549.200012,514.200012,430.800018,354.800018,293.000031,208.200012,137.560013,57.0600052,35.2200012,24.5000019,10.1980009
 5.30000019,38.7299995,40.8300018,42.5999985,39.9300003,41.0299988,40.7299995,37.5299988,37.6599998,39.8600006,43.5000000,54.9099998,69.6999969,84.6899948,114.800003,158.899994,241.800003,311.699982,398.799988,452.899994,491.599976,533.599976,551.399963,536.299988,499.799988,415.699982,340.699982,280.499969,198.799988,131.339996,54.5399933,34.2799988,23.5499973,9.99699974
 5.40000010,38.7400017,40.8400002,42.5999985,39.9400024,41.0400009,40.7400017,37.5400009,37.6800003,39.8800011,43.5000000,54.8800011,69.5999985,84.5199966,114.400002,158.199997,240.399994,309.600006,395.399994,448.199982,485.799988,525.799988,541.200012,523.399963,485.399994,400.599976,326.599976,268.000000,189.399994,125.119995,52.0199966,33.3400002,22.5999985,9.79600048
 5.50000000,38.7500000,40.8499985,42.5999985,39.9500008,41.0499992,40.7500000,37.5499992,37.6999969,39.9000015,43.5000000,54.8499985,69.5000000,84.3499985,114.000000,157.500000,239.000000,307.500000,392.000000,443.500000,480.000000,518.000000,531.000000,510.500000,471.000000,385.500000,312.500000,255.500000,180.000000,118.900002,49.5000000,32.4000015,21.6499996,9.59500027
 5.59999990,38.7599983,40.8600006,42.5999985,39.9599991,41.0599976,40.7599983,37.5599976,37.7199974,39.9199982,43.5000000,54.8199997,69.4000015,84.1800003,113.599998,156.800003,237.600006,305.399994,388.600006,438.800018,474.200012,510.200012,520.799988,497.600006,456.600006,370.400024,298.400024,243.000015,170.600006,112.680008,46.9800034,31.4600010,20.7000008,9.39400005
 5.69999981,38.7700005,40.8699989,42.5999985,39.9700012,41.0699997,40.7700005,37.5699997,37.7399979,39.9399986,43.5000000,54.7900009,69.3000031,84.0100021,113.199997,156.100006,236.199997,303.300018,385.200012,434.100006,468.400024,502.400024,510.600037,484.700012,442.200012,355.300018,284.300018,230.500031,161.200012,106.460014,44.4600067,30.5200024,19.7500019,9.19300079
 5.80000019,38.7799988,40.8800011,42.5999985,39.9799995,41.0799980,40.7799988,37.5799980,37.7599983,39.9599991,43.5000000,54.7600021,69.1999969,83.8399963,112.800003,155.399994,234.800003,301.200012,381.799988,429.399994,462.599976,494.599976,500.399963,471.799988,427.799988,340.199982,270.199982,217.999969,151.799988,100.239990,41.9399948,29.5799980,18.7999973,8.99199963
 5.90000010,38.7900009,40.8900032,42.5999985,39.9900017,41.0900002,40.7900009,37.5900002,37.7799988,39.9799995,43.5000000,54.7299995,69.0999985,83.6699982,112.400002,154.699997,233.399994,299.100006,378.399994,424.700012,456.799988,486.799988,490.199982,458.899994,413.399994,325.099976,256.099976,205.499985,142.399994,94.0199966,39.4199982,28.6399994,17.8499985,8.79100037
 6.0000,38.800,40.900,42.600,40.000,41.100,40.800,37.600,37.800,40.000,43.500,54.700,69.000,83.500,112.00,154.00,232.00,297.00,375.00,420.00,451.00,479.00,480.00,446.00,399.00,310.00,242.00,193.00,133.00,87.800,36.900,27.700,16.900,8.5900
 6.09999990,38.7999992,40.9000015,42.6099968,40.0099983,41.1099968,40.8099976,37.6199989,37.8199997,40.0099983,43.5000000,54.6599998,68.9100037,83.3300018,111.699997,153.399994,230.600006,294.899994,371.600006,415.500000,445.399994,471.600006,470.800018,435.200012,387.800018,299.700012,233.300003,185.900009,128.169998,84.5700073,35.9900017,27.0300007,16.2030010,8.34500027
 6.19999981,38.7999992,40.9000015,42.6199989,40.0200005,41.1199989,40.8199997,37.6399994,37.8400002,40.0200005,43.5000000,54.6199989,68.8199997,83.1600037,111.400002,152.800003,229.199997,292.800018,368.200012,411.000000,439.800018,464.200012,461.600006,424.400024,376.600037,289.400024,224.600021,178.800018,123.340012,81.3400116,35.0800018,26.3600025,15.5060015,8.10000038
 6.30000019,38.7999992,40.9000015,42.6300011,40.0299988,41.1300011,40.8300018,37.6599998,37.8600006,40.0299988,43.5000000,54.5800018,68.7299957,82.9899979,111.099998,152.199997,227.800003,290.699982,364.799988,406.500000,434.199982,456.799988,452.399994,413.599976,365.399963,279.099976,215.899979,171.699982,118.509987,78.1099930,34.1699982,25.6899986,14.8089981,7.85499954
 6.40000010,38.7999992,40.9000015,42.6399994,40.0400009,41.1399994,40.8400002,37.6800003,37.8800011,40.0400009,43.5000000,54.5400009,68.6399994,82.8199997,110.800003,151.600006,226.399994,288.600006,361.399994,402.000000,428.600006,449.399994,443.199982,402.799988,354.199982,268.799988,207.199997,164.599991,113.679993,74.8799973,33.2599983,25.0200005,14.1119995,7.60999966
 6.50000000,38.7999992,40.9000015,42.6500015,40.0499992,41.1500015,40.8499985,37.6999969,37.9000015,40.0499992,43.5000000,54.5000000,68.5500031,82.6500015,110.500000,151.000000,225.000000,286.500000,358.000000,397.500000,423.000000,442.000000,434.000000,392.000000,343.000000,258.500000,198.500000,157.500000,108.849998,71.6500015,32.3499985,24.3500004,13.4150000,7.36499977
 6.59999990,38.7999992,40.9000015,42.6599998,40.0599976,41.1599998,40.8600006,37.7199974,37.9199982,40.0599976,43.5000000,54.4599991,68.4599991,82.4800034,110.199997,150.399994,223.600006,284.399994,354.600006,393.000000,417.399994,434.600006,424.800018,381.200012,331.800018,248.200012,189.800003,150.400009,104.020004,68.4200058,31.4400005,23.6800003,12.7180004,7.12000036
 6.69999981,38.7999992,40.9000015,42.6699982,40.0699997,41.1699982,40.8699989,37.7399979,37.9399986,40.0699997,43.5000000,54.4199982,68.3700027,82.3100052,109.900002,149.800003,222.199997,282.300018,351.200012,388.500000,411.800018,427.200012,415.600037,370.400024,320.600037,237.900024,181.100021,143.300018,99.1900024,65.1900024,30.5300026,23.0100021,12.0210018,6.87500048
 6.80000019,38.7999992,40.9000015,42.6800003,40.0799980,41.1800003,40.8800011,37.7599983,37.9599991,40.0799980,43.5000000,54.3800011,68.2799988,82.1399994,109.599998,149.199997,220.800003,280.200012,347.799988,384.000000,406.199982,419.799988,406.399963,359.599976,309.399963,227.599976,172.399994,136.199982,94.3599854,61.9599953,29.6199989,22.3399982,11.3239994,6.62999916
 6.90000010,38.7999992,40.9000015,42.6900024,40.0900002,41.1900024,40.8900032,37.7799988,37.9799995,40.0900002,43.5000000,54.3400002,68.1899948,81.9700012,109.300003,148.600006,219.399994,278.100006,344.399994,379.500000,400.600006,412.399994,397.199982,348.799988,298.199982,217.299988,163.699982,129.099991,89.5299911,58.7299957,28.7099991,21.6700001,10.6269989,6.38499975
 7.0000,38.800,40.900,42.700,40.100,41.200,40.900,37.800,38.000,40.100,43.500,54.300,68.100,81.800,109.00,148.00,218.00,276.00,341.00,375.00,395.00,405.00,388.00,338.00,287.00,207.00,155.00,122.00,84.700,55.500,27.800,21.000,9.9300,6.1400
 7.09999990,38.7999992,40.9000015,42.7000008,40.1099968,41.2200012,40.9200020,37.8299980,38.0299988,40.1199989,43.5000000,54.2599983,68.0000000,81.6399994,108.699997,147.300003,216.600006,273.899994,337.700012,370.600006,389.700012,398.300018,380.100006,329.500000,278.800018,200.300003,150.000000,118.090004,81.9700012,53.7100029,27.3099995,20.2900009,9.71400070,5.81400013
 7.19999981,38.7999992,40.9000015,42.7000008,40.1199989,41.2400017,40.9400024,37.8600006,38.0600014,40.1399994,43.5000000,54.2200012,67.9000015,81.4800034,108.400002,146.600006,215.199997,271.800018,334.399994,366.200012,384.400024,391.600006,372.200012,321.000000,270.600006,193.600006,145.000015,114.180008,79.2400055,51.9200020,26.8199997,19.5800018,9.49800110,5.48800039
 7.30000019,38.7999992,40.9000015,42.7000008,40.1300011,41.2600021,40.9599991,37.8899994,38.0900002,40.1599998,43.5000000,54.1800003,67.7999954,81.3199997,108.099998,145.899994,213.800003,269.699982,331.100006,361.799988,379.099976,384.899994,364.299988,312.500000,262.399994,186.899994,139.999985,110.269989,76.5099945,50.1299973,26.3299980,18.8699989,9.28199959,5.16199923
 7.40000010,38.7999992,40.9000015,42.7000008,40.1399994,41.2800026,40.9799995,37.9199982,38.1199989,40.1800003,43.5000000,54.1399994,67.6999969,81.1600037,107.800003,145.199997,212.399994,267.600006,327.799988,357.399994,373.799988,378.199982,356.399994,304.000000,254.199997,180.199997,135.000000,106.360001,73.7799988,48.3399963,25.8399982,18.1599998,9.06599998,4.83599949
 7.50000000,38.7999992,40.9000015,42.7000008,40.1500015,41.3000031,41.0000000,37.9499969,38.1500015,40.1999969,43.5000000,54.0999985,67.5999985,81.0000000,107.500000,144.500000,211.000000,265.500000,324.500000,353.000000,368.500000,371.500000,348.500000,295.500000,246.000000,173.500000,130.000000,102.449997,71.0500031,46.5499992,25.3499985,17.4500008,8.85000038,4.51000023
 7.59999990,38.7999992,40.9000015,42.7000008,40.1599998,41.3199997,41.0200005,37.9799995,38.1800003,40.2199974,43.5000000,54.0600014,67.5000000,80.8399963,107.199997,143.800003,209.600006,263.399994,321.200012,348.600006,363.200012,364.800018,340.600006,287.000000,237.800003,166.800003,125.000000,98.5400085,68.3199997,44.7600021,24.8600006,16.7399998,8.63400078,4.18400049
 7.69999981,38.7999992,40.9000015,42.7000008,40.1699982,41.3400002,41.0400009,38.0099983,38.2099991,40.2399979,43.5000000,54.0200005,67.4000015,80.6800003,106.900002,143.100006,208.199997,261.300018,317.899994,344.200012,357.900024,358.100006,332.700012,278.500000,229.600006,160.100006,120.000008,94.6300049,65.5900040,42.9700012,24.3700008,16.0300007,8.41800022,3.85800076
 7.80000019,38.7999992,40.9000015,42.7000008,40.1800003,41.3600006,41.0599976,38.0399971,38.2399979,40.2599983,43.5000000,53.9799995,67.2999954,80.5199966,106.599998,142.399994,206.800003,259.200012,314.600006,339.799988,352.599976,351.399994,324.799988,270.000000,221.399994,153.399994,114.999992,90.7199936,62.8599930,41.1799965,23.8799992,15.3199978,8.20199966,3.53199935
 7.90000010,38.7999992,40.9000015,42.7000008,40.1900024,41.3800011,41.0799980,38.0699997,38.2700005,40.2799988,43.5000000,53.9400024,67.1999969,80.3600006,106.300003,141.699997,205.399994,257.100006,311.299988,335.399994,347.299988,344.699982,316.899994,261.500000,213.199982,146.699997,110.000000,86.8099976,60.1299973,39.3899994,23.3899994,14.6099987,7.98600006,3.20599985
 8.0000,38.800,40.900,42.700,40.200,41.400,41.100,38.100,38.300,40.300,43.500,53.900,67.100,80.200,106.00,141.00,204.00,255.00,308.00,331.00,342.00,338.00,309.00,253.00,205.00,140.00,105.00,82.900,57.400,37.600,22.900,13.900,7.7700,2.8800
 8.10000038,38.7999992,40.9099998,42.7099991,40.2099991,41.4099998,41.1199989,38.1199989,38.3299980,40.3100014,43.5000000,53.8600006,67.0099945,80.0299988,105.599998,140.300003,202.599991,252.899994,304.799988,326.899994,337.099976,332.099976,302.399963,246.399979,199.099976,135.869980,101.939987,80.5199890,55.7099953,36.6899948,22.3299980,13.4299974,7.71799994,2.74399948
 8.19999981,38.7999992,40.9200020,42.7200012,40.2200012,41.4200020,41.1399994,38.1399994,38.3600006,40.3199997,43.5000000,53.8199997,66.9199982,79.8600006,105.199997,139.600006,201.199997,250.800003,301.600006,322.800018,332.200012,326.200012,295.800018,239.800018,193.200012,131.740005,98.8800049,78.1400070,54.0200043,35.7799988,21.7600002,12.9600010,7.66599989,2.60800028
 8.30000019,38.7999992,40.9300003,42.7299995,40.2299995,41.4300003,41.1599998,38.1599998,38.3899994,40.3300018,43.5000000,53.7800026,66.8299942,79.6899948,104.800003,138.899994,199.800003,248.699997,298.399994,318.699982,327.299988,320.299988,289.199982,233.199982,187.299988,127.609993,95.8199921,75.7599945,52.3299980,34.8699989,21.1899986,12.4899988,7.61399984,2.47199988
 8.39999962,38.7999992,40.9400024,42.7400017,40.2400017,41.4400024,41.1800003,38.1800003,38.4199982,40.3400002,43.5000000,53.7400017,66.7399979,79.5199966,104.400002,138.199997,198.400009,246.600006,295.200012,314.600006,322.400024,314.400024,282.600037,226.600021,181.400024,123.480011,92.7600098,73.3800125,50.6400070,33.9600029,20.6200027,12.0200014,7.56200027,2.33600044
 8.50000000,38.7999992,40.9500008,42.7500000,40.2500000,41.4500008,41.1999969,38.1999969,38.4499969,40.3499985,43.5000000,53.7000008,66.6499939,79.3499985,104.000000,137.500000,197.000000,244.500000,292.000000,310.500000,317.500000,308.500000,276.000000,220.000000,175.500000,119.349998,89.6999969,71.0000000,48.9500008,33.0499992,20.0499992,11.5499992,7.51000023,2.20000005
 8.60000038,38.7999992,40.9599991,42.7599983,40.2599983,41.4599991,41.2199974,38.2199974,38.4799995,40.3600006,43.5000000,53.6599998,66.5599976,79.1800003,103.599998,136.800003,195.599991,242.399994,288.799988,306.399994,312.599976,302.599976,269.399963,213.399979,169.599976,115.219986,86.6399918,68.6199875,47.2599945,32.1399956,19.4799976,11.0799980,7.45799971,2.06399965
 8.69999981,38.7999992,40.9700012,42.7700005,40.2700005,41.4700012,41.2399979,38.2399979,38.5099983,40.3699989,43.5000000,53.6199989,66.4700012,79.0100021,103.199997,136.100006,194.199997,240.300003,285.600006,302.300018,307.700012,296.700012,262.800018,206.800018,163.700012,111.090004,83.5800095,66.2400055,45.5700035,31.2300014,18.9100018,10.6100006,7.40600014,1.92800021
 8.80000019,38.7999992,40.9799995,42.7799988,40.2799988,41.4799995,41.2599983,38.2599983,38.5399971,40.3800011,43.5000000,53.5800018,66.3799973,78.8399963,102.800003,135.399994,192.800003,238.199997,282.399994,298.199982,302.799988,290.799988,256.199982,200.199982,157.799988,106.959991,80.5199966,63.8599930,43.8799973,30.3199978,18.3400002,10.1399994,7.35400009,1.79199970
 8.89999962,38.7999992,40.9900017,42.7900009,40.2900009,41.4900017,41.2799988,38.2799988,38.5699997,40.3899994,43.5000000,53.5400009,66.2900009,78.6699982,102.400002,134.699997,191.400009,236.100006,279.200012,294.100006,297.900024,284.900024,249.600021,193.600021,151.900024,102.830017,77.4600143,61.4800072,42.1900063,29.4100037,17.7700024,9.67000198,7.30200005,1.65600049
 9.0000,38.800,41.000,42.800,40.300,41.500,41.300,38.300,38.600,40.400,43.500,53.500,66.200,78.500,102.00,134.00,190.00,234.00,276.00,290.00,293.00,279.00,243.00,187.00,146.00,98.700,74.400,59.100,40.500,28.500,17.200,9.2000,7.2500,1.5200
 9.10000038,38.8100014,41.0000000,42.8100014,40.3199997,41.5200005,41.3199997,38.3199997,38.6199989,40.4099998,43.4900017,53.4599991,66.0999985,78.3399963,101.680000,133.399994,188.699997,232.000000,273.000000,286.199982,288.599976,273.899994,237.599976,182.199982,142.099991,96.0999908,72.4699936,57.5399933,39.4899979,28.0399990,16.6699982,8.99999905,7.04199934,1.50199997
 9.19999981,38.8199997,41.0000000,42.8199997,40.3400002,41.5400009,41.3400002,38.3400002,38.6399994,40.4200020,43.4799995,53.4199982,66.0000000,78.1800003,101.360001,132.800003,187.400009,230.000000,270.000000,282.399994,284.200012,268.800018,232.200012,177.400009,138.200012,93.5000000,70.5400009,55.9800034,38.4800034,27.5799999,16.1400013,8.80000019,6.83400059,1.48399997
 9.30000019,38.8300018,41.0000000,42.8300018,40.3600006,41.5600014,41.3600006,38.3600006,38.6599998,40.4300003,43.4700012,53.3800011,65.8999939,78.0199966,101.040001,132.199997,186.099991,228.000000,267.000000,278.600006,279.799988,263.699982,226.799988,172.599991,134.299988,90.8999939,68.6100006,54.4199944,37.4699974,27.1199989,15.6099997,8.59999943,6.62599945,1.46599996
 9.39999962,38.8400002,41.0000000,42.8400002,40.3800011,41.5800018,41.3800011,38.3800011,38.6800003,40.4400024,43.4599991,53.3400002,65.7999954,77.8600006,100.720001,131.600006,184.800003,226.000000,264.000000,274.800018,275.400024,258.600006,221.400024,167.800018,130.400009,88.3000031,66.6800079,52.8600044,36.4600029,26.6600018,15.0800018,8.40000057,6.41800070,1.44800007
 9.50000000,38.8499985,41.0000000,42.8499985,40.4000015,41.5999985,41.4000015,38.4000015,38.6999969,40.4500008,43.4500008,53.2999992,65.6999969,77.6999969,100.400002,131.000000,183.500000,224.000000,261.000000,271.000000,271.000000,253.500000,216.000000,163.000000,126.500000,85.6999969,64.7500000,51.2999992,35.4500008,26.2000008,14.5500002,8.19999981,6.21000004,1.43000007
 9.60000038,38.8600006,41.0000000,42.8600006,40.4199982,41.6199989,41.4199982,38.4199982,38.7199974,40.4599991,43.4400024,53.2599983,65.5999985,77.5400009,100.080002,130.399994,182.199997,222.000000,258.000000,267.199982,266.599976,248.399979,210.599976,158.199982,122.599983,83.0999908,62.8199921,49.7399940,34.4399948,25.7399979,14.0199986,7.99999905,6.00199938,1.41199994
 9.69999981,38.8699989,41.0000000,42.8699989,40.4399986,41.6399994,41.4399986,38.4399986,38.7399979,40.4700012,43.4300003,53.2199974,65.5000000,77.3800049,99.7600021,129.800003,180.900009,220.000000,255.000000,263.399994,262.200012,243.300018,205.200012,153.400009,118.700012,80.5000000,60.8900032,48.1800003,33.4300003,25.2800007,13.4900007,7.80000019,5.79400063,1.39400005
 9.80000019,38.8800011,41.0000000,42.8800011,40.4599991,41.6599998,41.4599991,38.4599991,38.7599983,40.4799995,43.4200020,53.1800003,65.3999939,77.2200012,99.4400024,129.199997,179.599991,218.000000,252.000000,259.600006,257.799988,238.199982,199.799988,148.599991,114.799988,77.8999939,58.9599953,46.6199951,32.4199982,24.8199997,12.9599991,7.59999943,5.58599949,1.37599993
 9.89999962,38.8899994,41.0000000,42.8899994,40.4799995,41.6800003,41.4799995,38.4799995,38.7799988,40.4900017,43.4099998,53.1399994,65.2999954,77.0600052,99.1200027,128.600006,178.300003,216.000000,249.000015,255.800018,253.400024,233.100021,194.400024,143.800018,110.900017,75.3000031,57.0300064,45.0600052,31.4100037,24.3600006,12.4300022,7.40000057,5.37800074,1.35800004
 10.000,38.900,41.000,42.900,40.500,41.700,41.500,38.500,38.800,40.500,43.400,53.100,65.200,76.900,98.800,128.00,177.00,214.00,246.00,252.00,249.00,228.00,189.00,139.00,107.00,72.700,55.100,43.500,30.400,23.900,11.900,7.2000,5.1700,1.3400
 10.1000004,38.9000015,41.0099983,42.9099998,40.5099983,41.7200012,41.5200005,38.5299988,38.8199997,40.5099983,43.4000015,53.0599976,65.0999985,76.7300034,98.4599991,127.399994,175.699997,212.099991,243.099991,248.499985,245.099991,223.699982,184.799988,135.499985,104.319992,70.9799881,53.7699928,42.4499969,29.8399982,23.5699978,11.5559988,7.15099955,4.94799900,1.30799985
 10.1999998,38.9000015,41.0200005,42.9200020,40.5200005,41.7400017,41.5400009,38.5600014,38.8400002,40.5200005,43.4000015,53.0200005,65.0000000,76.5599976,98.1200027,126.800003,174.400009,210.199997,240.200012,245.000000,241.200012,219.400009,180.600006,132.000000,101.640007,69.2600021,52.4400024,41.4000015,29.2800007,23.2399998,11.2119999,7.10199976,4.72600031,1.27600002
 10.3000002,38.9000015,41.0299988,42.9300003,40.5299988,41.7600021,41.5600014,38.5900002,38.8600006,40.5299988,43.4000015,52.9799995,64.8999939,76.3899994,97.7799988,126.199997,173.099991,208.300003,237.299988,241.500000,237.299988,215.099991,176.399994,128.500000,98.9599915,67.5399933,51.1099968,40.3499985,28.7199993,22.9099998,10.8679991,7.05299997,4.50399971,1.24399996
 10.3999996,38.9000015,41.0400009,42.9400024,40.5400009,41.7800026,41.5800018,38.6199989,38.8800011,40.5400009,43.4000015,52.9399986,64.7999954,76.2200012,97.4400024,125.600006,171.800003,206.400009,234.400009,238.000015,233.400009,210.800018,172.200012,125.000015,96.2800064,65.8200073,49.7800026,39.3000031,28.1600018,22.5800018,10.5240011,7.00400019,4.28200102,1.21200013
 10.5000000,38.9000015,41.0499992,42.9500008,40.5499992,41.8000031,41.5999985,38.6500015,38.9000015,40.5499992,43.4000015,52.9000015,64.6999969,76.0500031,97.1000061,125.000000,170.500000,204.500000,231.500000,234.500000,229.500000,206.500000,168.000000,121.500000,93.5999985,64.0999985,48.4499969,38.2500000,27.5999985,22.2500000,10.1800003,6.95499992,4.05999994,1.18000007
 10.6000004,38.9000015,41.0599976,42.9599991,40.5599976,41.8199997,41.6199989,38.6800003,38.9199982,40.5599976,43.4000015,52.8600006,64.5999985,75.8799973,96.7600021,124.399994,169.199997,202.599991,228.599991,230.999985,225.599991,202.199982,163.799988,117.999985,90.9199905,62.3799934,47.1199951,37.1999969,27.0399971,21.9199982,9.83599854,6.90599966,3.83799934,1.14799988
 10.6999998,38.9000015,41.0699997,42.9700012,40.5699997,41.8400002,41.6399994,38.7099991,38.9399986,40.5699997,43.4000015,52.8199997,64.5000000,75.7099991,96.4200058,123.800003,167.900009,200.699997,225.700012,227.500000,221.700012,197.900009,159.600006,114.500008,88.2400055,60.6600037,45.7900009,36.1500015,26.4799995,21.5900002,9.49200058,6.85699987,3.61600065,1.11600006
 10.8000002,38.9000015,41.0799980,42.9799995,40.5799980,41.8600006,41.6599998,38.7399979,38.9599991,40.5799980,43.4000015,52.7799988,64.3999939,75.5400009,96.0800018,123.199997,166.599991,198.800003,222.799988,224.000000,217.799988,193.599991,155.399994,110.999992,85.5599899,58.9399948,44.4599953,35.0999985,25.9199982,21.2600002,9.14799881,6.80800009,3.39399958,1.08399987
 10.8999996,38.9000015,41.0900002,42.9900017,40.5900002,41.8800011,41.6800003,38.7700005,38.9799995,40.5900002,43.4000015,52.7400017,64.2999954,75.3699951,95.7400055,122.600006,165.300003,196.900009,219.900009,220.500015,213.900024,189.300018,151.200012,107.500015,82.8800049,57.2200050,43.1300049,34.0500031,25.3600006,20.9300022,8.80400085,6.75900030,3.17200089,1.05200005
 11.000,38.900,41.100,43.000,40.600,41.900,41.700,38.800,39.000,40.600,43.400,52.700,64.200,75.200,95.400,122.00,164.00,195.00,217.00,217.00,210.00,185.00,147.00,104.00,80.200,55.500,41.800,33.000,24.800,20.600,8.4600,6.7100,2.9500,1.0200
 12.000,38.900,41.200,43.100,40.800,42.100,41.900,39.000,39.300,40.700,43.300,52.200,63.200,73.500,92.100,115.00,152.00,177.00,191.00,186.00,176.00,149.00,114.00,80.100,62.300,43.400,32.500,26.400,21.500,17.100,6.6900,6.0300,1.8100,.72700
 13.000,39.000,41.300,43.100,40.900,42.300,42.100,39.200,39.500,40.800,43.200,51.800,62.200,71.800,88.800,109.00,140.00,160.00,167.00,158.00,146.00,119.00,89.500,63.200,49.800,34.500,26.200,22.200,18.800,13.400,6.0500,4.3700,1.2600,.56100
 14.000,39.000,41.300,43.300,41.100,42.500,42.400,39.500,39.700,40.900,43.200,51.300,61.200,70.100,85.500,104.00,129.00,144.00,146.00,134.00,121.00,96.200,71.300,51.100,40.500,27.900,22.000,19.500,16.000,10.100,5.7400,2.8100,1.1800,.40100
 15.000,39.100,41.400,43.400,41.300,42.700,42.600,39.700,39.800,40.900,43.000,50.700,60.100,68.400,82.300,97.900,118.00,129.00,126.00,113.00,100.00,78.000,57.900,42.200,33.400,23.200,19.200,17.300,13.200,7.7200,4.9700,1.9000,1.0500,.29800
 16.000,39.100,41.500,43.500,41.500,43.000,42.900,40.000,40.000,41.000,42.900,50.200,59.000,66.700,79.100,92.400,108.00,116.00,109.00,95.500,83.100,63.900,47.900,35.300,27.700,19.800,17.100,15.100,10.500,6.1100,3.7100,1.3400,.79900,.27200
 17.000,39.200,41.600,43.600,41.600,43.200,43.100,40.200,40.200,41.000,42.800,49.700,58.000,65.000,76.000,87.100,99.000,103.00,94.200,80.500,69.200,53.000,40.400,29.900,23.300,17.400,15.200,12.900,8.2000,5.1400,2.5900,1.0800,.65100,.22700
 18.000,39.300,41.700,43.700,41.900,43.500,43.400,40.500,40.400,41.000,42.600,49.100,56.900,63.300,73.000,82.100,90.400,92.100,81.100,68.000,58.000,44.700,34.600,25.400,19.900,15.600,13.300,10.700,6.4700,4.6200,1.8600,1.0400,.54200,.17100
 19.000,39.300,41.800,43.800,42.100,43.700,43.600,40.700,40.500,41.000,42.400,48.600,55.800,61.600,70.000,77.300,82.400,81.800,69.800,57.700,49.000,38.300,29.900,21.700,17.300,14.000,11.500,8.7100,5.2500,4.3700,1.3900,.98400,.43000,.13100
 20.000,39.400,41.900,43.900,42.300,44.000,43.900,40.900,40.700,41.000,42.200,48.000,54.700,60.000,67.200,72.700,75.000,72.700,60.200,49.300,41.900,33.200,26.000,18.800,15.300,12.500,9.6700,7.0200,4.4400,4.1300,1.0800,.82100,.34400,.11700
 21.000,39.500,42.000,44.100,42.500,44.200,44.100,41.100,40.800,41.000,42.000,47.400,53.600,58.300,64.400,68.300,68.200,64.500,52.100,42.400,36.300,29.100,22.700,16.400,13.800,11.000,8.0000,5.6800,3.9400,3.7100,.94300,.66800,.27500,.96100E-01
 22.000,39.500,42.100,44.200,42.700,44.400,44.400,41.300,40.900,40.900,41.800,46.700,52.400,56.600,61.600,64.200,62.000,57.300,45.300,36.900,31.800,25.700,19.900,14.500,12.500,9.5600,6.5700,4.6700,3.6500,3.1000,.92300,.57600,.24700,.80400E-01
 23.000,39.600,42.200,44.400,42.900,44.700,44.700,41.500,41.000,40.900,41.600,46.100,51.300,55.000,59.000,60.300,56.400,50.900,39.600,32.400,28.200,22.900,17.500,13.000,11.300,8.1600,5.3800,3.9400,3.4700,2.4600,.89500,.50200,.23500,.69200E-01
 24.000,39.700,42.300,44.500,43.100,44.900,44.900,41.700,41.100,40.800,41.400,45.500,50.200,53.400,56.400,56.600,51.300,45.400,34.800,28.700,25.200,20.400,15.500,11.800,10.200,6.8900,4.4600,3.4300,3.2800,1.9200,.79600,.42300,.20300,.55500E-01
 25.000,39.800,42.400,44.600,43.300,45.200,45.100,41.900,41.200,40.700,41.100,44.800,49.000,51.800,53.900,53.100,46.700,40.500,30.900,25.800,22.700,18.200,13.800,10.700,9.0900,5.7600,3.7500,3.1000,3.0000,1.5300,.67000,.35100,.16700,.43800E-01
 26.000,39.800,42.600,44.800,43.600,45.400,45.400,42.100,41.300,40.600,40.800,44.100,47.900,50.200,51.500,49.800,42.600,36.300,27.700,23.300,20.500,16.300,12.300,9.7500,8.0600,4.8200,3.2300,2.8900,2.6200,1.2500,.57400,.29800,.13500,.41500E-01
 27.000,39.900,42.700,44.900,43.800,45.700,45.600,42.200,41.400,40.500,40.500,43.400,46.800,48.600,49.300,46.700,38.900,32.700,25.000,21.200,18.700,14.600,11.200,8.8600,7.0800,4.0400,2.8600,2.7500,2.1900,1.0300,.51100,.25100,.11100,.35000E-01
 28.000,40.000,42.800,45.100,44.000,45.900,45.800,42.400,41.400,40.400,40.200,42.700,45.600,47.100,47.000,43.900,35.700,29.700,22.700,19.400,17.000,13.200,10.100,8.0000,6.1600,3.4200,2.6100,2.6200,1.8000,.87000,.45800,.22300,.10100,.28500E-01
 29.000,40.100,42.900,45.200,44.200,46.100,46.000,42.600,41.500,40.200,39.800,42.000,44.500,45.600,44.900,41.300,32.800,27.000,20.900,17.800,15.500,11.900,9.2600,7.1900,5.3200,2.9400,2.4400,2.4700,1.4800,.76300,.40200,.21500,.92400E-01,.24800E-01
 30.000,40.200,43.000,45.400,44.400,46.300,46.200,42.700,41.500,40.000,39.500,41.200,43.400,44.100,42.900,38.800,30.300,24.800,19.300,16.400,14.100,10.800,8.4900,6.4200,4.5800,2.5800,2.3200,2.2600,1.2400,.71500,.34600,.20300,.78000E-01,.21200E-01
 31.000,40.200,43.100,45.500,44.600,46.500,46.400,42.800,41.500,39.800,39.100,40.500,42.300,42.600,40.900,36.500,28.100,22.900,17.900,15.100,12.900,9.8200,7.7900,5.7000,3.9200,2.3000,2.2200,2.0000,1.0500,.70600,.30100,.17900,.67400E-01,.18200E-01
 32.000,40.300,43.300,45.700,44.800,46.700,46.500,42.900,41.500,39.700,38.700,39.700,41.100,41.200,39.100,34.400,26.100,21.300,16.700,13.900,11.800,8.9900,7.1400,5.0300,3.3700,2.1100,2.1200,1.7300,.90900,.70000,.26500,.15400,.62400E-01,.16000E-01
 33.000,40.400,43.400,45.800,45.000,46.800,46.700,43.000,41.500,39.400,38.300,39.000,40.000,39.800,37.300,32.500,24.400,19.900,15.600,12.900,10.800,8.2700,6.5200,4.4200,2.9000,1.9700,1.9800,1.4800,.78900,.67300,.23100,.13100,.53700E-01,.14500E-01
 34.000,40.500,43.500,45.900,45.200,47.000,46.800,43.100,41.400,39.200,37.900,38.200,38.900,38.500,35.700,30.700,22.900,18.700,14.600,11.900,9.8800,7.6300,5.9400,3.8700,2.5200,1.8700,1.8100,1.2600,.69600,.62000,.20600,.11000,.45100E-01,.11900E-01
 35.000,40.600,43.600,46.100,45.400,47.200,46.900,43.200,41.400,39.000,37.500,37.500,37.800,37.200,34.100,29.100,21.700,17.700,13.700,11.000,9.0900,7.0500,5.4000,3.3800,2.2100,1.8000,1.6200,1.0900,.63500,.55400,.19300,.95500E-01,.37600E-01,.10400E-01
 36.000,40.700,43.800,46.200,45.500,47.300,47.100,43.300,41.300,38.700,37.100,36.700,36.800,35.900,32.500,27.600,20.600,16.800,12.900,10.200,8.4000,6.5300,4.8900,2.9500,1.9700,1.7300,1.4300,.95200,.60600,.49400,.18700,.87300E-01,.33200E-01,.95100E-02
 37.000,40.800,43.900,46.300,45.700,47.500,47.200,43.300,41.200,38.400,36.600,35.900,35.700,34.600,31.100,26.300,19.600,16.000,12.100,9.4500,7.7800,6.0500,4.4200,2.5800,1.7800,1.6600,1.2500,.84500,.59900,.44900,.17700,.82200E-01,.32000E-01,.84000E-02
 38.000,40.800,44.000,46.500,45.900,47.600,47.200,43.300,41.100,38.100,36.100,35.200,34.700,33.400,29.800,25.000,18.800,15.300,11.400,8.7800,7.2400,5.6000,3.9800,2.2700,1.6300,1.5700,1.0900,.75400,.59800,.41700,.16000,.75300E-01,.29100E-01,.74300E-02
 39.000,40.900,44.100,46.600,46.000,47.700,47.300,43.300,41.000,37.800,35.700,34.400,33.700,32.200,28.500,23.900,18.000,14.700,10.700,8.1800,6.7500,5.1700,3.5800,2.0100,1.5100,1.4700,.96000,.67600,.58900,.39100,.14200,.65600E-01,.25000E-01,.65700E-02
 40.000,41.000,44.200,46.700,46.200,47.800,47.400,43.300,40.900,37.500,35.200,33.600,32.700,31.100,27.400,22.900,17.400,14.100,10.100,7.6400,6.3200,4.7800,3.2200,1.7900,1.4300,1.3500,.85800,.61000,.56400,.36400,.12500,.57300E-01,.21600E-01,.58500E-02
 41.000,41.100,44.300,46.800,46.300,47.900,47.500,43.300,40.800,37.200,34.700,32.800,31.700,30.000,26.300,22.000,16.900,13.600,9.4900,7.1600,5.9200,4.4000,2.8900,1.6200,1.3700,1.2300,.77500,.56000,.52500,.33400,.11000,.53300E-01,.19200E-01,.52000E-02
 42.000,41.200,44.400,47.000,46.500,48.000,47.500,43.300,40.600,36.800,34.200,32.100,30.700,29.000,25.200,21.200,16.400,13.100,8.9500,6.7200,5.5500,4.0500,2.6000,1.4700,1.3200,1.1100,.70500,.52800,.48000,.30200,.96000E-01,.49200E-01,.17200E-01,.47700E-02
 43.000,41.300,44.600,47.100,46.600,48.100,47.500,43.300,40.400,36.500,33.700,31.300,29.800,28.000,24.300,20.500,15.900,12.700,8.4500,6.3300,5.2100,3.7200,2.3300,1.3600,1.2800,.99100,.64300,.51300,.43900,.27300,.85700E-01,.43400E-01,.15300E-01,.43600E-02
 44.000,41.300,44.700,47.200,46.700,48.200,47.500,43.200,40.300,36.100,33.200,30.600,28.900,27.000,23.400,19.800,15.500,12.200,8.0000,5.9800,4.9000,3.4200,2.1000,1.2700,1.2400,.89200,.58800,.51000,.40500,.24800,.78800E-01,.38000E-01,.13800E-01,.39400E-02
 45.000,41.400,44.800,47.300,46.800,48.300,47.600,43.200,40.100,35.700,32.600,29.800,28.000,26.100,22.600,19.200,15.200,11.800,7.5800,5.6600,4.6000,3.1400,1.8900,1.2000,1.2100,.80700,.54100,.51000,.38000,.22700,.74100E-01,.33500E-01,.12400E-01,.34900E-02
 46.000,41.500,44.900,47.400,46.900,48.300,47.600,43.100,39.900,35.300,32.100,29.100,27.100,25.200,21.800,18.700,14.800,11.400,7.1900,5.3600,4.3200,2.8900,1.7100,1.1500,1.1600,.73800,.50400,.50800,.36100,.20800,.69900E-01,.29400E-01,.11700E-01,.31700E-02
 47.000,41.600,45.000,47.500,47.000,48.400,47.500,43.000,39.700,34.900,31.600,28.300,26.300,24.300,21.100,18.200,14.500,11.000,6.8400,5.1000,4.0500,2.6500,1.5500,1.1100,1.1200,.68100,.47800,.49700,.34400,.19100,.64600E-01,.27100E-01,.10900E-01,.29900E-02
 48.000,41.700,45.100,47.600,47.100,48.400,47.500,42.900,39.400,34.500,31.000,27.600,25.500,23.500,20.400,17.700,14.200,10.700,6.5200,4.8400,3.8000,2.4400,1.4200,1.0800,1.0600,.63300,.46400,.47700,.32600,.17500,.57800E-01,.26200E-01,.95600E-02,.26700E-02
 49.000,41.700,45.200,47.700,47.200,48.400,47.500,42.800,39.200,34.100,30.500,26.900,24.700,22.800,19.800,17.300,13.900,10.300,6.2300,4.6000,3.5700,2.2500,1.3000,1.0500,1.0000,.59000,.46000,.44900,.30400,.16200,.51200E-01,.24800E-01,.83800E-02,.25200E-02
 50.000,41.800,45.300,47.800,47.300,48.400,47.500,42.700,38.900,33.700,30.000,26.200,24.000,22.000,19.200,16.900,13.600,9.9700,5.9700,4.3800,3.3500,2.0700,1.2100,1.0300,.93900,.55100,.46000,.41900,.28100,.15500,.47300E-01,.22400E-01,.75500E-02,.23000E-02
 51.000,41.900,45.400,47.900,47.300,48.400,47.400,42.600,38.700,33.200,29.400,25.500,23.200,21.400,18.700,16.600,13.300,9.6400,5.7200,4.1600,3.1400,1.9100,1.1300,1.0100,.87500,.51500,.46000,.38900,.25800,.15000,.44900E-01,.19800E-01,.70400E-02,.21400E-02
 52.000,42.000,45.500,48.000,47.400,48.400,47.300,42.500,38.400,32.800,28.900,24.900,22.500,20.700,18.200,16.300,13.000,9.3300,5.5000,3.9600,2.9500,1.7600,1.0600,.98200,.81400,.48300,.45700,.36500,.23800,.14700,.42400E-01,.17800E-01,.66800E-02,.19200E-02
 53.000,42.000,45.600,48.000,47.500,48.400,47.300,42.300,38.100,32.400,28.400,24.200,21.900,20.100,17.800,16.000,12.700,9.0200,5.2900,3.7700,2.7700,1.6300,1.0100,.95700,.75600,.45500,.44800,.34500,.22000,.14200,.38700E-01,.16100E-01,.62300E-02,.18100E-02
 54.000,42.100,45.700,48.100,47.500,48.400,47.200,42.200,37.800,31.900,27.800,23.600,21.200,19.500,17.400,15.700,12.400,8.7300,5.0900,3.5800,2.6000,1.5100,.97200,.92900,.70500,.43300,.43200,.33000,.20600,.13400,.34900E-01,.15000E-01,.57200E-02,.17100E-02
 55.000,42.200,45.700,48.200,47.600,48.400,47.100,42.100,37.600,31.500,27.300,23.000,20.600,19.000,17.000,15.400,12.100,8.4600,4.9000,3.4100,2.4500,1.4000,.93900,.89600,.65900,.41800,.41200,.31900,.19300,.12500,.31800E-01,.13900E-01,.53100E-02,.15600E-02
 56.000,42.300,45.800,48.300,47.600,48.400,47.000,41.900,37.300,31.100,26.800,22.400,20.100,18.500,16.600,15.100,11.800,8.2000,4.7300,3.2400,2.3000,1.3100,.91300,.86200,.61900,.40900,.38800,.30800,.18100,.11600,.28800E-01,.12800E-01,.49100E-02,.14800E-02
 57.000,42.300,45.900,48.300,47.600,48.300,46.900,41.700,37.000,30.600,26.300,21.800,19.500,18.000,16.300,14.900,11.600,7.9500,4.5600,3.0900,2.1700,1.2200,.89400,.82500,.58600,.40600,.36500,.29500,.16900,.10700,.26000E-01,.12000E-01,.44500E-02,.13900E-02
 58.000,42.400,46.000,48.400,47.600,48.300,46.800,41.600,36.600,30.200,25.800,21.300,19.000,17.500,16.000,14.600,11.300,7.7200,4.4000,2.9400,2.0500,1.1500,.87700,.78700,.55700,.40600,.34400,.28100,.15800,.99000E-01,.23900E-01,.11100E-01,.41000E-02,.13000E-02
 59.000,42.400,46.000,48.400,47.600,48.200,46.700,41.400,36.300,29.700,25.300,20.700,18.500,17.100,15.700,14.300,11.000,7.5100,4.2500,2.8000,1.9300,1.0900,.86400,.74800,.53200,.40700,.32700,.26500,.14900,.91300E-01,.23000E-01,.10200E-01,.38500E-02,.11700E-02
 60.000,42.500,46.100,48.500,47.600,48.200,46.600,41.200,36.000,29.300,24.800,20.200,18.000,16.700,15.400,14.100,10.700,7.2900,4.1000,2.6700,1.8300,1.0300,.85300,.71000,.51000,.40700,.31400,.24900,.14200,.83700E-01,.22300E-01,.95800E-02,.36400E-02,.11300E-02
 61.000,42.600,46.200,48.500,47.700,48.100,46.500,41.000,35.700,28.800,24.300,19.700,17.600,16.300,15.100,13.800,10.500,7.1000,3.9600,2.5400,1.7300,.98500,.84200,.67400,.48900,.40400,.30400,.23200,.13700,.77300E-01,.21300E-01,.92300E-02,.34700E-02,.10700E-02
 62.000,42.600,46.300,48.600,47.600,48.000,46.300,40.800,35.300,28.400,23.800,19.300,17.100,16.000,14.900,13.500,10.200,6.9100,3.8200,2.4200,1.6300,.94600,.83100,.64000,.46900,.39800,.29600,.21800,.13400,.71900E-01,.19800E-01,.87100E-02,.33300E-02,.10100E-02
 63.000,42.700,46.300,48.600,47.600,48.000,46.200,40.600,35.000,27.900,23.300,18.800,16.800,15.700,14.600,13.300,9.9400,6.7300,3.6800,2.3100,1.5500,.91400,.82000,.60900,.45000,.38800,.28800,.20500,.13200,.67600E-01,.18300E-01,.79800E-02,.31500E-02,.96100E-03
 64.000,42.700,46.400,48.700,47.600,47.900,46.000,40.300,34.600,27.500,22.900,18.400,16.400,15.400,14.400,13.000,9.6900,6.5600,3.5500,2.2100,1.4700,.88700,.80700,.58100,.43200,.37400,.28000,.19400,.12900,.64100E-01,.16900E-01,.73200E-02,.29200E-02,.89500E-03
 65.000,42.800,46.400,48.700,47.600,47.800,45.900,40.100,34.300,27.100,22.400,17.900,16.000,15.100,14.200,12.700,9.4400,6.4000,3.4200,2.1100,1.3900,.86500,.79400,.55700,.41500,.35900,.27000,.18400,.12500,.61300E-01,.15700E-01,.68000E-02,.26800E-02,.84700E-03
 66.000,42.800,46.500,48.700,47.600,47.700,45.700,39.900,34.000,26.600,22.000,17.500,15.700,14.800,13.900,12.500,9.2000,6.2500,3.3000,2.0100,1.3300,.84800,.77900,.53600,.40000,.34300,.25900,.17600,.12000,.59100E-01,.14700E-01,.64300E-02,.25200E-02,.78700E-03
 67.000,42.900,46.500,48.700,47.500,47.600,45.500,39.700,33.600,26.200,21.600,17.100,15.400,14.600,13.700,12.200,8.9700,6.1000,3.1800,1.9200,1.2600,.83300,.76200,.51800,.38700,.32800,.24600,.16800,.11300,.56900E-01,.13800E-01,.60900E-02,.24000E-02,.76600E-03
 68.000,42.900,46.600,48.800,47.500,47.500,45.400,39.400,33.300,25.800,21.200,16.800,15.100,14.300,13.500,11.900,8.7400,5.9500,3.0600,1.8400,1.2100,.82100,.74500,.50200,.37700,.31400,.23300,.16100,.10700,.54700E-01,.13100E-01,.58500E-02,.23200E-02,.73000E-03
 69.000,43.000,46.600,48.800,47.500,47.400,45.200,39.200,32.900,25.400,20.800,16.400,14.800,14.100,13.300,11.700,8.5200,5.8100,2.9400,1.7500,1.1500,.81200,.72600,.48800,.37100,.30200,.22000,.15300,.10100,.51800E-01,.12300E-01,.56100E-02,.22400E-02,.70500E-03
 70.000,43.000,46.700,48.800,47.400,47.300,45.000,38.900,32.600,25.000,20.400,16.100,14.600,13.900,13.000,11.400,8.3100,5.6600,2.8300,1.6800,1.1100,.80300,.70700,.47500,.36700,.29300,.20800,.14700,.95800E-01,.48700E-01,.11700E-01,.53400E-02,.21100E-02,.65500E-03
 71.000,43.100,46.700,48.800,47.400,47.100,44.800,38.700,32.200,24.600,20.000,15.800,14.300,13.700,12.800,11.100,8.1100,5.5300,2.7200,1.6100,1.0600,.79600,.68700,.46400,.36600,.28700,.19800,.14100,.90500E-01,.45400E-01,.11100E-01,.50400E-02,.20000E-02,.61500E-03
 72.000,43.100,46.800,48.800,47.300,47.000,44.600,38.400,31.800,24.200,19.600,15.500,14.100,13.500,12.600,10.800,7.9100,5.3900,2.6200,1.5400,1.0200,.79000,.66800,.45300,.36700,.28100,.19000,.13600,.85300E-01,.42700E-01,.10600E-01,.47800E-02,.19300E-02,.59400E-03
 73.000,43.100,46.800,48.800,47.300,46.900,44.400,38.200,31.500,23.800,19.300,15.200,13.900,13.300,12.400,10.600,7.7100,5.2500,2.5200,1.4700,.99000,.78300,.64900,.44300,.37000,.27700,.18200,.13200,.80400E-01,.40800E-01,.10000E-01,.46100E-02,.18500E-02,.57200E-03
 74.000,43.200,46.900,48.800,47.200,46.800,44.200,37.900,31.200,23.500,18.900,15.000,13.700,13.100,12.200,10.300,7.5300,5.1100,2.4200,1.4100,.96000,.77600,.63100,.43300,.37300,.27300,.17600,.12900,.75900E-01,.39500E-01,.94900E-02,.44400E-02,.17600E-02,.55200E-03
 75.000,43.200,46.900,48.800,47.100,46.600,44.000,37.600,30.800,23.100,18.600,14.700,13.500,13.000,11.900,10.100,7.3500,4.9700,2.3300,1.3500,.93300,.76900,.61400,.42300,.37600,.26900,.17000,.12700,.72000E-01,.38600E-01,.91500E-02,.42500E-02,.16800E-02,.52100E-03
 76.000,43.200,46.900,48.800,47.100,46.500,43.800,37.400,30.500,22.700,18.300,14.500,13.300,12.800,11.700,9.8000,7.1700,4.8300,2.2300,1.3000,.91000,.76100,.59700,.41400,.37700,.26300,.16500,.12600,.68600E-01,.37400E-01,.89300E-02,.40000E-02,.15900E-02,.50000E-03
 77.000,43.300,47.000,48.800,47.000,46.300,43.600,37.100,30.100,22.400,18.000,14.300,13.200,12.600,11.500,9.5500,7.0000,4.6900,2.1500,1.2500,.89000,.75300,.58200,.40500,.37800,.25600,.16000,.12500,.65900E-01,.36000E-01,.87600E-02,.37800E-02,.15200E-02,.47400E-03
 78.000,43.300,47.000,48.800,46.900,46.200,43.400,36.800,29.800,22.100,17.700,14.100,13.000,12.500,11.300,9.3100,6.8300,4.5600,2.0600,1.2000,.87200,.74500,.56900,.39700,.37600,.24900,.15500,.12300,.63400E-01,.34200E-01,.84100E-02,.36000E-02,.14600E-02,.45700E-03
 79.000,43.300,47.000,48.800,46.800,46.000,43.100,36.600,29.400,21.700,17.400,13.900,12.900,12.300,11.100,9.0700,6.6600,4.4200,1.9800,1.1600,.85800,.73600,.55700,.39100,.37200,.24100,.15000,.12000,.61300E-01,.32400E-01,.79500E-02,.34600E-02,.14200E-02,.44000E-03
 80.000,43.400,47.000,48.800,46.800,45.900,42.900,36.300,29.100,21.400,17.200,13.800,12.700,12.200,10.800,8.8400,6.5000,4.2800,1.9100,1.1200,.84500,.72700,.54700,.38600,.36700,.23200,.14600,.11700,.59600E-01,.30800E-01,.74500E-02,.33300E-02,.13800E-02,.42500E-03
 81.000,43.400,47.100,48.800,46.700,45.700,42.700,36.000,28.800,21.100,16.900,13.600,12.600,12.000,10.600,8.6200,6.3400,4.1400,1.8300,1.0900,.83500,.71800,.53800,.38200,.36100,.22400,.14200,.11300,.58200E-01,.29300E-01,.70200E-02,.32200E-02,.13300E-02,.41200E-03
 82.000,43.400,47.100,48.800,46.600,45.500,42.500,35.700,28.500,20.800,16.700,13.500,12.500,11.900,10.400,8.4000,6.1800,4.0100,1.7600,1.0500,.82600,.70900,.53000,.38100,.35400,.21600,.13800,.10900,.57000E-01,.28100E-01,.67100E-02,.31600E-02,.12700E-02,.38400E-03
 83.000,43.400,47.100,48.700,46.500,45.400,42.200,35.500,28.100,20.500,16.500,13.300,12.400,11.700,10.200,8.1900,6.0300,3.8700,1.7000,1.0200,.81900,.70100,.52400,.38200,.34600,.20900,.13500,.10500,.55700E-01,.26700E-01,.64400E-02,.31000E-02,.12400E-02,.37300E-03
 84.000,43.400,47.100,48.700,46.400,45.200,42.000,35.200,27.800,20.200,16.300,13.200,12.300,11.600,9.9800,8.0000,5.8700,3.7400,1.6400,.99800,.81300,.69300,.51900,.38400,.33800,.20400,.13300,.10200,.54400E-01,.25500E-01,.62600E-02,.30400E-02,.12100E-02,.35900E-03
 85.000,43.500,47.100,48.700,46.400,45.000,41.800,34.900,27.500,20.000,16.100,13.100,12.200,11.400,9.7700,7.8100,5.7200,3.6100,1.5800,.97500,.80800,.68600,.51600,.38700,.33200,.19800,.13200,.98200E-01,.52600E-01,.24400E-01,.60700E-02,.29400E-02,.11500E-02,.35600E-03
 86.000,43.500,47.200,48.700,46.300,44.900,41.600,34.600,27.200,19.700,15.900,13.000,12.100,11.300,9.5700,7.6200,5.5700,3.4900,1.5200,.95600,.80500,.67900,.51400,.39200,.32600,.19400,.13100,.95000E-01,.50700E-01,.23500E-01,.59500E-02,.28300E-02,.11000E-02,.33600E-03
 87.000,43.500,47.200,48.700,46.200,44.700,41.300,34.400,26.900,19.500,15.700,12.900,12.000,11.200,9.3700,7.4500,5.4200,3.3700,1.4700,.93900,.80300,.67400,.51200,.39700,.32100,.19000,.13000,.92000E-01,.48600E-01,.22900E-01,.58200E-02,.26800E-02,.10500E-02,.31900E-03
 88.000,43.500,47.200,48.600,46.100,44.500,41.100,34.100,26.600,19.200,15.600,12.800,11.900,11.000,9.1800,7.2800,5.2800,3.2500,1.4300,.92600,.80200,.67000,.51100,.40300,.31800,.18700,.13000,.89000E-01,.46600E-01,.22600E-01,.57000E-02,.25600E-02,.10100E-02,.31000E-03
 89.000,43.500,47.200,48.600,46.000,44.300,40.900,33.800,26.400,19.000,15.400,12.800,11.800,10.900,8.9900,7.1200,5.1400,3.1400,1.3800,.91500,.80200,.66600,.51100,.40900,.31600,.18400,.12900,.86100E-01,.44800E-01,.22400E-01,.55500E-02,.24600E-02,.98900E-03,.30300E-03
 90.000,43.600,47.200,48.600,45.900,44.100,40.600,33.600,26.100,18.800,15.300,12.700,11.700,10.800,8.8100,6.9700,5.0000,3.0300,1.3500,.90700,.80300,.66400,.51200,.41500,.31500,.18100,.12800,.83400E-01,.43500E-01,.22100E-01,.53500E-02,.23900E-02,.98000E-03,.29700E-03
 91.000,43.600,47.200,48.500,45.800,44.000,40.400,33.300,25.800,18.600,15.200,12.600,11.700,10.700,8.6300,6.8300,4.8600,2.9300,1.3100,.90200,.80500,.66300,.51300,.42100,.31500,.17800,.12600,.80900E-01,.42500E-01,.21700E-01,.51900E-02,.23400E-02,.96600E-03,.28200E-03
 92.000,43.600,47.200,48.500,45.700,43.800,40.200,33.000,25.500,18.400,15.000,12.600,11.600,10.500,8.4700,6.7000,4.7300,2.8300,1.2800,.90000,.80800,.66400,.51400,.42500,.31600,.17600,.12400,.78600E-01,.41900E-01,.21100E-01,.50100E-02,.22900E-02,.92900E-03,.27400E-03
 93.000,43.600,47.200,48.500,45.600,43.600,39.900,32.800,25.300,18.200,14.900,12.500,11.500,10.400,8.3100,6.5700,4.6100,2.7400,1.2500,.90000,.81300,.66500,.51500,.42900,.31700,.17300,.12200,.76600E-01,.41500E-01,.20500E-01,.49100E-02,.22600E-02,.89100E-03,.26000E-03
 94.000,43.600,47.200,48.400,45.500,43.400,39.700,32.500,25.000,18.100,14.800,12.500,11.500,10.300,8.1500,6.4500,4.4800,2.6600,1.2300,.90300,.81900,.66800,.51700,.43200,.31900,.17100,.12000,.74700E-01,.41000E-01,.19800E-01,.48100E-02,.22100E-02,.85300E-03,.25600E-03
 95.000,43.600,47.200,48.400,45.400,43.200,39.500,32.300,24.800,17.900,14.800,12.500,11.400,10.200,8.0100,6.3400,4.3700,2.5900,1.2100,.90900,.82700,.67200,.51900,.43400,.32000,.16800,.11700,.73000E-01,.40400E-01,.19100E-01,.47300E-02,.21400E-02,.83000E-03,.24800E-03
 96.000,43.600,47.200,48.300,45.300,43.100,39.200,32.000,24.500,17.700,14.700,12.500,11.300,10.100,7.8700,6.2400,4.2500,2.5200,1.2000,.91700,.83600,.67700,.52100,.43600,.32100,.16600,.11500,.71500E-01,.39600E-01,.18500E-01,.46100E-02,.20600E-02,.81200E-03,.24300E-03
 97.000,43.600,47.200,48.300,45.200,42.900,39.000,31.800,24.300,17.600,14.600,12.400,11.300,9.9400,7.7500,6.1400,4.1500,2.4600,1.1900,.92800,.84800,.68400,.52400,.43600,.32200,.16400,.11200,.70200E-01,.38700E-01,.18000E-01,.44600E-02,.20100E-02,.79500E-03,.23600E-03
 98.000,43.600,47.200,48.300,45.100,42.700,38.800,31.600,24.100,17.500,14.600,12.400,11.200,9.8400,7.6300,6.0500,4.0500,2.4100,1.1800,.94100,.86100,.69100,.52700,.43600,.32200,.16200,.11000,.69000E-01,.37600E-01,.17600E-01,.43000E-02,.19800E-02,.77600E-03,.22500E-03
 99.000,43.600,47.200,48.200,45.000,42.500,38.600,31.300,23.900,17.400,14.500,12.400,11.100,9.7400,7.5200,5.9700,3.9600,2.3700,1.1800,.95700,.87600,.70000,.53100,.43600,.32100,.16100,.10800,.68100E-01,.36500E-01,.17100E-01,.41500E-02,.19500E-02,.75200E-03,.21800E-03
 100.00,43.600,47.200,48.200,44.800,42.300,38.300,31.100,23.700,17.200,14.500,12.400,11.100,9.6400,7.4200,5.8900,3.8800,2.3400,1.1900,.97600,.89400,.71000,.53500,.43500,.31900,.16000,.10600,.67400E-01,.35600E-01,.16800E-01,.40500E-02,.19200E-02,.72900E-03,.21100E-03
 101.00,43.600,47.200,48.200,44.700,42.100,38.100,30.900,23.500,17.100,14.500,12.400,11.000,9.5400,7.3200,5.8200,3.8100,2.3100,1.1900,.99800,.91400,.72100,.54000,.43400,.31700,.15900,.10400,.66800E-01,.34600E-01,.16300E-01,.39400E-02,.18700E-02,.70100E-03,.20900E-03
 102.00,43.600,47.200,48.100,44.600,41.900,37.900,30.600,23.200,17.000,14.400,12.400,11.000,9.4600,7.2400,5.7600,3.7400,2.2900,1.2100,1.0200,.93600,.73300,.54500,.43400,.31500,.15900,.10200,.66400E-01,.33900E-01,.16000E-01,.38900E-02,.18300E-02,.68400E-03,.20300E-03
 103.00,43.600,47.200,48.100,44.500,41.800,37.700,30.400,23.100,16.900,14.400,12.400,10.900,9.3700,7.1700,5.7100,3.6900,2.2800,1.2300,1.0500,.96100,.74600,.55200,.43400,.31200,.16000,.10000,.65900E-01,.33000E-01,.15700E-01,.38100E-02,.17700E-02,.67000E-03,.19900E-03
 104.00,43.600,47.100,48.000,44.400,41.600,37.500,30.200,22.900,16.900,14.400,12.400,10.900,9.2900,7.1000,5.6600,3.6400,2.2800,1.2500,1.0800,.98800,.76100,.56000,.43400,.30900,.16100,.98300E-01,.65400E-01,.32300E-01,.15400E-01,.37500E-02,.17200E-02,.66300E-03,.19000E-03
 105.00,43.600,47.100,48.000,44.300,41.400,37.200,30.000,22.700,16.800,14.400,12.400,10.900,9.2200,7.0400,5.6200,3.6100,2.2900,1.2700,1.1100,1.0200,.77800,.56800,.43500,.30600,.16200,.96500E-01,.64800E-01,.31500E-01,.15100E-01,.36900E-02,.16600E-02,.65400E-03,.18300E-03
 106.00,43.600,47.100,47.900,44.200,41.200,37.000,29.800,22.500,16.700,14.400,12.400,10.800,9.1500,7.0000,5.5800,3.5900,2.3000,1.3100,1.1500,1.0500,.79500,.57800,.43600,.30400,.16300,.94800E-01,.64000E-01,.30800E-01,.14800E-01,.36300E-02,.16000E-02,.64000E-03,.18100E-03
 107.00,43.600,47.100,47.900,44.000,41.000,36.800,29.600,22.400,16.700,14.400,12.500,10.800,9.0900,6.9600,5.5500,3.5800,2.3300,1.3400,1.1900,1.0900,.81300,.59000,.43800,.30200,.16400,.93300E-01,.63100E-01,.30100E-01,.14600E-01,.35900E-02,.15800E-02,.62100E-03,.17700E-03
 108.00,43.600,47.100,47.800,43.900,40.900,36.600,29.400,22.200,16.600,14.500,12.500,10.800,9.0300,6.9300,5.5300,3.5800,2.3600,1.3800,1.2300,1.1200,.83300,.60200,.44100,.30000,.16400,.91800E-01,.62000E-01,.29500E-01,.14300E-01,.35400E-02,.15500E-02,.59600E-03,.17400E-03
 109.00,43.600,47.100,47.800,43.800,40.700,36.400,29.200,22.100,16.600,14.500,12.500,10.700,8.9800,6.9100,5.5100,3.5900,2.4000,1.4300,1.2800,1.1600,.85400,.61600,.44500,.29900,.16500,.90700E-01,.60800E-01,.29100E-01,.14200E-01,.35200E-02,.15500E-02,.58100E-03,.16600E-03
 110.00,43.600,47.100,47.700,43.700,40.500,36.200,29.000,21.900,16.600,14.500,12.500,10.700,8.9400,6.9000,5.5100,3.6100,2.4400,1.4800,1.3300,1.2000,.87600,.63100,.44900,.29800,.16400,.89700E-01,.59500E-01,.28800E-01,.14000E-01,.34600E-02,.15200E-02,.56400E-03,.16300E-03
 111.00,43.600,47.000,47.700,43.600,40.400,36.000,28.800,21.800,16.500,14.500,12.500,10.700,8.9000,6.8900,5.5000,3.6400,2.5000,1.5400,1.3900,1.2500,.89900,.64700,.45400,.29700,.16400,.88900E-01,.58400E-01,.28700E-01,.13900E-01,.34200E-02,.15200E-02,.55700E-03,.15900E-03
 112.00,43.600,47.000,47.600,43.500,40.200,35.800,28.600,21.700,16.500,14.600,12.600,10.700,8.8700,6.8900,5.5100,3.6900,2.5600,1.6000,1.4400,1.2900,.92300,.66500,.45900,.29700,.16300,.88100E-01,.57400E-01,.28600E-01,.13700E-01,.33600E-02,.14900E-02,.54900E-03,.15900E-03
 113.00,43.600,47.000,47.600,43.300,40.000,35.600,28.500,21.500,16.500,14.600,12.600,10.600,8.8400,6.9000,5.5200,3.7500,2.6300,1.6600,1.5100,1.3400,.94800,.68300,.46500,.29700,.16200,.87500E-01,.56600E-01,.28600E-01,.13500E-01,.33000E-02,.14600E-02,.54500E-03,.15600E-03
 114.00,43.600,47.000,47.500,43.200,39.900,35.400,28.300,21.400,16.500,14.700,12.600,10.600,8.8300,6.9200,5.5500,3.8100,2.7100,1.7300,1.5700,1.3900,.97400,.70300,.47100,.29800,.16100,.87000E-01,.56000E-01,.28600E-01,.13300E-01,.32300E-02,.14300E-02,.53400E-03,.15100E-03
 115.00,43.600,47.000,47.500,43.100,39.700,35.200,28.100,21.300,16.500,14.700,12.700,10.600,8.8100,6.9500,5.5700,3.8900,2.7900,1.8100,1.6400,1.4400,1.0000,.72200,.47700,.29800,.16000,.86600E-01,.55700E-01,.28500E-01,.13100E-01,.31400E-02,.13800E-02,.51600E-03,.14600E-03
 116.00,43.600,46.900,47.400,43.000,39.500,35.000,28.000,21.200,16.500,14.800,12.700,10.600,8.8100,6.9800,5.6100,3.9900,2.8800,1.8900,1.7200,1.4900,1.0300,.74300,.48400,.29900,.15900,.86300E-01,.55500E-01,.28400E-01,.12900E-01,.30800E-02,.13500E-02,.50200E-03,.14100E-03
 117.00,43.600,46.900,47.400,42.900,39.400,34.900,27.800,21.100,16.500,14.800,12.700,10.600,8.8100,7.0200,5.6600,4.0900,2.9800,1.9700,1.7900,1.5400,1.0500,.76400,.49000,.30000,.15800,.86100E-01,.55500E-01,.28200E-01,.12700E-01,.30100E-02,.13300E-02,.48800E-03,.14100E-03
 118.00,43.600,46.900,47.300,42.800,39.200,34.700,27.700,21.000,16.500,14.900,12.800,10.600,8.8100,7.0600,5.7100,4.2000,3.0900,2.0600,1.8700,1.6000,1.0800,.78600,.49600,.30100,.15700,.85900E-01,.55500E-01,.27900E-01,.12600E-01,.29700E-02,.13200E-02,.48700E-03,.13800E-03
 119.00,43.600,46.900,47.300,42.700,39.100,34.500,27.500,20.900,16.600,15.000,12.800,10.600,8.8200,7.1100,5.7700,4.3300,3.2000,2.1500,1.9600,1.6500,1.1100,.80800,.50200,.30200,.15600,.85700E-01,.55500E-01,.27500E-01,.12500E-01,.29100E-02,.13000E-02,.48000E-03,.13600E-03
 120.00,43.600,46.800,47.200,42.500,38.900,34.300,27.300,20.900,16.600,15.000,12.800,10.600,8.8400,7.1700,5.8400,4.4600,3.3100,2.2500,2.0500,1.7100,1.1400,.83000,.50800,.30300,.15500,.85600E-01,.55600E-01,.27200E-01,.12500E-01,.28800E-02,.12900E-02,.47700E-03,.13200E-03
 121.00,43.600,46.800,47.200,42.400,38.700,34.200,27.200,20.800,16.600,15.100,12.900,10.600,8.8600,7.2300,5.9100,4.6100,3.4400,2.3500,2.1400,1.7600,1.1700,.85200,.51300,.30400,.15500,.85500E-01,.55400E-01,.26800E-01,.12400E-01,.28300E-02,.12700E-02,.46600E-03,.13000E-03
 122.00,43.600,46.800,47.100,42.300,38.600,34.000,27.100,20.700,16.600,15.200,12.900,10.600,8.9000,7.3000,6.0000,4.7600,3.5700,2.4600,2.2300,1.8200,1.2000,.87400,.51800,.30400,.15400,.85300E-01,.55200E-01,.26500E-01,.12400E-01,.28000E-02,.12400E-02,.45600E-03,.12800E-03
 123.00,43.600,46.800,47.100,42.200,38.400,33.900,26.900,20.700,16.700,15.200,13.000,10.700,8.9300,7.3800,6.0900,4.9200,3.7000,2.5700,2.3300,1.8800,1.2300,.89600,.52300,.30500,.15300,.85000E-01,.54900E-01,.26200E-01,.12400E-01,.27700E-02,.12200E-02,.44500E-03,.12600E-03
 124.00,43.600,46.700,47.000,42.100,38.300,33.700,26.800,20.600,16.700,15.300,13.000,10.700,8.9700,7.4600,6.1900,5.0900,3.8400,2.6900,2.4300,1.9400,1.2600,.91700,.52700,.30600,.15200,.84700E-01,.54400E-01,.25900E-01,.12400E-01,.27400E-02,.11900E-02,.43400E-03,.12500E-03
 125.00,43.600,46.700,47.000,42.000,38.200,33.600,26.700,20.500,16.800,15.400,13.000,10.700,9.0200,7.5400,6.3000,5.2700,3.9900,2.8100,2.5300,1.9900,1.2900,.93800,.53100,.30600,.15200,.84400E-01,.53900E-01,.25700E-01,.12300E-01,.27400E-02,.11700E-02,.42900E-03,.12100E-03
 126.00,43.600,46.700,47.000,41.900,38.000,33.400,26.600,20.500,16.800,15.500,13.100,10.700,9.0600,7.6300,6.4200,5.4600,4.1400,2.9300,2.6300,2.0500,1.3200,.95900,.53500,.30700,.15100,.84000E-01,.53200E-01,.25400E-01,.12200E-01,.27000E-02,.11500E-02,.42100E-03,.11800E-03
 127.00,43.600,46.700,46.900,41.800,37.900,33.300,26.400,20.400,16.900,15.500,13.100,10.800,9.1200,7.7300,6.5400,5.6600,4.3000,3.0600,2.7400,2.1100,1.3500,.97800,.53800,.30700,.15000,.83600E-01,.52600E-01,.25200E-01,.12000E-01,.26900E-02,.11400E-02,.42000E-03,.11400E-03
 128.00,43.600,46.700,46.900,41.700,37.700,33.100,26.300,20.400,16.900,15.600,13.200,10.800,9.1800,7.8200,6.6800,5.8600,4.4600,3.2000,2.8400,2.1700,1.3800,.99800,.54100,.30800,.14900,.83100E-01,.52000E-01,.25000E-01,.11800E-01,.26400E-02,.11200E-02,.41000E-03,.11500E-03
 129.00,43.600,46.700,46.800,41.600,37.600,33.000,26.200,20.400,17.000,15.700,13.200,10.900,9.2400,7.9300,6.8200,6.0700,4.6200,3.3300,2.9500,2.2400,1.4100,1.0200,.54300,.30800,.14800,.82600E-01,.51500E-01,.24800E-01,.11600E-01,.26200E-02,.11100E-02,.40400E-03,.11300E-03
 130.00,43.600,46.600,46.800,41.500,37.500,32.900,26.100,20.300,17.000,15.800,13.300,10.900,9.3100,8.0300,6.9600,6.2900,4.8000,3.4700,3.0600,2.3000,1.4400,1.0300,.54600,.30900,.14700,.82000E-01,.50900E-01,.24500E-01,.11400E-01,.25700E-02,.11000E-02,.39400E-03,.11200E-03
 131.00,43.600,46.600,46.700,41.500,37.400,32.700,26.000,20.300,17.100,15.900,13.300,10.900,9.3800,8.1500,7.1200,6.5100,4.9700,3.6200,3.1700,2.3600,1.4700,1.0500,.54800,.31000,.14700,.81500E-01,.50500E-01,.24300E-01,.11200E-01,.25300E-02,.10900E-02,.38800E-03,.10800E-03
 132.00,43.600,46.600,46.700,41.400,37.200,32.600,25.900,20.300,17.200,15.900,13.400,11.000,9.4600,8.2600,7.2800,6.7400,5.1500,3.7700,3.2800,2.4200,1.5000,1.0700,.55100,.31000,.14600,.81000E-01,.50200E-01,.24100E-01,.11000E-01,.25100E-02,.10800E-02,.38600E-03,.10600E-03
 133.00,43.600,46.600,46.600,41.300,37.100,32.500,25.800,20.300,17.200,16.000,13.400,11.000,9.5400,8.3800,7.4400,6.9700,5.3300,3.9200,3.4000,2.4900,1.5300,1.0800,.55300,.31100,.14500,.80400E-01,.49900E-01,.23800E-01,.10900E-01,.24800E-02,.10600E-02,.38400E-03,.10600E-03
 134.00,43.600,46.500,46.600,41.200,37.000,32.400,25.700,20.200,17.300,16.100,13.500,11.100,9.6200,8.5000,7.6200,7.2000,5.5200,4.0800,3.5100,2.5500,1.5600,1.1000,.55500,.31200,.14500,.79900E-01,.49800E-01,.23700E-01,.10800E-01,.24800E-02,.10600E-02,.38500E-03,.10600E-03
 135.00,43.500,46.500,46.500,41.100,36.900,32.300,25.700,20.200,17.400,16.200,13.500,11.100,9.7000,8.6200,7.8000,7.4400,5.7100,4.2300,3.6200,2.6100,1.5900,1.1100,.55800,.31300,.14400,.79400E-01,.49500E-01,.23500E-01,.10700E-01,.24600E-02,.10400E-02,.37700E-03,.10600E-03
 136.00,43.500,46.500,46.500,41.000,36.800,32.100,25.600,20.200,17.400,16.300,13.600,11.200,9.7900,8.7500,7.9800,7.6800,5.9000,4.3900,3.7300,2.6800,1.6200,1.1300,.56000,.31400,.14400,.78900E-01,.49400E-01,.23400E-01,.10600E-01,.24600E-02,.10400E-02,.37200E-03,.10300E-03
 137.00,43.500,46.500,46.400,40.900,36.700,32.000,25.500,20.200,17.500,16.400,13.600,11.300,9.8800,8.8700,8.1800,7.9300,6.1000,4.5500,3.8400,2.7400,1.6500,1.1400,.56300,.31500,.14400,.78400E-01,.49100E-01,.23300E-01,.10600E-01,.24400E-02,.10300E-02,.36000E-03,.99600E-04
 138.00,43.500,46.500,46.400,40.900,36.600,31.900,25.400,20.200,17.600,16.400,13.700,11.300,9.9800,9.0000,8.3700,8.1800,6.2900,4.7200,3.9500,2.8100,1.6800,1.1600,.56500,.31700,.14300,.78100E-01,.48900E-01,.23200E-01,.10600E-01,.24300E-02,.10200E-02,.35400E-03,.96700E-04
 139.00,43.500,46.500,46.300,40.800,36.500,31.800,25.400,20.200,17.600,16.500,13.700,11.400,10.100,9.1400,8.5700,8.4300,6.5000,4.8800,4.0600,2.8700,1.7100,1.1700,.56800,.31800,.14300,.77800E-01,.48600E-01,.23200E-01,.10500E-01,.24100E-02,.10000E-02,.34800E-03,.96900E-04
 140.00,43.500,46.400,46.300,40.700,36.300,31.700,25.300,20.200,17.700,16.600,13.800,11.500,10.200,9.2700,8.7700,8.6800,6.7000,5.0500,4.1700,2.9400,1.7400,1.1800,.57100,.32000,.14300,.77500E-01,.48300E-01,.23200E-01,.10500E-01,.23800E-02,.98500E-03,.34700E-03,.97200E-04
 141.00,43.500,46.400,46.300,40.600,36.200,31.600,25.200,20.200,17.800,16.700,13.900,11.500,10.300,9.4000,8.9800,8.9300,6.9000,5.2200,4.2800,3.0000,1.7800,1.1900,.57400,.32100,.14200,.77400E-01,.47900E-01,.23100E-01,.10400E-01,.23600E-02,.97200E-03,.34800E-03,.95500E-04
 142.00,43.500,46.400,46.200,40.500,36.200,31.500,25.200,20.200,17.800,16.800,13.900,11.600,10.400,9.5400,9.1900,9.1800,7.1000,5.3900,4.3900,3.0700,1.8100,1.2100,.57700,.32300,.14200,.77300E-01,.47500E-01,.23000E-01,.10300E-01,.23200E-02,.95200E-03,.34400E-03,.93200E-04
 143.00,43.500,46.400,46.200,40.500,36.100,31.400,25.100,20.200,17.900,16.800,14.000,11.700,10.500,9.6800,9.4100,9.4400,7.3100,5.5700,4.4900,3.1300,1.8400,1.2200,.58000,.32500,.14200,.77400E-01,.47200E-01,.23000E-01,.10300E-01,.23100E-02,.95000E-03,.34400E-03,.90100E-04
 144.00,43.500,46.400,46.100,40.400,36.000,31.400,25.100,20.200,18.000,16.900,14.000,11.700,10.600,9.8100,9.6200,9.6900,7.5100,5.7300,4.6000,3.2000,1.8700,1.2300,.58300,.32700,.14200,.77400E-01,.46800E-01,.22800E-01,.10200E-01,.22800E-02,.93400E-03,.33400E-03,.90600E-04
 145.00,43.500,46.400,46.100,40.300,35.900,31.300,25.000,20.200,18.000,17.000,14.100,11.800,10.700,9.9500,9.8400,9.9400,7.7100,5.9100,4.7000,3.2600,1.9100,1.2400,.58600,.32900,.14100,.77700E-01,.46500E-01,.22700E-01,.10200E-01,.22700E-02,.94000E-03,.33200E-03,.91000E-04
 146.00,43.500,46.400,46.100,40.300,35.800,31.200,24.900,20.200,18.100,17.100,14.100,11.900,10.800,10.100,10.100,10.200,7.9200,6.0800,4.8000,3.3200,1.9400,1.2500,.58900,.33100,.14100,.77800E-01,.46200E-01,.22600E-01,.10100E-01,.22400E-02,.92900E-03,.32500E-03,.92000E-04
 147.00,43.400,46.300,46.000,40.200,35.700,31.100,24.900,20.200,18.200,17.100,14.200,11.900,10.900,10.200,10.300,10.400,8.1200,6.2500,4.9000,3.3900,1.9700,1.2600,.59200,.33400,.14100,.78100E-01,.46000E-01,.22400E-01,.10100E-01,.22300E-02,.92800E-03,.32500E-03,.89800E-04
 148.00,43.400,46.300,46.000,40.100,35.700,31.000,24.900,20.300,18.300,17.200,14.200,12.000,11.000,10.400,10.500,10.700,8.3200,6.4200,4.9900,3.4500,2.0100,1.2800,.59500,.33600,.14100,.78400E-01,.45900E-01,.22300E-01,.10100E-01,.22100E-02,.91800E-03,.32400E-03,.87100E-04
 149.00,43.400,46.300,46.000,40.100,35.600,30.900,24.800,20.300,18.300,17.300,14.300,12.100,11.100,10.500,10.700,10.900,8.5300,6.5900,5.0900,3.5100,2.0400,1.2900,.59800,.33800,.14000,.78600E-01,.45800E-01,.22200E-01,.10100E-01,.21800E-02,.90500E-03,.32300E-03,.85700E-04
 150.00,43.400,46.300,45.900,40.000,35.500,30.900,24.800,20.300,18.400,17.300,14.300,12.200,11.200,10.600,10.900,11.200,8.7300,6.7600,5.1800,3.5700,2.0700,1.3000,.60100,.34100,.14000,.78900E-01,.45800E-01,.22200E-01,.10100E-01,.21700E-02,.89800E-03,.32100E-03,.86000E-04
 151.00,43.400,46.300,45.900,39.900,35.400,30.800,24.700,20.300,18.500,17.400,14.400,12.200,11.300,10.800,11.100,11.400,8.9200,6.9200,5.2700,3.6300,2.1100,1.3100,.60400,.34300,.14000,.79000E-01,.45800E-01,.22100E-01,.10100E-01,.21400E-02,.87900E-03,.31200E-03,.88200E-04
 152.00,43.400,46.300,45.900,39.900,35.400,30.700,24.700,20.300,18.500,17.500,14.400,12.300,11.400,10.900,11.400,11.600,9.1100,7.0800,5.3600,3.6900,2.1400,1.3200,.60700,.34500,.14100,.79100E-01,.45900E-01,.22200E-01,.10100E-01,.21400E-02,.88000E-03,.30800E-03,.87200E-04
 153.00,43.400,46.300,45.800,39.800,35.300,30.700,24.700,20.300,18.600,17.500,14.500,12.400,11.500,11.000,11.600,11.900,9.3100,7.2400,5.4500,3.7500,2.1700,1.3300,.61000,.34800,.14100,.79100E-01,.46000E-01,.22100E-01,.10100E-01,.21000E-02,.86600E-03,.29900E-03,.85800E-04
 154.00,43.400,46.300,45.800,39.800,35.200,30.600,24.600,20.400,18.600,17.600,14.500,12.400,11.600,11.200,11.800,12.100,9.4900,7.4000,5.5300,3.8100,2.2100,1.3400,.61200,.35000,.14100,.79000E-01,.46100E-01,.22200E-01,.10100E-01,.21000E-02,.87300E-03,.30100E-03,.82700E-04
 155.00,43.400,46.300,45.800,39.700,35.200,30.500,24.600,20.400,18.700,17.700,14.600,12.500,11.600,11.300,12.000,12.300,9.6800,7.5500,5.6200,3.8700,2.2400,1.3500,.61600,.35200,.14100,.78900E-01,.46100E-01,.22200E-01,.10100E-01,.20700E-02,.86600E-03,.30100E-03,.82700E-04
 156.00,43.400,46.300,45.700,39.700,35.100,30.500,24.600,20.400,18.800,17.700,14.600,12.600,11.700,11.400,12.200,12.500,9.8600,7.7000,5.6900,3.9200,2.2700,1.3600,.61800,.35400,.14100,.78700E-01,.46100E-01,.22200E-01,.10000E-01,.20700E-02,.86700E-03,.30500E-03,.83500E-04
 157.00,43.400,46.300,45.700,39.600,35.100,30.400,24.600,20.400,18.800,17.800,14.700,12.600,11.800,11.500,12.400,12.700,10.000,7.8500,5.7700,3.9700,2.3000,1.3700,.62100,.35600,.14200,.78500E-01,.46100E-01,.22200E-01,.10000E-01,.20500E-02,.86300E-03,.30600E-03,.84000E-04
 158.00,43.400,46.200,45.700,39.600,35.000,30.400,24.500,20.400,18.900,17.800,14.700,12.700,11.900,11.700,12.600,12.900,10.200,8.0000,5.8400,4.0200,2.3300,1.3800,.62400,.35800,.14200,.78200E-01,.46000E-01,.22100E-01,.99500E-02,.20400E-02,.85100E-03,.30200E-03,.82600E-04
 159.00,43.400,46.200,45.600,39.500,35.000,30.300,24.500,20.400,18.900,17.900,14.800,12.800,12.000,11.800,12.800,13.100,10.400,8.1300,5.9200,4.0700,2.3600,1.3900,.62700,.35900,.14200,.78000E-01,.46000E-01,.22100E-01,.99500E-02,.20400E-02,.84900E-03,.29900E-03,.79100E-04
 160.00,43.300,46.200,45.600,39.500,34.900,30.300,24.500,20.500,19.000,17.900,14.800,12.800,12.100,11.900,12.900,13.300,10.500,8.2600,5.9800,4.1200,2.3900,1.4000,.63000,.36100,.14200,.77800E-01,.45900E-01,.22000E-01,.99100E-02,.20200E-02,.83100E-03,.29000E-03,.78000E-04
 161.00,43.400,46.200,45.600,39.400,34.900,30.300,24.500,20.500,19.000,18.000,14.800,12.900,12.200,12.000,13.100,13.500,10.700,8.3900,6.0500,4.1700,2.4100,1.4100,.63200,.36200,.14300,.77800E-01,.46000E-01,.21900E-01,.99500E-02,.20300E-02,.83800E-03,.29300E-03,.78000E-04
 162.00,43.400,46.200,45.600,39.400,34.800,30.200,24.400,20.500,19.100,18.000,14.900,12.900,12.200,12.100,13.300,13.700,10.800,8.5200,6.1100,4.2100,2.4400,1.4100,.63500,.36300,.14300,.77600E-01,.46000E-01,.21800E-01,.99200E-02,.20100E-02,.82600E-03,.29000E-03,.80400E-04
 163.00,43.300,46.200,45.500,39.400,34.800,30.200,24.400,20.500,19.100,18.100,14.900,13.000,12.300,12.200,13.400,13.900,11.000,8.6300,6.1700,4.2500,2.4600,1.4200,.63700,.36400,.14300,.77700E-01,.46100E-01,.21700E-01,.99800E-02,.20200E-02,.83600E-03,.29700E-03,.79700E-04
 164.00,43.300,46.200,45.500,39.300,34.700,30.100,24.400,20.500,19.200,18.100,14.900,13.000,12.400,12.300,13.600,14.000,11.100,8.7500,6.2300,4.3000,2.4900,1.4300,.63900,.36500,.14300,.77700E-01,.46200E-01,.21700E-01,.99700E-02,.20100E-02,.83100E-03,.29600E-03,.77700E-04
 165.00,43.300,46.200,45.500,39.300,34.700,30.100,24.400,20.500,19.200,18.100,15.000,13.100,12.400,12.400,13.700,14.200,11.200,8.8600,6.2800,4.3300,2.5100,1.4400,.64200,.36600,.14300,.77700E-01,.46300E-01,.21700E-01,.99800E-02,.20100E-02,.83400E-03,.29500E-03,.74900E-04
 166.00,43.300,46.200,45.500,39.300,34.700,30.100,24.400,20.600,19.200,18.200,15.000,13.100,12.500,12.500,13.900,14.300,11.400,8.9600,6.3300,4.3700,2.5300,1.4400,.64400,.36700,.14300,.77900E-01,.46500E-01,.21700E-01,.99700E-02,.20200E-02,.83200E-03,.29100E-03,.74500E-04
 167.00,43.300,46.200,45.500,39.200,34.600,30.100,24.400,20.600,19.300,18.200,15.000,13.200,12.600,12.600,14.000,14.400,11.500,9.0500,6.3700,4.4000,2.5500,1.4500,.64500,.36700,.14300,.77900E-01,.46700E-01,.21700E-01,.99100E-02,.20000E-02,.81700E-03,.28200E-03,.77000E-04
 168.00,43.300,46.200,45.500,39.200,34.600,30.000,24.300,20.600,19.300,18.200,15.100,13.200,12.600,12.600,14.100,14.600,11.600,9.1400,6.4200,4.4300,2.5700,1.4600,.64700,.36800,.14300,.78000E-01,.46900E-01,.21800E-01,.98900E-02,.20200E-02,.81900E-03,.28300E-03,.78200E-04
 169.00,43.300,46.200,45.400,39.200,34.600,30.000,24.300,20.600,19.300,18.300,15.100,13.300,12.700,12.700,14.300,14.700,11.700,9.2200,6.4600,4.4600,2.5900,1.4600,.64800,.36900,.14300,.77900E-01,.47000E-01,.21900E-01,.97800E-02,.19900E-02,.79700E-03,.27800E-03,.78200E-04
 170.00,43.300,46.200,45.400,39.200,34.500,30.000,24.300,20.600,19.400,18.300,15.100,13.300,12.700,12.800,14.400,14.800,11.800,9.3000,6.4900,4.4900,2.6100,1.4700,.65000,.37000,.14300,.77900E-01,.47200E-01,.21900E-01,.97700E-02,.20200E-02,.80800E-03,.28800E-03,.74400E-04
 171.00,43.300,46.200,45.400,39.200,34.500,30.000,24.300,20.600,19.400,18.300,15.100,13.300,12.700,12.800,14.500,14.900,11.900,9.3700,6.5200,4.5100,2.6200,1.4700,.65100,.37100,.14300,.77700E-01,.47200E-01,.21900E-01,.96700E-02,.19900E-02,.79400E-03,.28700E-03,.73600E-04
 172.00,43.300,46.200,45.400,39.100,34.500,30.000,24.300,20.600,19.400,18.300,15.200,13.400,12.800,12.900,14.500,15.000,11.900,9.4300,6.5600,4.5300,2.6400,1.4800,.65200,.37200,.14400,.77500E-01,.47200E-01,.21900E-01,.96800E-02,.20100E-02,.81100E-03,.29300E-03,.74400E-04
 173.00,43.300,46.200,45.400,39.100,34.500,30.000,24.300,20.600,19.400,18.400,15.200,13.400,12.800,12.900,14.600,15.100,12.000,9.4800,6.5800,4.5500,2.6500,1.4800,.65300,.37200,.14400,.77200E-01,.47000E-01,.21800E-01,.96500E-02,.20000E-02,.81100E-03,.28600E-03,.78400E-04
 174.00,43.300,46.200,45.400,39.100,34.500,29.900,24.300,20.600,19.400,18.400,15.200,13.400,12.800,13.000,14.700,15.100,12.100,9.5300,6.6000,4.5700,2.6600,1.4900,.65300,.37300,.14400,.76900E-01,.46800E-01,.21700E-01,.96800E-02,.20000E-02,.81500E-03,.27700E-03,.79700E-04
 175.00,43.300,46.200,45.400,39.100,34.400,29.900,24.300,20.600,19.500,18.400,15.200,13.400,12.900,13.000,14.700,15.200,12.100,9.5700,6.6300,4.5800,2.6700,1.4900,.65400,.37400,.14500,.76600E-01,.46700E-01,.21500E-01,.97500E-02,.20100E-02,.82200E-03,.27400E-03,.76300E-04
 176.00,43.300,46.200,45.400,39.100,34.400,29.900,24.300,20.700,19.500,18.400,15.200,13.500,12.900,13.000,14.800,15.200,12.200,9.6100,6.6400,4.5900,2.6800,1.4900,.65400,.37400,.14500,.76200E-01,.46400E-01,.21300E-01,.97700E-02,.19900E-02,.79800E-03,.26700E-03,.73900E-04
 177.00,43.300,46.200,45.400,39.100,34.400,29.900,24.300,20.700,19.500,18.400,15.200,13.500,12.900,13.100,14.800,15.300,12.200,9.6300,6.6500,4.6000,2.6800,1.4900,.65500,.37500,.14500,.76000E-01,.46300E-01,.21200E-01,.99200E-02,.20300E-02,.80900E-03,.28300E-03,.71700E-04
 178.00,43.300,46.200,45.400,39.100,34.400,29.900,24.300,20.700,19.500,18.400,15.200,13.500,12.900,13.100,14.800,15.300,12.200,9.6500,6.6700,4.6100,2.6900,1.5000,.65500,.37500,.14600,.75700E-01,.46000E-01,.21000E-01,.98800E-02,.19800E-02,.76500E-03,.28200E-03,.80200E-04
 179.00,43.300,46.200,45.400,39.100,34.400,29.900,24.300,20.700,19.500,18.400,15.200,13.500,12.900,13.100,14.900,15.300,12.200,9.6600,6.6600,4.6100,2.6900,1.5000,.65500,.37500,.14600,.75600E-01,.46000E-01,.21100E-01,.10100E-01,.20500E-02,.79700E-03,.31100E-03,.85000E-04
 180.00,43.300,46.200,45.400,39.100,34.400,29.900,24.300,20.700,19.500,18.400,15.200,13.500,12.900,13.100,14.900,15.300,12.200,9.6700,6.6600,4.6100,2.6900,1.4900,.65500,.37600,.14600,.75400E-01,.45700E-01,.20700E-01,.98200E-02,.19200E-02,.71600E-03,.29100E-03,.11200E-03
