#Table:,,,#Table:,,
 #x(mm)/E(MeV) ,       EdepTotal ,, #x(mm)/E(MeV) ,        E_proton ,       EdepTotal 
-1,192081000,,-0.5,8382.63,16561300
1,472432000,,0.5,17000.6,75578500000
3,428212000,,1.5,54503.4,206183000000
5,445044000,,2.5,54519,309586000000
7,458117000,,3.5,54480.5,392054000000
9,473064000,,4.5,54231.1,459638000000
11,485715000,,5.5,54248.7,510453000000
13,500060000,,6.5,54031.7,553249000000
15,510003000,,7.5,53763.9,584231000000
17,523447000,,8.5,53845.8,612828000000
19,534757000,,9.5,53616.3,634065000000
21,541670000,,10.5,53461.6,651476000000
23,552557000,,11.5,53374.5,665798000000
25,562457000,,12.5,53332.2,676040000000
27,569369000,,13.5,53013.2,685973000000
29,581207000,,14.5,53265.7,688238000000
31,586022000,,15.5,52857.8,700402000000
33,592015000,,16.5,52914.7,702351000000
35,600197000,,17.5,52690.3,706233000000
37,607869000,,18.5,52647.7,707712000000
39,617342000,,19.5,52499.1,713870000000
41,625607000,,20.5,52422.8,712963000000
43,628954000,,21.5,52313.5,718294000000
45,634436000,,22.5,52085.5,721140000000
47,640570000,,23.5,51664.4,726965000000
49,646636000,,24.5,51917.5,723432000000
51,653190000,,25.5,51703.2,724908000000
53,660661000,,26.5,51361.6,730687000000
55,662168000,,27.5,51440.9,724886000000
57,673850000,,28.5,51069.9,730724000000
59,676451000,,29.5,50872.9,732204000000
61,678703000,,30.5,50989.6,729111000000
63,683420000,,31.5,50668.5,731826000000
65,685438000,,32.5,50649.4,733119000000
67,692286000,,33.5,50355.9,735986000000
69,694133000,,34.5,50489.5,734144000000
71,697386000,,35.5,50411.9,731167000000
73,698784000,,36.5,50062.1,737658000000
75,706259000,,37.5,49849.5,739146000000
77,705837000,,38.5,49861.9,735147000000
79,711337000,,39.5,49845.5,735686000000
81,715240000,,40.5,49713.7,736118000000
83,717065000,,41.5,49606.2,738692000000
85,719104000,,42.5,49419.1,741023000000
87,719883000,,43.5,49167.6,742655000000
89,722940000,,44.5,49237.1,740551000000
91,726081000,,45.5,48992.7,746505000000
93,727484000,,46.5,48810.4,743674000000
95,728711000,,47.5,48817.1,743984000000
97,730041000,,48.5,48642.6,745717000000
99,731589000,,49.5,48487.4,745626000000
101,733243000,,50.5,48347.6,748068000000
103,736426000,,51.5,48135.4,750024000000
105,738640000,,52.5,48119.7,750045000000
107,736164000,,53.5,48316.3,744735000000
109,737327000,,54.5,47805.2,754129000000
111,741792000,,55.5,47689.8,753064000000
113,739698000,,56.5,47566.7,753935000000
115,743692000,,57.5,47444.3,756638000000
117,740800000,,58.5,47239.6,755676000000
119,740897000,,59.5,46994.2,755449000000
121,742965000,,60.5,47283.5,753519000000
123,743913000,,61.5,46898.7,758086000000
125,743163000,,62.5,46843.5,759593000000
127,744707000,,63.5,46617,760407000000
129,743314000,,64.5,46393.8,762456000000
131,740925000,,65.5,46559.6,761424000000
133,741912000,,66.5,46137.1,765672000000
135,743676000,,67.5,46139.5,764055000000
137,741005000,,68.5,45959,761796000000
139,739197000,,69.5,45955.9,763003000000
141,739615000,,70.5,45707.4,767773000000
143,738596000,,71.5,45702.7,769471000000
145,737888000,,72.5,45440.3,769733000000
147,738235000,,73.5,45259,769264000000
149,736838000,,74.5,45302.5,772185000000
151,734490000,,75.5,45081.2,771939000000
153,734829000,,76.5,44867.3,776711000000
155,733572000,,77.5,44797.9,773416000000
157,732179000,,78.5,44717.1,777284000000
159,732520000,,79.5,44578,777236000000
161,729577000,,80.5,44352.6,780846000000
163,728563000,,81.5,44272,777863000000
165,727384000,,82.5,44251.3,777950000000
167,726108000,,83.5,44185.6,776687000000
169,723625000,,84.5,43898.5,781774000000
171,722190000,,85.5,43783.5,781246000000
173,719448000,,86.5,43607.6,784880000000
175,716318000,,87.5,43447.5,789936000000
177,715300000,,88.5,43237.4,788462000000
179,715702000,,89.5,43187,787557000000
181,712010000,,90.5,43092.3,789163000000
183,709705000,,91.5,43093.5,788624000000
185,708055000,,92.5,42696.1,795723000000
187,708570000,,93.5,42769.8,792093000000
189,704142000,,94.5,42514.3,792358000000
191,705326000,,95.5,42336.4,796945000000
193,697616000,,96.5,42294.4,795832000000
195,697926000,,97.5,42228.8,797696000000
197,696968000,,98.5,41948.8,802020000000
199,695095000,,99.5,42016.8,797031000000
201,692000000,,100.5,41695.8,801044000000
203,689132000,,101.5,41659.1,802180000000
205,687216000,,102.5,41489.9,806307000000
207,684454000,,103.5,41491.7,804869000000
209,682563000,,104.5,41197.7,809425000000
211,678948000,,105.5,41149.7,808549000000
213,676776000,,106.5,41083,809621000000
215,671746000,,107.5,40898,811373000000
217,670058000,,108.5,40700.4,812514000000
219,666971000,,109.5,40632.5,815339000000
221,665497000,,110.5,40533.2,812022000000
223,665538000,,111.5,40268.2,816920000000
225,660015000,,112.5,40043,819359000000
227,654606000,,113.5,40159.7,816827000000
229,651456000,,114.5,39840.7,823427000000
231,650080000,,115.5,39787.9,823991000000
233,646547000,,116.5,39766.4,822125000000
235,646585000,,117.5,39496.5,824260000000
237,640608000,,118.5,39398.9,825761000000
239,638620000,,119.5,39227.6,829422000000
241,637184000,,120.5,39095.4,828526000000
243,632423000,,121.5,38812.6,832650000000
245,630637000,,122.5,38961,828031000000
247,628037000,,123.5,38599.3,836655000000
249,623741000,,124.5,38642.1,832743000000
251,619118000,,125.5,38478.1,834029000000
253,616157000,,126.5,38435.5,832394000000
255,615345000,,127.5,38261.4,838846000000
257,611919000,,128.5,37974.3,838961000000
259,609145000,,129.5,37938.8,840127000000
261,603221000,,130.5,37751.5,843723000000
263,600778000,,131.5,37694.6,845120000000
265,598328000,,132.5,37556.5,843887000000
267,596338000,,133.5,37283.7,849530000000
269,595195000,,134.5,37178.2,848663000000
271,589730000,,135.5,37067.3,850288000000
273,585319000,,136.5,36888.2,852756000000
275,581033000,,137.5,36808.2,852234000000
277,578279000,,138.5,36712.9,851740000000
279,577733000,,139.5,36637.4,851833000000
281,572296000,,140.5,36515.3,854775000000
283,567454000,,141.5,36327.1,857885000000
285,565742000,,142.5,36341,854907000000
287,561564000,,143.5,36111.8,863430000000
289,558816000,,144.5,35917.4,860290000000
291,556168000,,145.5,35925,860539000000
293,551775000,,146.5,35665.6,866065000000
295,548881000,,147.5,35661.9,862450000000
297,545658000,,148.5,35285.9,870337000000
299,540564000,,149.5,35298.9,868963000000
301,538794000,,150.5,35167.9,869637000000
303,535847000,,151.5,35005.4,871276000000
305,532266000,,152.5,34889.6,870981000000
307,528503000,,153.5,34790,873764000000
309,525629000,,154.5,34641.1,874233000000
311,523192000,,155.5,34562,876795000000
313,518595000,,156.5,34328.3,880728000000
315,518097000,,157.5,34233.1,878738000000
317,513116000,,158.5,34110.9,882592000000
319,511712000,,159.5,33868.8,886381000000
321,506453000,,160.5,33938.3,882016000000
323,502098000,,161.5,33642.1,887421000000
325,499199000,,162.5,33558.8,887414000000
327,496418000,,163.5,33430,888997000000
329,491618000,,164.5,33248.8,892530000000
331,489619000,,165.5,33146.9,891267000000
333,485811000,,166.5,32997,897934000000
335,482399000,,167.5,32907.6,890872000000
337,481601000,,168.5,32565.4,902760000000
339,475084000,,169.5,32443.6,902646000000
341,472979000,,170.5,32320.4,900267000000
343,469890000,,171.5,32235.4,902919000000
345,465181000,,172.5,32172.9,905335000000
347,463986000,,173.5,31994.7,903948000000
349,461419000,,174.5,31979.2,904806000000
351,455876000,,175.5,31707.1,913098000000
353,454751000,,176.5,31740.2,903827000000
355,451536000,,177.5,31553.6,913603000000
357,447858000,,178.5,31354.2,912768000000
359,444051000,,179.5,31363.2,914204000000
361,442421000,,180.5,31128.2,917243000000
363,438876000,,181.5,31046.9,919662000000
365,436174000,,182.5,30811.5,925012000000
367,431902000,,183.5,30782.2,922940000000
369,429995000,,184.5,30582.7,925918000000
371,426322000,,185.5,30446.8,926418000000
373,422803000,,186.5,30313.4,931591000000
375,419897000,,187.5,30241.6,926232000000
377,415524000,,188.5,30115.2,934767000000
379,414113000,,189.5,29951.2,941180000000
381,410614000,,190.5,29823.7,937597000000
383,407042000,,191.5,29650.8,940868000000
385,404713000,,192.5,29460.4,945004000000
387,400447000,,193.5,29372.8,945760000000
389,397743000,,194.5,29181.9,947848000000
391,394839000,,195.5,29035.6,949867000000
393,391398000,,196.5,29056.3,949137000000
395,388735000,,197.5,28856.2,954331000000
397,387155000,,198.5,28679.6,955759000000
399,383227000,,199.5,28645.1,956290000000
401,379175000,,200.5,28406.3,961285000000
403,376564000,,201.5,28344.3,961043000000
405,373105000,,202.5,28230.5,962764000000
407,373182000,,203.5,28069.6,968195000000
409,367864000,,204.5,27938.6,972641000000
411,366380000,,205.5,27864.8,972126000000
413,364886000,,206.5,27646,977310000000
415,360857000,,207.5,27531.2,975734000000
417,356608000,,208.5,27433.2,981347000000
419,354019000,,209.5,27398.3,979425000000
421,352556000,,210.5,27242.9,984004000000
423,348990000,,211.5,27082.9,989987000000
425,344793000,,212.5,26854.6,992606000000
427,342823000,,213.5,26759.1,994904000000
429,339990000,,214.5,26612.2,998293000000
431,338164000,,215.5,26412.3,1000940000000
433,335435000,,216.5,26410.5,1002300000000
435,332012000,,217.5,26223.1,1005900000000
437,330594000,,218.5,26137.3,1005940000000
439,326744000,,219.5,26007.9,1012450000000
441,323371000,,220.5,25755.5,1018290000000
443,322877000,,221.5,25723,1014950000000
445,318331000,,222.5,25523.7,1023650000000
447,315626000,,223.5,25438.5,1023670000000
449,313916000,,224.5,25294.7,1026500000000
451,311826000,,225.5,25194.5,1027160000000
453,310079000,,226.5,25048.9,1031990000000
455,306322000,,227.5,24948.1,1031890000000
457,303573000,,228.5,24793.8,1036770000000
459,301019000,,229.5,24670.3,1039070000000
461,299691000,,230.5,24416.7,1046060000000
463,297660000,,231.5,24361.4,1048360000000
465,293061000,,232.5,24116.3,1053980000000
467,290633000,,233.5,24148,1050240000000
469,289575000,,234.5,23948.1,1059070000000
471,287172000,,235.5,23799.4,1060140000000
473,283734000,,236.5,23694.9,1062970000000
475,281359000,,237.5,23544,1068160000000
477,279680000,,238.5,23481.6,1065040000000
479,277204000,,239.5,23282.7,1070050000000
481,274812000,,240.5,23204.6,1074570000000
483,272429000,,241.5,23116,1072260000000
485,268793000,,242.5,22982.1,1076580000000
487,267212000,,243.5,22784.4,1085470000000
489,266037000,,244.5,22721,1084030000000
491,262546000,,245.5,22517,1092530000000
493,259775000,,246.5,22402.4,1095650000000
495,258212000,,247.5,22250.3,1094950000000
497,257902000,,248.5,22143.1,1097970000000
499,253983000,,249.5,21990.6,1102700000000
501,251308000,,250.5,21884.9,1099920000000
503,249653000,,251.5,21761.7,1105220000000
505,248381000,,252.5,21639,1111080000000
507,245718000,,253.5,21442.1,1121680000000
509,242332000,,254.5,21398,1110900000000
511,240399000,,255.5,21217,1117690000000
513,238606000,,256.5,21128.3,1123270000000
515,236958000,,257.5,20939.8,1130970000000
517,234017000,,258.5,20884.4,1129880000000
519,231585000,,259.5,20694.1,1134470000000
521,230938000,,260.5,20625,1138310000000
523,228053000,,261.5,20496.5,1141310000000
525,226589000,,262.5,20326.2,1147880000000
527,224469000,,263.5,20296.9,1142400000000
529,223018000,,264.5,20117.4,1153950000000
531,220138000,,265.5,19892.5,1164140000000
533,217734000,,266.5,19901,1155940000000
535,216210000,,267.5,19726,1166960000000
537,214855000,,268.5,19583.9,1166170000000
539,213140000,,269.5,19455.5,1176450000000
541,210361000,,270.5,19376.8,1177270000000
543,208806000,,271.5,19137.5,1185900000000
545,206635000,,272.5,19124.4,1185830000000
547,204991000,,273.5,18933.7,1194910000000
549,204545000,,274.5,18818.6,1200630000000
551,201989000,,275.5,18723.5,1200030000000
553,198471000,,276.5,18554.6,1211010000000
555,197789000,,277.5,18458.7,1215910000000
557,196054000,,278.5,18306.8,1221060000000
559,194446000,,279.5,18231.3,1222760000000
561,192437000,,280.5,18113.6,1231820000000
563,190358000,,281.5,17972.6,1236890000000
565,188894000,,282.5,17853.7,1245460000000
567,188083000,,283.5,17676,1252850000000
569,184983000,,284.5,17592.5,1260090000000
571,183628000,,285.5,17412.1,1264300000000
573,181678000,,286.5,17352.9,1267340000000
575,180434000,,287.5,17153.3,1280030000000
577,180015000,,288.5,17104.5,1282730000000
579,177213000,,289.5,16988.3,1293300000000
581,175491000,,290.5,16800.3,1301170000000
583,174351000,,291.5,16705.2,1306380000000
585,172291000,,292.5,16602.2,1306850000000
587,170597000,,293.5,16482.4,1316780000000
589,169176000,,294.5,16375.1,1331120000000
591,167439000,,295.5,16217.9,1340370000000
593,165587000,,296.5,16089.1,1345140000000
595,164573000,,297.5,15996.5,1348300000000
597,162715000,,298.5,15830.3,1359210000000
599,160762000,,299.5,15737,1367600000000
601,159488000,,300.5,15595.8,1378400000000
603,158449000,,301.5,15456.4,1382260000000
605,156299000,,302.5,15383.7,1388770000000
607,155206000,,303.5,15236.6,1397270000000
609,154069000,,304.5,15093.2,1411780000000
611,152086000,,305.5,14994.2,1414690000000
613,150573000,,306.5,14868.6,1424150000000
615,149310000,,307.5,14729.1,1434660000000
617,147171000,,308.5,14627,1443220000000
619,146129000,,309.5,14525.4,1445320000000
621,144595000,,310.5,14349.4,1467550000000
623,143151000,,311.5,14247.3,1470290000000
625,142194000,,312.5,14105.8,1481440000000
627,141002000,,313.5,13978.4,1493510000000
629,140223000,,314.5,13879.9,1499030000000
631,139044000,,315.5,13708.7,1514280000000
633,137013000,,316.5,13630.3,1523260000000
635,135741000,,317.5,13446.6,1537350000000
637,134457000,,318.5,13310,1550850000000
639,133170000,,319.5,13173.2,1565020000000
641,132294000,,320.5,13048.1,1569590000000
643,131104000,,321.5,12890.3,1587160000000
645,129030000,,322.5,12791.3,1598620000000
647,127960000,,323.5,12611.4,1619520000000
649,127767000,,324.5,12453.9,1635870000000
651,125358000,,325.5,12325.7,1649630000000
653,126265000,,326.5,12149.8,1667830000000
655,122500000,,327.5,11986.8,1680460000000
657,121781000,,328.5,11803.2,1707780000000
659,120214000,,329.5,11693.6,1719890000000
661,119014000,,330.5,11499.2,1739470000000
663,117905000,,331.5,11371.7,1755830000000
665,116959000,,332.5,11186.8,1770540000000
667,116199000,,333.5,11062,1788550000000
669,114881000,,334.5,10905.8,1802660000000
671,113928000,,335.5,10729.7,1829540000000
673,112389000,,336.5,10589.1,1849250000000
675,110844000,,337.5,10464.4,1871040000000
677,110643000,,338.5,10301.8,1893230000000
679,110073000,,339.5,10153.6,1912710000000
681,107809000,,340.5,10008.1,1932900000000
683,106624000,,341.5,9843.58,1962940000000
685,106157000,,342.5,9684.86,1991950000000
687,104841000,,343.5,9538.62,2012190000000
689,104361000,,344.5,9386.28,2047980000000
691,103026000,,345.5,9224.39,2079730000000
693,101402000,,346.5,9041.53,2120120000000
695,100917000,,347.5,8854.3,2161600000000
697,100287000,,348.5,8700.69,2190410000000
699,99225100,,349.5,8517.76,2242750000000
701,98078400,,350.5,8332.74,2286580000000
703,96714800,,351.5,8164.79,2330880000000
705,96152200,,352.5,7993,2384280000000
707,95172600,,353.5,7817.29,2439400000000
709,93741500,,354.5,7674.11,2487780000000
711,93732800,,355.5,7492.97,2551460000000
713,92256700,,356.5,7278.15,2626980000000
715,91014800,,357.5,7070.99,2691930000000
717,90266900,,358.5,6801.94,2774350000000
719,89789100,,359.5,6495.03,2866100000000
721,88867900,,360.5,6085.92,2983500000000
723,87719500,,361.5,5664.33,3085200000000
725,86900900,,362.5,5136.93,3222650000000
727,85401700,,363.5,4566.6,3361480000000
729,84661100,,364.5,3937.28,3536000000000
731,84155200,,365.5,3310.49,3722190000000
733,83185700,,366.5,2693.02,3936910000000
735,82347300,,367.5,2129.2,4178510000000
737,81482800,,368.5,1642.98,4456680000000
739,80604200,,369.5,1250.87,4752910000000
741,80494500,,370.5,949.985,5052390000000
743,79499900,,371.5,731.051,5329820000000
745,78178500,,372.5,574.773,5533290000000
747,77922200,,373.5,468.085,5631840000000
749,76767200,,374.5,397.528,5572260000000
751,75839100,,375.5,356.597,5320720000000
753,75050900,,376.5,334.619,4887550000000
755,74246800,,377.5,337.59,4267720000000
757,73845500,,378.5,360.436,3549850000000
759,72704300,,379.5,413.365,2781130000000
761,72381700,,380.5,507.15,2056980000000
763,71809300,,381.5,668.161,1424960000000
765,70769700,,382.5,948.617,921933000000
767,69640400,,383.5,1476.12,551712000000
769,69173200,,384.5,2470.76,308566000000
771,68464700,,385.5,4394.89,161345000000
773,67364200,,386.5,8820.61,76654600000
775,66930200,,387.5,17990,34651400000
777,66411900,,388.5,45163.3,13667600000
779,65456200,,389.5,109408,5216200000
781,65156000,,390.5,392490,1712110000
783,64645900,,391.5,932024,626247000
785,63659200,,392.5,876748,188780000
787,63300300,,393.5,382015,25362300
789,62577400,,394.5,0,0
791,61740400,,395.5,0,0
793,61339800,,396.5,0,0
795,60595400,,397.5,0,0
797,59993000,,398.5,0,0
799,59381100,,399.5,0,0
801,58111500,,400.5,0,0
803,57786800,,401.5,0,0
805,57595400,,402.5,0,0
807,56669100,,403.5,0,0
809,56184200,,404.5,0,0
811,55458000,,405.5,0,0
813,55276400,,406.5,0,0
815,54639900,,407.5,0,0
817,54171000,,408.5,0,0
819,53484300,,409.5,0,0
821,52663000,,410.5,0,0
823,52139500,,411.5,0,0
825,51332100,,412.5,0,0
827,51277900,,413.5,0,0
829,50259200,,414.5,0,0
831,50305200,,415.5,0,0
833,49603600,,416.5,0,0
835,48858700,,417.5,0,0
837,48717600,,418.5,0,0
839,47829300,,419.5,0,0
841,47853200,,420.5,0,0
843,47195200,,421.5,0,0
845,46304300,,422.5,0,0
847,46207500,,423.5,0,0
849,45690000,,424.5,0,0
851,44737400,,425.5,0,0
853,44499500,,426.5,0,0
855,44150400,,427.5,0,0
857,43799000,,428.5,0,0
859,42908800,,429.5,0,0
861,42341200,,430.5,0,0
863,42025600,,431.5,0,0
865,41535000,,432.5,0,0
867,41326800,,433.5,0,0
869,40955100,,434.5,0,0
871,40466300,,435.5,0,0
873,40121100,,436.5,0,0
875,39839400,,437.5,0,0
877,39043400,,438.5,0,0
879,38986900,,439.5,0,0
881,38516900,,440.5,0,0
883,37928100,,441.5,0,0
885,37585800,,442.5,0,0
887,37186100,,443.5,0,0
889,36509600,,444.5,0,0
891,36426500,,445.5,0,0
893,35939600,,446.5,0,0
895,36256500,,447.5,0,0
897,35076600,,448.5,0,0
899,34646900,,449.5,0,0
901,34241500,,450.5,0,0
903,34036500,,451.5,0,0
905,33409700,,452.5,0,0
907,33436000,,453.5,0,0
909,32864700,,454.5,0,0
911,32712200,,455.5,0,0
913,32408800,,456.5,0,0
915,31915600,,457.5,0,0
917,31458900,,458.5,0,0
919,31480800,,459.5,0,0
921,30954900,,460.5,0,0
923,30182800,,461.5,0,0
925,30027400,,462.5,0,0
927,30096400,,463.5,0,0
929,29478900,,464.5,0,0
931,29516700,,465.5,0,0
933,28933000,,466.5,0,0
935,28656600,,467.5,0,0
937,28359500,,468.5,0,0
939,28066000,,469.5,0,0
941,28060000,,470.5,0,0
943,27375800,,471.5,0,0
945,27050600,,472.5,0,0
947,27007100,,473.5,0,0
949,26378300,,474.5,0,0
951,26178000,,475.5,0,0
953,25871900,,476.5,0,0
955,25299800,,477.5,0,0
957,25349400,,478.5,0,0
959,25225800,,479.5,0,0
961,24768900,,480.5,0,0
963,24629100,,481.5,0,0
965,24536200,,482.5,0,0
967,24336700,,483.5,0,0
969,23811400,,484.5,0,0
971,23342700,,485.5,0,0
973,23225300,,486.5,0,0
975,23277000,,487.5,0,0
977,23002800,,488.5,0,0
979,22594200,,489.5,0,0
981,22136800,,490.5,0,0
983,21767900,,491.5,0,0
985,21557300,,492.5,0,0
987,21569100,,493.5,0,0
989,21543200,,494.5,0,0
991,21157100,,495.5,0,0
993,20979600,,496.5,0,0
995,20753500,,497.5,0,0
997,20462600,,498.5,0,0
999,20114800,,499.5,0,0
1001,19902300,,500.5,0,0
1003,19713300,,,,
1005,19564600,,,,
1007,19243300,,,,
1009,18978200,,,,
1011,18823200,,,,
1013,18605600,,,,
1015,18592700,,,,
1017,18141300,,,,
1019,18253900,,,,
1021,17791000,,,,
1023,17430700,,,,
1025,17408100,,,,
1027,17035900,,,,
1029,16996200,,,,
1031,16773800,,,,
1033,17278500,,,,
1035,16372400,,,,
1037,16296200,,,,
1039,16106000,,,,
1041,15684000,,,,
1043,15801900,,,,
1045,15637900,,,,
1047,15340200,,,,
1049,15205800,,,,
1051,15016900,,,,
1053,14962800,,,,
1055,14912000,,,,
1057,14441700,,,,
1059,14500400,,,,
1061,14509900,,,,
1063,14144100,,,,
1065,13876300,,,,
1067,13976000,,,,
1069,13899100,,,,
1071,13351700,,,,
1073,13307400,,,,
1075,13339200,,,,
1077,13015600,,,,
1079,12853400,,,,
1081,12651600,,,,
1083,12757100,,,,
1085,12409700,,,,
1087,12463100,,,,
1089,12169600,,,,
1091,12088900,,,,
1093,12141900,,,,
1095,11808200,,,,
1097,11457000,,,,
1099,11301300,,,,
1101,11304800,,,,
1103,11297500,,,,
1105,11170300,,,,
1107,11132800,,,,
1109,10883000,,,,
1111,10684200,,,,
1113,10603800,,,,
1115,10553300,,,,
1117,10330100,,,,
1119,10355400,,,,
1121,10285100,,,,
1123,10012800,,,,
1125,9727340,,,,
1127,9883880,,,,
1129,9574840,,,,
1131,9521440,,,,
1133,9836800,,,,
1135,9509180,,,,
1137,9365080,,,,
1139,9077150,,,,
1141,8942310,,,,
1143,8933360,,,,
1145,8885900,,,,
1147,8796900,,,,
1149,8604840,,,,
1151,8693070,,,,
1153,8512170,,,,
1155,8382010,,,,
1157,8223610,,,,
1159,8157110,,,,
1161,8404580,,,,
1163,7990020,,,,
1165,7831840,,,,
1167,7728170,,,,
1169,7810680,,,,
1171,7794660,,,,
1173,7428620,,,,
1175,7446240,,,,
1177,7240590,,,,
1179,7222010,,,,
1181,7123450,,,,
1183,7154110,,,,
1185,6974190,,,,
1187,6896380,,,,
1189,6801690,,,,
1191,6777750,,,,
1193,6682910,,,,
1195,6584630,,,,
1197,6597130,,,,
1199,6411900,,,,
1201,6350320,,,,
1203,6192590,,,,
1205,6284730,,,,
1207,6241670,,,,
1209,6147710,,,,
1211,6061530,,,,
1213,5865080,,,,
1215,5817310,,,,
1217,5742690,,,,
1219,5828400,,,,
1221,5689340,,,,
1223,5626930,,,,
1225,5612780,,,,
1227,5497080,,,,
1229,5387870,,,,
1231,5362400,,,,
1233,5301280,,,,
1235,5209930,,,,
1237,5225680,,,,
1239,5166730,,,,
1241,4983200,,,,
1243,4929190,,,,
1245,5110760,,,,
1247,4872590,,,,
1249,4836650,,,,
1251,4684550,,,,
1253,4784730,,,,
1255,4669900,,,,
1257,4447110,,,,
1259,4571730,,,,
1261,4568940,,,,
1263,4377470,,,,
1265,4377690,,,,
1267,4323300,,,,
1269,4295780,,,,
1271,4303060,,,,
1273,4264290,,,,
1275,4179120,,,,
1277,4094800,,,,
1279,4104170,,,,
1281,3990070,,,,
1283,3807630,,,,
1285,3920530,,,,
1287,3931090,,,,
1289,3865140,,,,
1291,3725010,,,,
1293,3847080,,,,
1295,3701970,,,,
1297,3699430,,,,
1299,3635490,,,,
1301,3546640,,,,
1303,3397830,,,,
1305,3559210,,,,
1307,3561340,,,,
1309,3323170,,,,
1311,3460470,,,,
1313,3407680,,,,
1315,3260250,,,,
1317,3248020,,,,
1319,3224060,,,,
1321,3203290,,,,
1323,3107550,,,,
1325,3030550,,,,
1327,3130510,,,,
1329,3041160,,,,
1331,3021520,,,,
1333,3040180,,,,
1335,2878420,,,,
1337,2897230,,,,
1339,2863680,,,,
1341,2896790,,,,
1343,2805190,,,,
1345,2774590,,,,
1347,2712070,,,,
1349,2789920,,,,
1351,2695000,,,,
1353,2635790,,,,
1355,2626090,,,,
1357,2496240,,,,
1359,2447350,,,,
1361,2538100,,,,
1363,2476880,,,,
1365,2444350,,,,
1367,2433010,,,,
1369,2284360,,,,
1371,2413100,,,,
1373,2403600,,,,
1375,2331520,,,,
1377,2261370,,,,
1379,2196020,,,,
1381,2221150,,,,
1383,2098240,,,,
1385,2111280,,,,
1387,2134860,,,,
1389,2129060,,,,
1391,2079870,,,,
1393,1998950,,,,
1395,1994740,,,,
1397,2003470,,,,
1399,2038270,,,,
1401,1951800,,,,
1403,2005820,,,,
1405,1863520,,,,
1407,1874960,,,,
1409,1936740,,,,
1411,1876560,,,,
1413,1766570,,,,
1415,1789990,,,,
1417,1853360,,,,
1419,1772750,,,,
1421,1776590,,,,
1423,1702670,,,,
1425,1765360,,,,
1427,1722310,,,,
1429,1649160,,,,
1431,1638090,,,,
1433,1648690,,,,
1435,1561790,,,,
1437,1572180,,,,
1439,1561670,,,,
1441,1522030,,,,
1443,1513580,,,,
1445,1568120,,,,
1447,1463350,,,,
1449,1404200,,,,
1451,1465140,,,,
1453,1452820,,,,
1455,1408900,,,,
1457,1395570,,,,
1459,1411230,,,,
1461,1435350,,,,
1463,1315620,,,,
1465,1370270,,,,
1467,1360930,,,,
1469,1403940,,,,
1471,1281230,,,,
1473,1266990,,,,
1475,1260120,,,,
1477,1269470,,,,
1479,1188540,,,,
1481,1262120,,,,
1483,1255050,,,,
1485,1156750,,,,
1487,1213890,,,,
1489,1178880,,,,
1491,1135020,,,,
1493,1127770,,,,
1495,1158460,,,,
1497,1099340,,,,
1499,1102190,,,,
1501,1044230,,,,
1503,1078240,,,,
1505,1050980,,,,
1507,1014350,,,,
1509,1040070,,,,
1511,1030270,,,,
1513,1000700,,,,
1515,1047630,,,,
1517,975402,,,,
1519,970573,,,,
1521,949025,,,,
1523,894331,,,,
1525,924729,,,,
1527,876908,,,,
1529,878876,,,,
1531,919531,,,,
1533,909087,,,,
1535,928826,,,,
1537,804260,,,,
1539,837161,,,,
1541,828513,,,,
1543,816448,,,,
1545,845286,,,,
1547,796873,,,,
1549,768784,,,,
1551,795643,,,,
1553,796129,,,,
1555,788670,,,,
1557,780172,,,,
1559,765331,,,,
1561,681489,,,,
1563,766795,,,,
1565,686433,,,,
1567,728777,,,,
1569,673710,,,,
1571,714905,,,,
1573,750638,,,,
1575,694736,,,,
1577,671007,,,,
1579,709562,,,,
1581,679473,,,,
1583,654685,,,,
1585,669947,,,,
1587,635989,,,,
1589,652751,,,,
1591,660503,,,,
1593,613798,,,,
1595,636767,,,,
1597,601556,,,,
1599,601922,,,,
1601,614421,,,,
1603,589664,,,,
1605,577407,,,,
1607,580577,,,,
1609,588430,,,,
1611,539947,,,,
1613,521090,,,,
1615,528449,,,,
1617,505609,,,,
1619,493013,,,,
1621,501219,,,,
1623,526602,,,,
1625,502343,,,,
1627,554121,,,,
1629,494509,,,,
1631,478477,,,,
1633,481113,,,,
1635,452734,,,,
1637,472185,,,,
1639,431316,,,,
1641,477317,,,,
1643,443135,,,,
1645,443027,,,,
1647,459119,,,,
1649,440572,,,,
1651,445320,,,,
1653,398796,,,,
1655,431108,,,,
1657,445738,,,,
1659,433456,,,,
1661,356652,,,,
1663,388654,,,,
1665,393310,,,,
1667,353379,,,,
1669,385906,,,,
1671,363661,,,,
1673,388303,,,,
1675,348552,,,,
1677,386315,,,,
1679,335568,,,,
1681,374671,,,,
1683,387944,,,,
1685,353696,,,,
1687,334425,,,,
1689,335004,,,,
1691,344712,,,,
1693,313837,,,,
1695,337480,,,,
1697,292125,,,,
1699,331053,,,,
1701,349752,,,,
1703,332224,,,,
1705,314079,,,,
1707,305195,,,,
1709,292815,,,,
1711,308385,,,,
1713,320095,,,,
1715,313067,,,,
1717,266421,,,,
1719,299389,,,,
1721,278509,,,,
1723,295509,,,,
1725,302579,,,,
1727,294991,,,,
1729,260013,,,,
1731,291762,,,,
1733,257167,,,,
1735,260785,,,,
1737,229097,,,,
1739,277434,,,,
1741,244958,,,,
1743,268731,,,,
1745,252986,,,,
1747,267704,,,,
1749,211816,,,,
1751,218113,,,,
1753,204344,,,,
1755,233467,,,,
1757,219950,,,,
1759,203166,,,,
1761,194608,,,,
1763,224905,,,,
1765,213186,,,,
1767,216448,,,,
1769,234180,,,,
1771,199450,,,,
1773,219273,,,,
1775,181512,,,,
1777,228775,,,,
1779,211764,,,,
1781,198479,,,,
1783,206579,,,,
1785,193543,,,,
1787,198213,,,,
1789,194441,,,,
1791,182746,,,,
1793,192513,,,,
1795,200384,,,,
1797,199981,,,,
1799,195016,,,,
1801,187227,,,,
1803,149833,,,,
1805,192639,,,,
1807,182589,,,,
1809,154425,,,,
1811,160900,,,,
1813,151256,,,,
1815,138899,,,,
1817,150992,,,,
1819,131362,,,,
1821,164868,,,,
1823,125025,,,,
1825,138202,,,,
1827,117241,,,,
1829,144322,,,,
1831,152677,,,,
1833,143935,,,,
1835,108598,,,,
1837,135479,,,,
1839,139499,,,,
1841,153256,,,,
1843,145482,,,,
1845,142109,,,,
1847,129891,,,,
1849,131522,,,,
1851,105219,,,,
1853,116756,,,,
1855,131189,,,,
1857,117941,,,,
1859,132000,,,,
1861,130766,,,,
1863,112505,,,,
1865,114757,,,,
1867,106368,,,,
1869,109243,,,,
1871,111047,,,,
1873,137102,,,,
1875,104109,,,,
1877,104537,,,,
1879,93369.1,,,,
1881,106492,,,,
1883,112066,,,,
1885,96118.1,,,,
1887,108597,,,,
1889,95121.7,,,,
1891,98366.6,,,,
1893,98412.6,,,,
1895,94047.2,,,,
1897,77757.4,,,,
1899,81224.4,,,,
1901,102039,,,,
1903,79376.3,,,,
1905,92938.3,,,,
1907,94678,,,,
1909,97309.5,,,,
1911,93623.2,,,,
1913,75521.1,,,,
1915,70732.2,,,,
1917,86985.6,,,,
1919,79325.2,,,,
1921,77862.5,,,,
1923,93117.5,,,,
1925,84831.4,,,,
1927,89978.3,,,,
1929,69522.7,,,,
1931,90986.3,,,,
1933,83603.9,,,,
1935,56220.2,,,,
1937,86143.5,,,,
1939,74851.1,,,,
1941,74855.2,,,,
1943,72031.3,,,,
1945,70423,,,,
1947,64931.5,,,,
1949,75118,,,,
1951,64337.5,,,,
1953,86280.9,,,,
1955,70964.4,,,,
1957,70332.7,,,,
1959,59791.4,,,,
1961,56936.8,,,,
1963,70162.8,,,,
1965,66941.2,,,,
1967,70458.9,,,,
1969,53064.6,,,,
1971,58625.7,,,,
1973,66387,,,,
1975,62148.1,,,,
1977,63888.2,,,,
1979,62590.7,,,,
1981,56215.2,,,,
1983,51629.7,,,,
1985,58100.5,,,,
1987,55129.7,,,,
1989,61728.7,,,,
1991,71367.9,,,,
1993,50445,,,,
1995,53030.8,,,,
1997,64288.8,,,,
1999,60973.2,,,,
2001,62933.1,,,,
2003,62115.9,,,,
2005,48693.3,,,,
2007,52076,,,,
2009,65298.1,,,,
2011,43029.8,,,,
2013,38672,,,,
2015,51757,,,,
2017,50303.3,,,,
2019,46152.6,,,,
2021,41334.6,,,,
2023,61591.4,,,,
2025,49116.4,,,,
2027,45622.9,,,,
2029,37113.6,,,,
2031,32499.7,,,,
2033,39096.7,,,,
2035,36900.7,,,,
2037,56186.1,,,,
2039,40330.5,,,,
2041,38512.9,,,,
2043,44344.9,,,,
2045,31052.4,,,,
2047,43435.4,,,,
2049,39586.4,,,,
2051,28519.6,,,,
2053,49365.9,,,,
2055,44033.8,,,,
2057,36669.1,,,,
2059,45307.8,,,,
2061,27479.8,,,,
2063,37836.9,,,,
2065,29747,,,,
2067,36207.8,,,,
2069,41611.7,,,,
2071,28947.4,,,,
2073,35536.7,,,,
2075,38687.3,,,,
2077,35148.6,,,,
2079,37091.2,,,,
2081,26262.2,,,,
2083,32848.5,,,,
2085,28630.3,,,,
2087,42902.8,,,,
2089,35787.9,,,,
2091,30514,,,,
2093,32776.5,,,,
2095,26100.4,,,,
2097,21785,,,,
2099,33827.6,,,,
2101,28443,,,,
2103,30696.6,,,,
2105,24731.4,,,,
2107,23510.9,,,,
2109,18252.7,,,,
2111,33121.8,,,,
2113,23261.3,,,,
2115,26627.4,,,,
2117,29421,,,,
2119,27575.8,,,,
2121,23622,,,,
2123,19100.8,,,,
2125,27031.4,,,,
2127,15620.1,,,,
2129,31247.9,,,,
2131,24619.5,,,,
2133,25467.7,,,,
2135,17505.3,,,,
2137,16699.8,,,,
2139,23825.8,,,,
2141,14910.4,,,,
2143,24677.4,,,,
2145,19488.8,,,,
2147,14369.6,,,,
2149,24295.5,,,,
2151,24920.5,,,,
2153,20821.5,,,,
2155,17337.3,,,,
2157,17574,,,,
2159,10345,,,,
2161,16845.1,,,,
2163,12548.5,,,,
2165,24923.4,,,,
2167,9994.2,,,,
2169,11801.2,,,,
2171,14173.8,,,,
2173,20884.6,,,,
2175,16499.5,,,,
2177,13692.1,,,,
2179,8916.78,,,,
2181,8917.94,,,,
2183,19609.1,,,,
2185,17369.7,,,,
2187,16515.9,,,,
2189,18296.1,,,,
2191,16396.3,,,,
2193,18411.9,,,,
2195,12080.3,,,,
2197,18659.7,,,,
2199,16438.2,,,,
2201,14606.9,,,,
2203,22805,,,,
2205,13824.8,,,,
2207,16286.5,,,,
2209,17237.6,,,,
2211,17120.7,,,,
2213,19525.7,,,,
2215,14034.8,,,,
2217,11714.4,,,,
2219,7413.82,,,,
2221,17553.1,,,,
2223,11869,,,,
2225,11743.8,,,,
2227,18390.9,,,,
2229,11485,,,,
2231,7930.76,,,,
2233,13979.8,,,,
2235,7812.68,,,,
2237,8338.98,,,,
2239,10883.6,,,,
2241,5126.2,,,,
2243,14068.3,,,,
2245,8599.5,,,,
2247,16068.8,,,,
2249,7351.88,,,,
2251,14745,,,,
2253,20136.5,,,,
2255,11512.9,,,,
2257,10384.9,,,,
2259,11506.5,,,,
2261,6023.06,,,,
2263,6314.28,,,,
2265,9399.54,,,,
2267,13464.5,,,,
2269,10371.2,,,,
2271,7299.68,,,,
2273,6259.22,,,,
2275,12391.1,,,,
2277,6020.2,,,,
2279,10289.5,,,,
2281,4930.48,,,,
2283,9171.96,,,,
2285,4248.52,,,,
2287,5884.1,,,,
2289,4924.76,,,,
2291,14429,,,,
2293,10125,,,,
2295,9282.62,,,,
2297,4895.22,,,,
2299,3913.84,,,,
2301,4960.56,,,,
2303,7453.56,,,,
2305,5212.5,,,,
2307,5970.94,,,,
2309,3905.18,,,,
2311,7072.72,,,,
2313,13774.3,,,,
2315,10356.6,,,,
2317,9502.7,,,,
2319,5797.26,,,,
2321,4696.64,,,,
2323,9339.38,,,,
2325,10287.2,,,,
2327,5910.16,,,,
2329,9133.84,,,,
2331,3619.22,,,,
2333,3828.08,,,,
2335,6990.98,,,,
2337,5124.5,,,,
2339,9019.24,,,,
2341,3786.56,,,,
2343,8123.46,,,,
2345,4927.62,,,,
2347,2772.78,,,,
2349,5203.3,,,,
2351,12160.1,,,,
2353,9313.32,,,,
2355,5072.92,,,,
2357,3911.52,,,,
2359,3940.44,,,,
2361,11372.1,,,,
2363,10044.5,,,,
2365,3992.02,,,,
2367,3824.68,,,,
2369,5880.08,,,,
2371,10237.9,,,,
2373,2671.86,,,,
2375,2572.42,,,,
2377,4749.92,,,,
2379,5802.98,,,,
2381,5829.04,,,,
2383,3450.1,,,,
2385,6895.56,,,,
2387,5998.7,,,,
2389,7920.86,,,,
2391,3627.18,,,,
2393,1582.38,,,,
2395,4783.48,,,,
2397,2402.76,,,,
2399,6619.34,,,,
2401,2459.52,,,,
2403,9042.98,,,,
2405,2636.68,,,,
2407,7895.34,,,,
2409,3907.5,,,,
2411,2347.16,,,,
2413,2550.92,,,,
2415,6819.08,,,,
2417,1359.98,,,,
2419,7947.54,,,,
2421,4588.84,,,,
2423,2402.76,,,,
2425,4721.54,,,,
2427,5882.4,,,,
2429,2403.92,,,,
2431,3568.72,,,,
2433,4580.8,,,,
2435,2435.16,,,,
2437,5686.6,,,,
2439,4673.36,,,,
2441,1241.36,,,,
2443,2292.72,,,,
2445,2431.14,,,,
2447,1380.94,,,,
2449,4525.2,,,,
2451,1416.2,,,,
2453,4643.28,,,,
2455,1272.06,,,,
2457,4729.58,,,,
2459,5683.74,,,,
2461,2352.88,,,,
2463,2349.48,,,,
2465,1215.84,,,,
2467,5632.16,,,,
2469,4583.12,,,,
2471,4525.82,,,,
2473,2321.1,,,,
2475,2521.38,,,,
2477,1362.3,,,,
2479,2321.64,,,,
2481,1246.54,,,,
2483,3734.98,,,,
2485,5681.5,,,,
2487,141.28,,,,
2489,1187.46,,,,
2491,2494.16,,,,
2493,1333.92,,,,
2495,3364.42,,,,
2497,2520.84,,,,
2499,1336.78,,,,
2501,3649.84,,,,
2503,1270.9,,,,
2505,1275.46,,,,
2507,1159.7,,,,
2509,3455.82,,,,
2511,2291.56,,,,
2513,28.38,,,,
2515,1160.24,,,,
2517,2233.1,,,,
2519,114.06,,,,
2521,1248.24,,,,
2523,1184.6,,,,
2525,3367.82,,,,
2527,86.84,,,,
2529,141.28,,,,
2531,2234.8,,,,
2533,2321.1,,,,
2535,4326.62,,,,
2537,2322.8,,,,
2539,55.6,,,,
2541,1327.04,,,,
2543,55.6,,,,
2545,1102.94,,,,
2547,1333.38,,,,
2549,3451.8,,,,
2551,86.84,,,,
2553,2233.1,,,,
2555,1215.84,,,,
2557,1131.32,,,,
2559,229.28,,,,
2561,199.2,,,,
2563,85.68,,,,
2565,5603.24,,,,
2567,2231.94,,,,
2569,115.22,,,,
2571,1248.24,,,,
2573,197.5,,,,
2575,111.2,,,,
2577,2350.02,,,,
2579,1102.94,,,,
2581,2263.18,,,,
2583,85.68,,,,
2585,1247.08,,,,
2587,170.82,,,,
2589,86.84,,,,
2591,2149.12,,,,
2593,2235.96,,,,
2595,1102.94,,,,
2597,1160.24,,,,
2599,83.98,,,,
2601,115.22,,,,
2603,27.22,,,,
2605,1161.4,,,,
2607,1074.56,,,,
2609,28.38,,,,
2611,0,,,,
2613,28.38,,,,
2615,58.46,,,,
2617,1130.16,,,,
2619,1102.94,,,,
2621,4355,,,,
2623,167.96,,,,
2625,1247.08,,,,
2627,0,,,,
2629,1159.7,,,,
2631,0,,,,
2633,56.76,,,,
2635,1102.94,,,,
2637,137.26,,,,
2639,27.22,,,,
2641,58.46,,,,
2643,2177.5,,,,
2645,0,,,,
2647,1245.92,,,,
2649,0,,,,
2651,2235.96,,,,
2653,1161.4,,,,
2655,83.98,,,,
2657,27.22,,,,
2659,2176.34,,,,
2661,28.38,,,,
2663,1102.94,,,,
2665,1074.56,,,,
2667,28.38,,,,
2669,54.44,,,,
2671,55.6,,,,
2673,86.84,,,,
2675,58.46,,,,
2677,2149.12,,,,
2679,1101.78,,,,
2681,172.52,,,,
2683,0,,,,
2685,1129,,,,
2687,0,,,,
2689,0,,,,
2691,115.22,,,,
2693,27.22,,,,
2695,0,,,,
2697,171.36,,,,
2699,28.38,,,,
2701,28.38,,,,
2703,56.76,,,,
2705,1074.56,,,,
2707,0,,,,
2709,0,,,,
2711,55.6,,,,
2713,55.6,,,,
2715,0,,,,
2717,28.38,,,,
2719,28.38,,,,
2721,0,,,,
2723,0,,,,
2725,28.38,,,,
2727,1074.56,,,,
2729,1133.02,,,,
2731,0,,,,
2733,0,,,,
2735,0,,,,
2737,0,,,,
2739,0,,,,
2741,0,,,,
2743,0,,,,
2745,0,,,,
2747,0,,,,
2749,58.46,,,,
2751,0,,,,
2753,0,,,,
2755,0,,,,
2757,0,,,,
2759,0,,,,
2761,28.38,,,,
2763,86.84,,,,
2765,1101.78,,,,
2767,0,,,,
2769,58.46,,,,
2771,0,,,,
2773,1074.56,,,,
2775,0,,,,
2777,28.38,,,,
2779,0,,,,
2781,85.68,,,,
2783,1074.56,,,,
2785,27.22,,,,
2787,0,,,,
2789,58.46,,,,
2791,55.6,,,,
2793,1130.16,,,,
2795,58.46,,,,
2797,0,,,,
2799,114.06,,,,
2801,28.38,,,,
2803,0,,,,
2805,0,,,,
2807,0,,,,
2809,0,,,,
2811,0,,,,
2813,0,,,,
2815,0,,,,
2817,58.46,,,,
2819,27.22,,,,
2821,58.46,,,,
2823,27.22,,,,
2825,86.84,,,,
2827,28.38,,,,
2829,0,,,,
2831,28.38,,,,
2833,27.22,,,,
2835,0,,,,
2837,0,,,,
2839,0,,,,
2841,1074.56,,,,
2843,86.84,,,,
2845,0,,,,
2847,0,,,,
2849,0,,,,
2851,0,,,,
2853,1074.56,,,,
2855,0,,,,
2857,58.46,,,,
2859,0,,,,
2861,27.22,,,,
2863,0,,,,
2865,28.38,,,,
2867,0,,,,
2869,28.38,,,,
2871,0,,,,
2873,1074.56,,,,
2875,28.38,,,,
2877,1074.56,,,,
2879,28.38,,,,
2881,1074.56,,,,
2883,0,,,,
2885,28.38,,,,
2887,58.46,,,,
2889,0,,,,
2891,0,,,,
2893,0,,,,
2895,0,,,,
2897,0,,,,
2899,0,,,,
2901,0,,,,
2903,0,,,,
2905,0,,,,
2907,27.22,,,,
2909,0,,,,
2911,58.46,,,,
2913,27.22,,,,
2915,81.66,,,,
2917,0,,,,
2919,27.22,,,,
2921,0,,,,
2923,0,,,,
2925,1074.56,,,,
2927,1074.56,,,,
2929,0,,,,
2931,0,,,,
2933,0,,,,
2935,0,,,,
2937,28.38,,,,
2939,0,,,,
2941,0,,,,
2943,0,,,,
2945,0,,,,
2947,0,,,,
2949,28.38,,,,
2951,0,,,,
2953,0,,,,
2955,0,,,,
2957,0,,,,
2959,0,,,,
2961,0,,,,
2963,0,,,,
2965,0,,,,
2967,0,,,,
2969,0,,,,
2971,0,,,,
2973,0,,,,
2975,28.38,,,,
2977,0,,,,
2979,112.9,,,,
2981,0,,,,
2983,0,,,,
2985,0,,,,
2987,0,,,,
2989,0,,,,
2991,0,,,,
2993,0,,,,
2995,0,,,,
2997,0,,,,
2999,58.46,,,,
3001,0,,,,
3003,28.38,,,,
3005,0,,,,
3007,0,,,,
3009,0,,,,
3011,0,,,,
3013,0,,,,
3015,0,,,,
3017,0,,,,
3019,0,,,,
3021,58.46,,,,
3023,0,,,,
3025,0,,,,
3027,0,,,,
3029,0,,,,
3031,0,,,,
3033,0,,,,
3035,28.38,,,,
3037,0,,,,
3039,0,,,,
3041,0,,,,
3043,28.38,,,,
3045,0,,,,
3047,0,,,,
3049,28.38,,,,
3051,58.46,,,,
3053,58.46,,,,
3055,0,,,,
3057,28.38,,,,
3059,0,,,,
3061,0,,,,
3063,0,,,,
3065,0,,,,
3067,0,,,,
3069,0,,,,
3071,1133.02,,,,
3073,28.38,,,,
3075,0,,,,
3077,0,,,,
3079,28.38,,,,
3081,0,,,,
3083,0,,,,
3085,58.46,,,,
3087,0,,,,
3089,0,,,,
3091,0,,,,
3093,0,,,,
3095,0,,,,
3097,0,,,,
3099,0,,,,
3101,27.22,,,,
3103,1074.56,,,,
3105,58.46,,,,
3107,0,,,,
3109,0,,,,
3111,0,,,,
3113,0,,,,
3115,0,,,,
3117,0,,,,
3119,0,,,,
3121,0,,,,
3123,0,,,,
3125,0,,,,
3127,0,,,,
3129,0,,,,
3131,0,,,,
3133,0,,,,
3135,28.38,,,,
3137,0,,,,
3139,0,,,,
3141,0,,,,
3143,0,,,,
3145,0,,,,
3147,0,,,,
3149,0,,,,
3151,28.38,,,,
3153,0,,,,
3155,0,,,,
3157,0,,,,
3159,0,,,,
3161,0,,,,
3163,0,,,,
3165,0,,,,
3167,0,,,,
3169,0,,,,
3171,0,,,,
3173,0,,,,
3175,1074.56,,,,
3177,0,,,,
3179,28.38,,,,
3181,0,,,,
3183,58.46,,,,
3185,0,,,,
3187,0,,,,
3189,0,,,,
3191,0,,,,
3193,0,,,,
3195,0,,,,
3197,0,,,,
3199,0,,,,
3201,0,,,,
3203,0,,,,
3205,28.38,,,,
3207,0,,,,
3209,0,,,,
3211,28.38,,,,
3213,0,,,,
3215,0,,,,
3217,0,,,,
3219,1074.56,,,,
3221,0,,,,
3223,0,,,,
3225,27.22,,,,
3227,0,,,,
3229,0,,,,
3231,0,,,,
3233,0,,,,
3235,1074.56,,,,
3237,0,,,,
3239,0,,,,
3241,0,,,,
3243,0,,,,
3245,0,,,,
3247,0,,,,
3249,0,,,,
3251,0,,,,
3253,0,,,,
3255,0,,,,
3257,0,,,,
3259,0,,,,
3261,0,,,,
3263,0,,,,
3265,0,,,,
3267,0,,,,
3269,0,,,,
3271,0,,,,
3273,0,,,,
3275,0,,,,
3277,0,,,,
3279,58.46,,,,
3281,0,,,,
3283,0,,,,
3285,0,,,,
3287,0,,,,
3289,27.22,,,,
3291,0,,,,
3293,86.84,,,,
3295,0,,,,
3297,0,,,,
3299,0,,,,
3301,0,,,,
3303,27.22,,,,
3305,56.76,,,,
3307,0,,,,
3309,0,,,,
3311,0,,,,
3313,0,,,,
3315,0,,,,
3317,0,,,,
3319,0,,,,
3321,0,,,,
3323,0,,,,
3325,28.38,,,,
3327,1074.56,,,,
3329,0,,,,
3331,28.38,,,,
3333,0,,,,
3335,0,,,,
3337,27.22,,,,
3339,0,,,,
3341,0,,,,
3343,0,,,,
3345,0,,,,
3347,0,,,,
3349,0,,,,
3351,0,,,,
3353,0,,,,
3355,0,,,,
3357,0,,,,
3359,0,,,,
3361,0,,,,
3363,0,,,,
3365,28.38,,,,
3367,0,,,,
3369,56.76,,,,
3371,0,,,,
3373,0,,,,
3375,0,,,,
3377,1074.56,,,,
3379,0,,,,
3381,0,,,,
3383,0,,,,
3385,0,,,,
3387,0,,,,
3389,0,,,,
3391,0,,,,
3393,0,,,,
3395,0,,,,
3397,0,,,,
3399,0,,,,
3401,0,,,,
3403,0,,,,
3405,0,,,,
3407,0,,,,
3409,0,,,,
3411,0,,,,
3413,0,,,,
3415,0,,,,
3417,0,,,,
3419,0,,,,
3421,0,,,,
3423,0,,,,
3425,0,,,,
3427,0,,,,
3429,0,,,,
3431,0,,,,
3433,0,,,,
3435,0,,,,
3437,0,,,,
3439,0,,,,
3441,0,,,,
3443,0,,,,
3445,0,,,,
3447,0,,,,
3449,0,,,,
3451,0,,,,
3453,0,,,,
3455,0,,,,
3457,0,,,,
3459,0,,,,
3461,0,,,,
3463,0,,,,
3465,0,,,,
3467,0,,,,
3469,0,,,,
3471,0,,,,
3473,0,,,,
3475,0,,,,
3477,0,,,,
3479,0,,,,
3481,0,,,,
3483,0,,,,
3485,0,,,,
3487,0,,,,
3489,0,,,,
3491,0,,,,
3493,0,,,,
3495,0,,,,
3497,0,,,,
3499,0,,,,
3501,0,,,,
3503,0,,,,
3505,0,,,,
3507,0,,,,
3509,0,,,,
3511,0,,,,
3513,0,,,,
3515,0,,,,
3517,0,,,,
3519,0,,,,
3521,0,,,,
3523,0,,,,
3525,0,,,,
3527,0,,,,
3529,0,,,,
3531,0,,,,
3533,0,,,,
3535,0,,,,
3537,0,,,,
3539,0,,,,
3541,0,,,,
3543,0,,,,
3545,0,,,,
3547,0,,,,
3549,0,,,,
3551,0,,,,
3553,0,,,,
3555,0,,,,
3557,0,,,,
3559,0,,,,
3561,0,,,,
3563,0,,,,
3565,0,,,,
3567,0,,,,
3569,0,,,,
3571,0,,,,
3573,0,,,,
3575,0,,,,
3577,0,,,,
3579,0,,,,
3581,0,,,,
3583,0,,,,
3585,0,,,,
3587,0,,,,
3589,0,,,,
3591,0,,,,
3593,0,,,,
3595,0,,,,
3597,0,,,,
3599,0,,,,
3601,0,,,,
3603,0,,,,
3605,0,,,,
3607,0,,,,
3609,0,,,,
3611,0,,,,
3613,0,,,,
3615,0,,,,
3617,0,,,,
3619,0,,,,
3621,0,,,,
3623,0,,,,
3625,0,,,,
3627,0,,,,
3629,0,,,,
3631,0,,,,
3633,0,,,,
3635,0,,,,
3637,0,,,,
3639,0,,,,
3641,0,,,,
3643,0,,,,
3645,0,,,,
3647,0,,,,
3649,0,,,,
3651,0,,,,
3653,0,,,,
3655,0,,,,
3657,0,,,,
3659,0,,,,
3661,0,,,,
3663,0,,,,
3665,0,,,,
3667,0,,,,
3669,0,,,,
3671,0,,,,
3673,0,,,,
3675,0,,,,
3677,0,,,,
3679,0,,,,
3681,0,,,,
3683,0,,,,
3685,0,,,,
3687,0,,,,
3689,0,,,,
3691,0,,,,
3693,0,,,,
3695,0,,,,
3697,0,,,,
3699,0,,,,
3701,0,,,,
3703,0,,,,
3705,0,,,,
3707,0,,,,
3709,0,,,,
3711,0,,,,
3713,0,,,,
3715,0,,,,
3717,0,,,,
3719,0,,,,
3721,0,,,,
3723,0,,,,
3725,0,,,,
3727,0,,,,
3729,0,,,,
3731,0,,,,
3733,0,,,,
3735,0,,,,
3737,0,,,,
3739,0,,,,
3741,0,,,,
3743,0,,,,
3745,0,,,,
3747,0,,,,
3749,0,,,,
3751,0,,,,
3753,0,,,,
3755,0,,,,
3757,0,,,,
3759,0,,,,
3761,0,,,,
3763,0,,,,
3765,0,,,,
3767,0,,,,
3769,0,,,,
3771,0,,,,
3773,0,,,,
3775,0,,,,
3777,0,,,,
3779,0,,,,
3781,0,,,,
3783,0,,,,
3785,0,,,,
3787,0,,,,
3789,0,,,,
3791,0,,,,
3793,0,,,,
3795,0,,,,
3797,0,,,,
3799,0,,,,
3801,0,,,,
3803,0,,,,
3805,0,,,,
3807,0,,,,
3809,0,,,,
3811,0,,,,
3813,0,,,,
3815,0,,,,
3817,0,,,,
3819,0,,,,
3821,0,,,,
3823,0,,,,
3825,0,,,,
3827,0,,,,
3829,0,,,,
3831,0,,,,
3833,0,,,,
3835,0,,,,
3837,0,,,,
3839,0,,,,
3841,0,,,,
3843,0,,,,
3845,0,,,,
3847,0,,,,
3849,0,,,,
3851,0,,,,
3853,0,,,,
3855,0,,,,
3857,0,,,,
3859,0,,,,
3861,0,,,,
3863,0,,,,
3865,0,,,,
3867,0,,,,
3869,0,,,,
3871,0,,,,
3873,0,,,,
3875,0,,,,
3877,0,,,,
3879,0,,,,
3881,0,,,,
3883,0,,,,
3885,0,,,,
3887,0,,,,
3889,0,,,,
3891,0,,,,
3893,0,,,,
3895,0,,,,
3897,0,,,,
3899,0,,,,
3901,0,,,,
3903,0,,,,
3905,0,,,,
3907,0,,,,
3909,0,,,,
3911,0,,,,
3913,0,,,,
3915,0,,,,
3917,0,,,,
3919,0,,,,
3921,0,,,,
3923,0,,,,
3925,0,,,,
3927,0,,,,
3929,0,,,,
3931,0,,,,
3933,0,,,,
3935,0,,,,
3937,0,,,,
3939,0,,,,
3941,0,,,,
3943,0,,,,
3945,0,,,,
3947,0,,,,
3949,0,,,,
3951,0,,,,
3953,0,,,,
3955,0,,,,
3957,0,,,,
3959,0,,,,
3961,0,,,,
3963,0,,,,
3965,0,,,,
3967,0,,,,
3969,0,,,,
3971,0,,,,
3973,0,,,,
3975,0,,,,
3977,0,,,,
3979,0,,,,
3981,0,,,,
3983,0,,,,
3985,0,,,,
3987,0,,,,
3989,0,,,,
3991,0,,,,
3993,0,,,,
3995,0,,,,
3997,0,,,,
3999,0,,,,
4001,0,,,,
4003,0,,,,
4005,0,,,,
4007,0,,,,
4009,0,,,,
4011,0,,,,
4013,0,,,,
4015,0,,,,
4017,0,,,,
4019,0,,,,
4021,0,,,,
4023,0,,,,
4025,0,,,,
4027,0,,,,
4029,0,,,,
4031,0,,,,
4033,0,,,,
4035,0,,,,
4037,0,,,,
4039,0,,,,
4041,0,,,,
4043,0,,,,
4045,0,,,,
4047,0,,,,
4049,0,,,,
4051,0,,,,
4053,0,,,,
4055,0,,,,
4057,0,,,,
4059,0,,,,
4061,0,,,,
4063,0,,,,
4065,0,,,,
4067,0,,,,
4069,0,,,,
4071,0,,,,
4073,0,,,,
4075,0,,,,
4077,0,,,,
4079,0,,,,
4081,0,,,,
4083,0,,,,
4085,0,,,,
4087,0,,,,
4089,0,,,,
4091,0,,,,
4093,0,,,,
4095,0,,,,
4097,0,,,,
4099,0,,,,
4101,0,,,,
4103,0,,,,
4105,0,,,,
4107,0,,,,
4109,0,,,,
4111,0,,,,
4113,0,,,,
4115,0,,,,
4117,0,,,,
4119,0,,,,
4121,0,,,,
4123,0,,,,
4125,0,,,,
4127,0,,,,
4129,0,,,,
4131,0,,,,
4133,0,,,,
4135,0,,,,
4137,0,,,,
4139,0,,,,
4141,0,,,,
4143,0,,,,
4145,0,,,,
4147,0,,,,
4149,0,,,,
4151,0,,,,
4153,0,,,,
4155,0,,,,
4157,0,,,,
4159,0,,,,
4161,0,,,,
4163,0,,,,
4165,0,,,,
4167,0,,,,
4169,0,,,,
4171,0,,,,
4173,0,,,,
4175,0,,,,
4177,0,,,,
4179,0,,,,
4181,0,,,,
4183,0,,,,
4185,0,,,,
4187,0,,,,
4189,0,,,,
4191,0,,,,
4193,0,,,,
4195,0,,,,
4197,0,,,,
4199,0,,,,
4201,0,,,,
4203,0,,,,
4205,0,,,,
4207,0,,,,
4209,0,,,,
4211,0,,,,
4213,0,,,,
4215,0,,,,
4217,0,,,,
4219,0,,,,
4221,0,,,,
4223,0,,,,
4225,0,,,,
4227,0,,,,
4229,0,,,,
4231,0,,,,
4233,0,,,,
4235,0,,,,
4237,0,,,,
4239,0,,,,
4241,0,,,,
4243,0,,,,
4245,0,,,,
4247,0,,,,
4249,0,,,,
4251,0,,,,
4253,0,,,,
4255,0,,,,
4257,0,,,,
4259,0,,,,
4261,0,,,,
4263,0,,,,
4265,0,,,,
4267,0,,,,
4269,0,,,,
4271,0,,,,
4273,0,,,,
4275,0,,,,
4277,0,,,,
4279,0,,,,
4281,0,,,,
4283,0,,,,
4285,0,,,,
4287,0,,,,
4289,0,,,,
4291,0,,,,
4293,0,,,,
4295,0,,,,
4297,0,,,,
4299,0,,,,
4301,0,,,,
4303,0,,,,
4305,0,,,,
4307,0,,,,
4309,0,,,,
4311,0,,,,
4313,0,,,,
4315,0,,,,
4317,0,,,,
4319,0,,,,
4321,0,,,,
4323,0,,,,
4325,0,,,,
4327,0,,,,
4329,0,,,,
4331,0,,,,
4333,0,,,,
4335,0,,,,
4337,0,,,,
4339,0,,,,
4341,0,,,,
4343,0,,,,
4345,0,,,,
4347,0,,,,
4349,0,,,,
4351,0,,,,
4353,0,,,,
4355,0,,,,
4357,0,,,,
4359,0,,,,
4361,0,,,,
4363,0,,,,
4365,0,,,,
4367,0,,,,
4369,0,,,,
4371,0,,,,
4373,0,,,,
4375,0,,,,
4377,0,,,,
4379,0,,,,
4381,0,,,,
4383,0,,,,
4385,0,,,,
4387,0,,,,
4389,0,,,,
4391,0,,,,
4393,0,,,,
4395,0,,,,
4397,0,,,,
4399,0,,,,
4401,0,,,,
4403,0,,,,
4405,0,,,,
4407,0,,,,
4409,0,,,,
4411,0,,,,
4413,0,,,,
4415,0,,,,
4417,0,,,,
4419,0,,,,
4421,0,,,,
4423,0,,,,
4425,0,,,,
4427,0,,,,
4429,0,,,,
4431,0,,,,
4433,0,,,,
4435,0,,,,
4437,0,,,,
4439,0,,,,
4441,0,,,,
4443,0,,,,
4445,0,,,,
4447,0,,,,
4449,0,,,,
4451,0,,,,
4453,0,,,,
4455,0,,,,
4457,0,,,,
4459,0,,,,
4461,0,,,,
4463,0,,,,
4465,0,,,,
4467,0,,,,
4469,0,,,,
4471,0,,,,
4473,0,,,,
4475,0,,,,
4477,0,,,,
4479,0,,,,
4481,0,,,,
4483,0,,,,
4485,0,,,,
4487,0,,,,
4489,0,,,,
4491,0,,,,
4493,0,,,,
4495,0,,,,
4497,0,,,,
4499,0,,,,
4501,0,,,,
4503,0,,,,
4505,0,,,,
4507,0,,,,
4509,0,,,,
4511,0,,,,
4513,0,,,,
4515,0,,,,
4517,0,,,,
4519,0,,,,
4521,0,,,,
4523,0,,,,
4525,0,,,,
4527,0,,,,
4529,0,,,,
4531,0,,,,
4533,0,,,,
4535,0,,,,
4537,0,,,,
4539,0,,,,
4541,0,,,,
4543,0,,,,
4545,0,,,,
4547,0,,,,
4549,0,,,,
4551,0,,,,
4553,0,,,,
4555,0,,,,
4557,0,,,,
4559,0,,,,
4561,0,,,,
4563,0,,,,
4565,0,,,,
4567,0,,,,
4569,0,,,,
4571,0,,,,
4573,0,,,,
4575,0,,,,
4577,0,,,,
4579,0,,,,
4581,0,,,,
4583,0,,,,
4585,0,,,,
4587,0,,,,
4589,0,,,,
4591,0,,,,
4593,0,,,,
4595,0,,,,
4597,0,,,,
4599,0,,,,
4601,0,,,,
4603,0,,,,
4605,0,,,,
4607,0,,,,
4609,0,,,,
4611,0,,,,
4613,0,,,,
4615,0,,,,
4617,0,,,,
4619,0,,,,
4621,0,,,,
4623,0,,,,
4625,0,,,,
4627,0,,,,
4629,0,,,,
4631,0,,,,
4633,0,,,,
4635,0,,,,
4637,0,,,,
4639,0,,,,
4641,0,,,,
4643,0,,,,
4645,0,,,,
4647,0,,,,
4649,0,,,,
4651,0,,,,
4653,0,,,,
4655,0,,,,
4657,0,,,,
4659,0,,,,
4661,0,,,,
4663,0,,,,
4665,0,,,,
4667,0,,,,
4669,0,,,,
4671,0,,,,
4673,0,,,,
4675,0,,,,
4677,0,,,,
4679,0,,,,
4681,0,,,,
4683,0,,,,
4685,0,,,,
4687,0,,,,
4689,0,,,,
4691,0,,,,
4693,0,,,,
4695,0,,,,
4697,0,,,,
4699,0,,,,
4701,0,,,,
4703,0,,,,
4705,0,,,,
4707,0,,,,
4709,0,,,,
4711,0,,,,
4713,0,,,,
4715,0,,,,
4717,0,,,,
4719,0,,,,
4721,0,,,,
4723,0,,,,
4725,0,,,,
4727,0,,,,
4729,0,,,,
4731,0,,,,
4733,0,,,,
4735,0,,,,
4737,0,,,,
4739,0,,,,
4741,0,,,,
4743,0,,,,
4745,0,,,,
4747,0,,,,
4749,0,,,,
4751,0,,,,
4753,0,,,,
4755,0,,,,
4757,0,,,,
4759,0,,,,
4761,0,,,,
4763,0,,,,
4765,0,,,,
4767,0,,,,
4769,0,,,,
4771,0,,,,
4773,0,,,,
4775,0,,,,
4777,0,,,,
4779,0,,,,
4781,0,,,,
4783,0,,,,
4785,0,,,,
4787,0,,,,
4789,0,,,,
4791,0,,,,
4793,0,,,,
4795,0,,,,
4797,0,,,,
4799,0,,,,
4801,0,,,,
4803,0,,,,
4805,0,,,,
4807,0,,,,
4809,0,,,,
4811,0,,,,
4813,0,,,,
4815,0,,,,
4817,0,,,,
4819,0,,,,
4821,0,,,,
4823,0,,,,
4825,0,,,,
4827,0,,,,
4829,0,,,,
4831,0,,,,
4833,0,,,,
4835,0,,,,
4837,0,,,,
4839,0,,,,
4841,0,,,,
4843,0,,,,
4845,0,,,,
4847,0,,,,
4849,0,,,,
4851,0,,,,
4853,0,,,,
4855,0,,,,
4857,0,,,,
4859,0,,,,
4861,0,,,,
4863,0,,,,
4865,0,,,,
4867,0,,,,
4869,0,,,,
4871,0,,,,
4873,0,,,,
4875,0,,,,
4877,0,,,,
4879,0,,,,
4881,0,,,,
4883,0,,,,
4885,0,,,,
4887,0,,,,
4889,0,,,,
4891,0,,,,
4893,0,,,,
4895,0,,,,
4897,0,,,,
4899,0,,,,
4901,0,,,,
4903,0,,,,
4905,0,,,,
4907,0,,,,
4909,0,,,,
4911,0,,,,
4913,0,,,,
4915,0,,,,
4917,0,,,,
4919,0,,,,
4921,0,,,,
4923,0,,,,
4925,0,,,,
4927,0,,,,
4929,0,,,,
4931,0,,,,
4933,0,,,,
4935,0,,,,
4937,0,,,,
4939,0,,,,
4941,0,,,,
4943,0,,,,
4945,0,,,,
4947,0,,,,
4949,0,,,,
4951,0,,,,
4953,0,,,,
4955,0,,,,
4957,0,,,,
4959,0,,,,
4961,0,,,,
4963,0,,,,
4965,0,,,,
4967,0,,,,
4969,0,,,,
4971,0,,,,
4973,0,,,,
4975,0,,,,
4977,0,,,,
4979,0,,,,
4981,0,,,,
4983,0,,,,
4985,0,,,,
4987,0,,,,
4989,0,,,,
4991,0,,,,
4993,0,,,,
4995,0,,,,
4997,0,,,,
4999,0,,,,
5001,0,,,,
